timestamp,temp,hum
2026-03-04 21:14:27,17.50,61.50
2026-03-04 21:15:27,17.50,61.60
2026-03-04 21:16:27,17.50,61.60
2026-03-04 21:17:27,17.50,61.50
2026-03-04 21:18:27,17.60,61.40
2026-03-04 21:19:27,17.80,61.20
2026-03-04 21:20:27,17.80,61.30
2026-03-04 21:21:27,17.90,61.10
2026-03-04 21:22:27,18.00,61.30
2026-03-04 21:23:27,18.00,61.20
2026-03-04 21:24:27,18.00,60.80
2026-03-04 21:25:27,18.00,60.70
2026-03-04 21:26:27,18.00,60.90
2026-03-04 21:27:27,18.10,60.90
2026-03-04 21:28:27,18.10,60.60
2026-03-04 21:29:27,18.10,60.80
2026-03-04 21:30:27,18.10,60.80
2026-03-04 21:31:27,18.10,60.80
2026-03-04 21:32:27,18.10,60.70
2026-03-04 21:33:27,18.20,60.70
2026-03-04 21:34:27,18.20,60.60
2026-03-04 21:35:27,18.20,60.70
2026-03-04 21:36:27,18.30,60.50
2026-03-04 21:37:27,18.20,60.60
2026-03-04 21:38:27,18.30,60.40
2026-03-04 21:39:27,18.30,60.30
2026-03-04 21:40:27,18.40,60.30
2026-03-04 21:41:27,18.40,60.20
2026-03-04 21:42:27,18.40,60.20
2026-03-04 21:43:27,18.40,60.10
2026-03-04 21:44:27,18.40,60.10
2026-03-04 23:07:00,18.80,60.20
2026-03-04 23:08:00,18.80,60.20
2026-03-04 23:09:00,18.80,60.20
2026-03-04 23:10:00,18.80,60.30
2026-03-04 23:11:00,18.70,60.20
2026-03-04 23:12:00,18.80,60.00
2026-03-04 23:13:00,18.80,60.10
2026-03-04 23:14:00,18.80,60.10
2026-03-04 23:15:00,18.80,60.10
2026-03-04 23:16:00,18.80,60.10
2026-03-04 23:17:00,18.80,60.10
2026-03-04 23:18:00,18.80,60.00
2026-03-04 23:19:00,18.70,59.90
2026-03-04 23:20:00,18.80,59.80
2026-03-04 23:21:00,18.80,59.80
2026-03-04 23:22:00,18.80,59.80
2026-03-04 23:23:00,18.80,59.90
2026-03-04 23:24:00,18.90,59.80
2026-03-04 23:25:00,18.90,59.70
2026-03-04 23:26:00,18.90,59.70
2026-03-04 23:27:00,18.90,59.60
2026-03-04 23:28:00,18.90,59.60
2026-03-04 23:29:00,18.90,59.70
2026-03-04 23:30:00,18.90,59.60
2026-03-04 23:31:00,18.90,59.50
2026-03-04 23:32:00,18.90,59.60
2026-03-04 23:33:00,19.00,59.40
2026-03-04 23:34:00,18.90,59.50
2026-03-04 23:35:00,18.90,59.30
2026-03-04 23:36:00,19.00,59.40
2026-03-04 23:37:00,19.00,59.40
2026-03-04 23:38:00,19.00,59.30
2026-03-04 23:39:00,19.00,59.20
2026-03-04 23:40:00,19.00,59.20
2026-03-04 23:41:00,19.00,59.10
2026-03-04 23:42:00,19.00,59.10
2026-03-04 23:43:00,19.00,59.10
2026-03-04 23:44:00,19.00,58.90
2026-03-04 23:45:00,19.00,59.10
2026-03-04 23:46:00,19.00,58.90
2026-03-04 23:47:00,19.00,58.80
2026-03-04 23:48:00,19.00,58.90
2026-03-04 23:49:00,19.00,58.80
2026-03-04 23:50:00,19.00,58.80
2026-03-04 23:51:00,19.10,58.70
2026-03-04 23:52:00,19.10,58.60
2026-03-04 23:53:00,19.10,58.60
2026-03-04 23:54:00,19.00,58.70
2026-03-04 23:55:00,19.10,58.50
2026-03-04 23:56:00,19.10,58.40
2026-03-04 23:57:00,19.10,58.40
2026-03-04 23:58:00,19.10,58.40
2026-03-04 23:59:00,19.20,58.40
2026-03-05 00:00:00,19.20,58.40
2026-03-05 00:01:00,19.10,58.20
2026-03-05 00:02:00,19.20,58.20
2026-03-05 00:03:00,19.10,58.10
2026-03-05 00:04:00,19.20,58.40
2026-03-05 00:05:00,19.20,58.40
2026-03-05 00:06:00,19.20,58.40
2026-03-05 00:07:00,19.30,58.10
2026-03-05 00:08:00,19.30,58.10
2026-03-05 00:09:00,19.20,58.20
2026-03-05 00:10:00,19.20,58.40
2026-03-05 00:11:00,19.30,58.30
2026-03-05 00:12:00,19.30,58.40
2026-03-05 00:13:00,19.30,58.10
2026-03-05 00:14:00,19.30,58.10
2026-03-05 00:15:00,19.30,57.90
2026-03-05 00:16:00,19.20,58.10
2026-03-05 00:17:00,19.20,58.20
2026-03-05 00:18:00,19.20,58.00
2026-03-05 00:19:00,19.20,58.20
2026-03-05 00:20:00,19.20,58.10
2026-03-05 00:21:00,19.30,58.10
2026-03-05 00:22:00,19.30,58.10
2026-03-05 00:23:00,19.30,58.20
2026-03-05 00:24:00,19.30,57.90
2026-03-05 00:25:00,19.30,58.00
2026-03-05 00:26:00,19.30,58.00
2026-03-05 00:27:00,19.30,58.10
2026-03-05 00:28:00,19.30,58.30
2026-03-05 00:29:00,19.30,58.10
2026-03-05 00:30:00,19.40,58.10
2026-03-05 00:31:00,19.40,58.00
2026-03-05 00:32:00,19.40,57.90
2026-03-05 00:33:00,19.40,58.00
2026-03-05 00:34:00,19.40,58.00
2026-03-05 00:35:00,19.40,57.90
2026-03-05 00:36:00,19.40,57.70
2026-03-05 00:37:00,19.40,57.90
2026-03-05 00:38:00,19.40,57.80
2026-03-05 00:39:00,19.40,57.70
2026-03-05 00:40:00,19.40,57.80
2026-03-05 00:41:00,19.40,57.90
2026-03-05 00:42:00,19.40,57.80
2026-03-05 00:43:00,19.40,57.60
2026-03-05 00:44:00,19.40,57.80
2026-03-05 00:45:00,19.40,57.70
2026-03-05 00:46:00,19.40,57.60
2026-03-05 00:47:00,19.40,57.50
2026-03-05 00:48:00,19.40,57.50
2026-03-05 00:49:00,19.50,57.50
2026-03-05 00:50:00,19.40,57.60
2026-03-05 00:51:00,19.40,57.70
2026-03-05 00:52:00,19.50,57.70
2026-03-05 00:53:00,19.50,57.70
2026-03-05 00:54:00,19.50,57.70
2026-03-05 00:55:00,19.50,57.70
2026-03-05 00:56:00,19.40,57.50
2026-03-05 00:57:00,19.50,57.70
2026-03-05 00:58:00,19.40,57.50
2026-03-05 00:59:00,19.40,57.50
2026-03-05 01:00:00,19.40,57.30
2026-03-05 01:01:00,19.40,57.50
2026-03-05 01:02:00,19.30,56.50
2026-03-05 01:03:00,19.20,56.20
2026-03-05 01:04:00,19.00,56.40
2026-03-05 01:05:00,18.90,56.90
2026-03-05 01:06:00,18.90,57.20
2026-03-05 01:07:00,18.90,57.40
2026-03-05 01:08:00,19.00,57.50
2026-03-05 01:09:00,18.90,57.50
2026-03-05 01:10:00,18.90,57.50
2026-03-05 01:11:00,18.90,57.40
2026-03-05 01:12:00,18.90,57.40
2026-03-05 01:13:00,18.90,57.40
2026-03-05 01:14:00,18.90,57.50
2026-03-05 01:15:00,18.90,57.50
2026-03-05 01:16:00,18.80,57.40
2026-03-05 01:17:00,18.80,57.50
2026-03-05 01:18:00,18.80,57.50
2026-03-05 01:19:00,18.80,57.50
2026-03-05 01:20:00,18.80,57.60
2026-03-05 01:21:00,18.90,57.70
2026-03-05 01:22:00,18.80,57.60
2026-03-05 01:23:00,18.80,57.30
2026-03-05 01:24:00,18.80,57.50
2026-03-05 01:25:00,18.80,57.60
2026-03-05 01:26:00,18.80,57.60
2026-03-05 01:27:00,18.80,57.50
2026-03-05 01:28:00,18.70,57.70
2026-03-05 01:29:00,18.70,57.40
2026-03-05 01:30:00,18.80,57.50
2026-03-05 01:31:00,18.70,57.70
2026-03-05 01:32:00,18.80,57.50
2026-03-05 01:33:00,18.70,57.80
2026-03-05 01:34:00,18.70,57.80
2026-03-05 01:35:00,18.70,57.80
2026-03-05 01:36:00,18.70,57.50
2026-03-05 01:37:00,18.60,57.80
2026-03-05 01:38:00,18.60,57.80
2026-03-05 01:39:00,18.60,57.70
2026-03-05 01:40:00,18.60,57.90
2026-03-05 01:41:00,18.60,57.90
2026-03-05 01:42:00,18.60,58.00
2026-03-05 01:43:00,18.60,57.60
2026-03-05 01:44:00,18.70,57.30
2026-03-05 01:45:00,18.60,57.50
2026-03-05 01:46:00,18.60,57.80
2026-03-05 01:47:00,18.60,57.60
2026-03-05 01:48:00,18.60,57.40
2026-03-05 01:49:00,18.60,57.80
2026-03-05 01:50:00,18.60,58.00
2026-03-05 01:51:00,18.60,57.80
2026-03-05 01:52:00,18.60,57.90
2026-03-05 01:53:00,18.60,57.80
2026-03-05 01:54:00,18.60,57.80
2026-03-05 01:55:00,18.50,57.80
2026-03-05 01:56:00,18.50,57.80
2026-03-05 01:57:00,18.50,57.70
2026-03-05 01:58:00,18.50,57.70
2026-03-05 01:59:00,18.40,57.70
2026-03-05 02:00:00,18.40,57.80
2026-03-05 02:01:00,18.40,57.60
2026-03-05 02:02:00,18.40,57.70
2026-03-05 02:03:00,18.40,57.60
2026-03-05 02:04:00,18.40,57.60
2026-03-05 02:05:00,18.40,57.40
2026-03-05 02:06:00,18.40,57.70
2026-03-05 02:07:00,18.40,57.50
2026-03-05 02:08:00,18.50,57.70
2026-03-05 02:09:00,18.40,58.00
2026-03-05 02:10:00,18.40,57.90
2026-03-05 02:11:00,18.50,57.90
2026-03-05 02:12:00,18.50,57.60
2026-03-05 02:13:00,18.50,57.90
2026-03-05 02:14:00,18.50,57.70
2026-03-05 02:15:00,18.50,57.40
2026-03-05 02:16:00,18.50,57.40
2026-03-05 02:17:00,18.50,56.90
2026-03-05 02:18:00,18.50,56.80
2026-03-05 02:19:00,18.40,56.50
2026-03-05 02:20:00,18.50,56.60
2026-03-05 02:21:00,18.40,56.50
2026-03-05 02:22:00,18.40,56.90
2026-03-05 02:23:00,18.40,56.70
2026-03-05 02:24:00,18.30,56.60
2026-03-05 02:25:00,18.40,56.90
2026-03-05 02:26:00,18.40,56.90
2026-03-05 02:27:00,18.30,56.90
2026-03-05 02:28:00,18.30,56.80
2026-03-05 02:29:00,18.20,56.90
2026-03-05 02:30:00,18.20,57.00
2026-03-05 02:31:00,18.20,57.10
2026-03-05 02:32:00,18.20,57.00
2026-03-05 02:33:00,18.20,57.30
2026-03-05 02:34:00,18.20,57.30
2026-03-05 02:35:00,18.20,57.40
2026-03-05 02:36:00,18.20,57.20
2026-03-05 02:37:00,18.20,57.00
2026-03-05 02:38:00,18.10,57.10
2026-03-05 02:39:00,18.10,57.20
2026-03-05 02:40:00,18.10,57.50
2026-03-05 02:41:00,18.10,57.50
2026-03-05 02:42:00,18.10,57.60
2026-03-05 02:43:00,18.10,57.50
2026-03-05 02:44:00,18.10,57.70
2026-03-05 02:45:00,18.10,57.70
2026-03-05 02:46:00,18.10,57.50
2026-03-05 02:47:00,18.10,57.40
2026-03-05 02:48:00,18.10,57.70
2026-03-05 02:49:00,18.00,57.90
2026-03-05 02:50:00,18.10,58.00
2026-03-05 02:51:00,18.10,58.10
2026-03-05 02:52:00,18.10,57.90
2026-03-05 02:53:00,18.10,57.90
2026-03-05 02:54:00,18.00,57.90
2026-03-05 02:55:00,18.00,57.90
2026-03-05 02:56:00,18.00,57.80
2026-03-05 02:57:00,18.00,58.00
2026-03-05 02:58:00,18.00,57.90
2026-03-05 02:59:00,18.00,57.80
2026-03-05 03:00:00,18.00,58.10
2026-03-05 03:01:00,18.00,58.20
2026-03-05 03:02:00,18.00,58.50
2026-03-05 03:03:00,18.00,58.40
2026-03-05 03:04:00,18.00,58.50
2026-03-05 03:05:00,18.00,58.40
2026-03-05 03:06:00,18.00,58.20
2026-03-05 03:07:00,18.00,58.30
2026-03-05 03:08:00,17.90,58.20
2026-03-05 03:09:00,17.90,58.30
2026-03-05 03:10:00,18.00,58.40
2026-03-05 03:11:00,17.90,58.20
2026-03-05 03:12:00,17.90,58.40
2026-03-05 03:13:00,17.90,58.90
2026-03-05 03:14:00,17.90,58.60
2026-03-05 03:15:00,17.90,58.60
2026-03-05 03:16:00,17.90,58.40
2026-03-05 03:17:00,17.90,58.50
2026-03-05 03:18:00,17.90,58.40
2026-03-05 03:19:00,17.90,58.50
2026-03-05 03:20:00,17.90,58.60
2026-03-05 03:21:00,17.90,58.70
2026-03-05 03:22:00,17.90,58.70
2026-03-05 03:23:00,17.80,58.50
2026-03-05 03:24:00,17.90,58.50
2026-03-05 03:25:00,17.90,58.60
2026-03-05 03:26:00,17.80,58.60
2026-03-05 03:27:00,17.90,58.40
2026-03-05 03:28:00,17.80,58.60
2026-03-05 03:29:00,17.80,58.60
2026-03-05 03:30:00,17.80,58.80
2026-03-05 03:31:00,17.80,59.00
2026-03-05 03:32:00,17.90,58.90
2026-03-05 03:33:00,17.80,58.90
2026-03-05 03:34:00,17.80,58.90
2026-03-05 03:35:00,17.80,58.90
2026-03-05 03:36:00,17.80,59.00
2026-03-05 03:37:00,17.80,59.20
2026-03-05 03:38:00,17.80,59.40
2026-03-05 03:39:00,17.80,59.20
2026-03-05 03:40:00,17.80,59.10
2026-03-05 03:41:00,17.90,59.00
2026-03-05 03:42:00,17.80,58.90
2026-03-05 03:43:00,17.80,59.00
2026-03-05 03:44:00,17.80,59.20
2026-03-05 03:45:00,17.80,58.80
2026-03-05 03:46:00,17.80,58.90
2026-03-05 03:47:00,17.80,59.20
2026-03-05 03:48:00,17.80,58.90
2026-03-05 03:49:00,17.80,58.70
2026-03-05 03:50:00,17.80,58.90
2026-03-05 03:51:00,17.70,59.10
2026-03-05 03:52:00,17.80,59.10
2026-03-05 03:53:00,17.70,59.30
2026-03-05 03:54:00,17.70,59.20
2026-03-05 03:55:00,17.70,59.30
2026-03-05 03:56:00,17.70,59.30
2026-03-05 03:57:00,17.80,59.20
2026-03-05 03:58:00,17.70,59.20
2026-03-05 03:59:00,17.80,59.20
2026-03-05 04:00:00,17.70,59.40
2026-03-05 04:01:00,17.80,59.20
2026-03-05 04:02:00,17.80,59.10
2026-03-05 04:03:00,17.70,59.50
2026-03-05 04:04:00,17.70,59.40
2026-03-05 04:05:00,17.70,59.40
2026-03-05 04:06:00,17.70,59.50
2026-03-05 04:07:00,17.70,59.60
2026-03-05 04:08:00,17.70,59.90
2026-03-05 04:09:00,17.70,59.90
2026-03-05 04:10:00,17.70,59.70
2026-03-05 04:11:00,17.70,59.70
2026-03-05 04:12:00,17.70,59.80
2026-03-05 04:13:00,17.70,59.80
2026-03-05 04:14:00,17.70,59.80
2026-03-05 04:15:00,17.70,59.90
2026-03-05 04:16:00,17.70,59.90
2026-03-05 04:17:00,17.60,60.00
2026-03-05 04:18:00,17.70,60.00
2026-03-05 04:19:00,17.60,59.80
2026-03-05 04:20:00,17.60,59.80
2026-03-05 04:21:00,17.60,60.10
2026-03-05 04:22:00,17.60,60.40
2026-03-05 04:23:00,17.70,60.30
2026-03-05 04:24:00,17.60,60.30
2026-03-05 04:25:00,17.60,60.10
2026-03-05 04:26:00,17.60,60.20
2026-03-05 04:27:00,17.60,60.30
2026-03-05 04:28:00,17.60,60.40
2026-03-05 04:29:00,17.70,60.50
2026-03-05 04:30:00,17.70,60.30
2026-03-05 04:31:00,17.70,60.30
2026-03-05 04:32:00,17.70,60.40
2026-03-05 04:33:00,17.70,60.50
2026-03-05 04:34:00,17.60,60.60
2026-03-05 04:35:00,17.60,60.80
2026-03-05 04:36:00,17.60,60.50
2026-03-05 04:37:00,17.60,60.50
2026-03-05 04:38:00,17.60,60.60
2026-03-05 04:39:00,17.60,60.60
2026-03-05 04:40:00,17.60,60.80
2026-03-05 04:41:00,17.60,60.50
2026-03-05 04:42:00,17.60,60.60
2026-03-05 04:43:00,17.60,61.00
2026-03-05 04:44:00,17.60,60.80
2026-03-05 04:45:00,17.60,60.80
2026-03-05 04:46:00,17.60,60.90
2026-03-05 04:47:00,17.60,60.90
2026-03-05 04:48:00,17.60,61.00
2026-03-05 04:49:00,17.60,60.80
2026-03-05 04:50:00,17.60,60.80
2026-03-05 04:51:00,17.60,60.80
2026-03-05 04:52:00,17.60,60.70
2026-03-05 04:53:00,17.60,61.10
2026-03-05 04:54:00,17.60,61.00
2026-03-05 04:55:00,17.60,60.90
2026-03-05 04:56:00,17.60,60.90
2026-03-05 04:57:00,17.60,60.70
2026-03-05 04:58:00,17.60,60.60
2026-03-05 04:59:00,17.60,60.70
2026-03-05 05:00:00,17.60,60.70
2026-03-05 05:01:00,17.60,60.70
2026-03-05 05:02:00,17.60,60.60
2026-03-05 05:03:00,17.60,60.80
2026-03-05 05:04:00,17.60,60.80
2026-03-05 05:05:00,17.60,60.70
2026-03-05 05:06:00,17.60,60.80
2026-03-05 05:07:00,17.60,60.70
2026-03-05 05:08:00,17.60,60.50
2026-03-05 05:09:00,17.50,60.90
2026-03-05 05:10:00,17.50,60.90
2026-03-05 05:11:00,17.60,61.10
2026-03-05 05:12:00,17.60,61.30
2026-03-05 05:13:00,17.60,61.50
2026-03-05 05:14:00,17.70,61.40
2026-03-05 05:15:00,17.70,61.00
2026-03-05 05:16:00,17.70,60.50
2026-03-05 05:17:00,17.60,60.80
2026-03-05 05:18:00,17.70,60.80
2026-03-05 05:19:00,17.70,60.50
2026-03-05 05:20:00,17.70,60.90
2026-03-05 05:21:00,17.70,61.00
2026-03-05 05:22:00,17.70,61.30
2026-03-05 05:23:00,17.70,60.90
2026-03-05 05:24:00,17.80,60.60
2026-03-05 05:25:00,17.80,61.10
2026-03-05 05:26:00,17.80,60.50
2026-03-05 05:27:00,17.70,60.30
2026-03-05 05:28:00,17.80,60.00
2026-03-05 05:29:00,17.70,60.50
2026-03-05 05:30:00,17.80,60.70
2026-03-05 05:31:00,17.70,60.70
2026-03-05 05:32:00,17.80,60.70
2026-03-05 05:33:00,17.70,60.40
2026-03-05 05:34:00,17.80,59.90
2026-03-05 05:35:00,17.80,59.70
2026-03-05 05:36:00,17.70,59.60
2026-03-05 05:37:00,17.70,59.50
2026-03-05 05:38:00,17.70,59.90
2026-03-05 05:39:00,17.70,59.50
2026-03-05 05:40:00,17.60,59.50
2026-03-05 05:41:00,17.60,59.50
2026-03-05 05:42:00,17.60,59.60
2026-03-05 05:43:00,17.60,59.60
2026-03-05 05:44:00,17.60,59.70
2026-03-05 05:45:00,17.60,59.90
2026-03-05 05:46:00,17.60,59.80
2026-03-05 05:47:00,17.60,59.90
2026-03-05 05:48:00,17.50,60.00
2026-03-05 05:49:00,17.50,59.90
2026-03-05 05:50:00,17.50,59.90
2026-03-05 05:51:00,17.50,60.10
2026-03-05 05:52:00,17.50,60.10
2026-03-05 05:53:00,17.50,60.10
2026-03-05 05:54:00,17.60,59.80
2026-03-05 05:55:00,17.50,59.90
2026-03-05 05:56:00,17.50,60.00
2026-03-05 05:57:00,17.50,60.20
2026-03-05 05:58:00,17.50,60.20
2026-03-05 05:59:00,17.50,60.10
2026-03-05 06:00:00,17.60,60.00
2026-03-05 06:01:00,17.50,60.10
2026-03-05 06:02:00,17.50,60.40
2026-03-05 06:03:00,17.50,60.50
2026-03-05 06:04:00,17.60,60.30
2026-03-05 06:05:00,17.50,60.10
2026-03-05 06:06:00,17.50,60.00
2026-03-05 06:07:00,17.50,59.80
2026-03-05 06:08:00,17.50,59.80
2026-03-05 06:09:00,17.50,59.70
2026-03-05 06:10:00,17.50,59.70
2026-03-05 06:11:00,17.50,59.80
2026-03-05 06:12:00,17.50,60.00
2026-03-05 06:13:00,17.50,59.90
2026-03-05 06:14:00,17.50,59.90
2026-03-05 06:15:00,17.40,59.90
2026-03-05 06:16:00,17.50,60.10
2026-03-05 06:17:00,17.50,60.00
2026-03-05 06:18:00,17.50,60.10
2026-03-05 06:19:00,17.50,60.30
2026-03-05 06:20:00,17.50,60.00
2026-03-05 06:21:00,17.50,59.90
2026-03-05 06:22:00,17.50,60.10
2026-03-05 06:23:00,17.50,60.40
2026-03-05 06:24:00,17.50,60.20
2026-03-05 06:25:00,17.50,60.00
2026-03-05 06:26:00,17.50,59.80
2026-03-05 06:27:00,17.50,59.70
2026-03-05 06:28:00,17.50,60.10
2026-03-05 06:29:00,17.50,60.00
2026-03-05 06:30:00,17.50,59.90
2026-03-05 06:31:00,17.50,60.10
2026-03-05 06:32:00,17.50,60.10
2026-03-05 06:33:00,17.50,59.90
2026-03-05 06:34:00,17.40,59.70
2026-03-05 06:35:00,17.40,59.60
2026-03-05 06:36:00,17.50,59.70
2026-03-05 06:37:00,17.50,60.10
2026-03-05 06:38:00,17.40,60.10
2026-03-05 06:39:00,17.50,59.90
2026-03-05 06:40:00,17.40,60.00
2026-03-05 06:41:00,17.40,60.00
2026-03-05 06:42:00,17.40,59.90
2026-03-05 06:43:00,17.40,59.80
2026-03-05 06:44:00,17.40,59.90
2026-03-05 06:45:00,17.40,60.00
2026-03-05 06:46:00,17.40,60.10
2026-03-05 06:47:00,17.50,59.90
2026-03-05 06:48:00,17.40,60.10
2026-03-05 06:49:00,17.40,60.10
2026-03-05 06:50:00,17.50,60.40
2026-03-05 06:51:00,17.50,60.40
2026-03-05 06:52:00,17.50,60.60
2026-03-05 06:53:00,17.50,60.30
2026-03-05 06:54:00,17.60,60.00
2026-03-05 06:55:00,17.60,59.50
2026-03-05 06:56:00,17.50,59.40
2026-03-05 06:57:00,17.50,59.30
2026-03-05 06:58:00,17.50,59.60
2026-03-05 06:59:00,17.50,59.60
2026-03-05 07:00:00,17.50,59.50
2026-03-05 07:01:00,17.50,59.90
2026-03-05 07:02:00,17.50,60.10
2026-03-05 07:03:00,17.50,59.90
2026-03-05 07:04:00,17.50,59.50
2026-03-05 07:05:00,17.50,59.40
2026-03-05 07:06:00,17.50,59.20
2026-03-05 07:07:00,17.50,59.50
2026-03-05 07:08:00,17.50,59.40
2026-03-05 07:09:00,17.50,59.10
2026-03-05 07:10:00,17.50,59.10
2026-03-05 07:11:00,17.40,59.10
2026-03-05 07:12:00,17.40,59.00
2026-03-05 07:13:00,17.40,59.20
2026-03-05 07:14:00,17.40,59.50
2026-03-05 07:15:00,17.40,59.40
2026-03-05 07:16:00,17.50,59.90
2026-03-05 07:17:00,17.50,60.50
2026-03-05 07:18:00,17.50,60.50
2026-03-05 07:19:00,17.60,60.20
2026-03-05 07:20:00,17.60,60.00
2026-03-05 07:21:00,17.60,59.80
2026-03-05 07:22:00,17.60,59.50
2026-03-05 07:23:00,17.60,59.60
2026-03-05 07:24:00,17.60,59.60
2026-03-05 07:25:00,17.60,59.00
2026-03-05 07:26:00,17.60,58.90
2026-03-05 07:27:00,17.60,59.20
2026-03-05 07:28:00,17.60,59.60
2026-03-05 07:29:00,17.70,59.90
2026-03-05 07:30:00,17.70,60.10
2026-03-05 07:31:00,17.70,59.80
2026-03-05 07:32:00,17.70,60.20
2026-03-05 07:33:00,17.80,60.40
2026-03-05 07:34:00,17.80,60.90
2026-03-05 07:35:00,17.80,61.10
2026-03-05 07:36:00,17.80,59.50
2026-03-05 07:37:00,17.80,58.30
2026-03-05 07:38:00,17.60,58.50
2026-03-05 07:39:00,17.60,58.60
2026-03-05 07:40:00,17.60,58.20
2026-03-05 07:41:00,17.60,58.70
2026-03-05 07:42:00,17.70,59.00
2026-03-05 07:43:00,17.70,59.00
2026-03-05 07:44:00,17.70,59.00
2026-03-05 07:45:00,17.70,58.80
2026-03-05 07:46:00,17.70,58.60
2026-03-05 07:47:00,17.70,58.50
2026-03-05 07:48:00,17.60,57.70
2026-03-05 07:49:00,17.60,57.90
2026-03-05 07:50:00,17.60,58.30
2026-03-05 07:51:00,17.60,58.30
2026-03-05 07:52:00,17.60,57.90
2026-03-05 07:53:00,17.60,57.60
2026-03-05 07:54:00,17.60,57.80
2026-03-05 07:55:00,17.60,57.80
2026-03-05 07:56:00,17.50,57.90
2026-03-05 07:57:00,17.50,58.00
2026-03-05 07:58:00,17.50,58.00
2026-03-05 07:59:00,17.50,58.10
2026-03-05 08:00:00,17.40,58.10
2026-03-05 08:01:00,17.40,58.30
2026-03-05 08:02:00,17.40,58.30
2026-03-05 08:03:00,17.40,58.60
2026-03-05 08:04:00,17.40,58.70
2026-03-05 08:05:00,17.40,58.40
2026-03-05 08:06:00,17.40,58.40
2026-03-05 08:07:00,17.40,58.50
2026-03-05 08:08:00,17.40,58.50
2026-03-05 08:09:00,17.40,58.50
2026-03-05 08:10:00,17.50,58.60
2026-03-05 08:11:00,17.50,58.60
2026-03-05 08:12:00,17.50,58.70
2026-03-05 08:13:00,17.50,58.90
2026-03-05 08:14:00,17.50,59.00
2026-03-05 08:15:00,17.50,59.10
2026-03-05 08:16:00,17.50,59.20
2026-03-05 08:17:00,17.60,58.80
2026-03-05 08:18:00,17.50,59.10
2026-03-05 08:19:00,17.60,59.00
2026-03-05 08:20:00,17.60,59.00
2026-03-05 08:21:00,17.60,59.00
2026-03-05 08:22:00,17.60,59.00
2026-03-05 08:23:00,17.60,59.00
2026-03-05 08:24:00,17.60,59.00
2026-03-05 08:25:00,17.60,59.00
2026-03-05 08:26:00,17.60,59.00
2026-03-05 08:27:00,17.60,59.00
2026-03-05 08:28:00,17.60,59.00
2026-03-05 08:29:00,17.60,59.00
2026-03-05 08:30:00,17.60,59.00
2026-03-05 08:31:00,17.60,58.80
2026-03-05 08:32:00,17.50,58.90
2026-03-05 08:33:00,17.50,58.90
2026-03-05 08:34:00,17.50,58.90
2026-03-05 08:35:00,17.50,59.10
2026-03-05 08:36:00,17.50,59.10
2026-03-05 08:37:00,17.60,59.00
2026-03-05 08:38:00,17.50,59.10
2026-03-05 08:39:00,17.50,59.10
2026-03-05 08:40:00,17.50,59.10
2026-03-05 08:41:00,17.40,59.10
2026-03-05 08:42:00,17.50,59.00
2026-03-05 08:43:00,17.40,59.10
2026-03-05 08:44:00,17.40,59.20
2026-03-05 08:45:00,17.40,59.10
2026-03-05 08:46:00,17.40,59.10
2026-03-05 08:47:00,17.50,59.30
2026-03-05 08:48:00,17.50,59.50
2026-03-05 08:49:00,17.50,59.10
2026-03-05 08:50:00,17.40,59.30
2026-03-05 08:51:00,17.40,59.30
2026-03-05 08:52:00,17.50,59.50
2026-03-05 08:53:00,17.40,59.30
2026-03-05 08:54:00,17.40,59.20
2026-03-05 08:55:00,17.40,59.30
2026-03-05 08:56:00,17.40,59.30
2026-03-05 08:57:00,17.40,59.20
2026-03-05 08:58:00,17.30,59.10
2026-03-05 08:59:00,17.30,59.20
2026-03-05 09:00:00,17.30,59.30
2026-03-05 09:01:00,17.30,59.30
2026-03-05 09:02:00,17.30,59.40
2026-03-05 09:03:00,17.30,59.50
2026-03-05 09:04:00,17.40,59.30
2026-03-05 09:05:00,17.40,59.30
2026-03-05 09:06:00,17.40,59.30
2026-03-05 09:07:00,17.50,59.30
2026-03-05 09:08:00,17.40,59.30
2026-03-05 09:09:00,17.40,59.40
2026-03-05 09:10:00,17.50,59.30
2026-03-05 09:11:00,17.40,59.10
2026-03-05 09:12:00,17.40,59.10
2026-03-05 09:13:00,17.30,59.20
2026-03-05 09:14:00,17.30,59.30
2026-03-05 09:15:00,17.30,59.40
2026-03-05 09:16:00,17.40,59.40
2026-03-05 09:17:00,17.40,59.20
2026-03-05 09:18:00,17.40,59.20
2026-03-05 09:19:00,17.40,59.30
2026-03-05 09:20:00,17.40,59.30
2026-03-05 09:21:00,17.40,59.30
2026-03-05 09:22:00,17.40,59.40
2026-03-05 09:23:00,17.40,59.30
2026-03-05 09:24:00,17.40,59.30
2026-03-05 09:25:00,17.50,59.30
2026-03-05 09:26:00,17.50,59.30
2026-03-05 09:27:00,17.50,59.30
2026-03-05 09:28:00,17.50,59.30
2026-03-05 09:29:00,17.50,59.30
2026-03-05 09:30:00,17.50,59.10
2026-03-05 09:31:00,17.50,59.10
2026-03-05 09:32:00,17.50,59.50
2026-03-05 09:33:00,17.50,59.10
2026-03-05 09:34:00,17.50,59.30
2026-03-05 09:35:00,17.50,59.20
2026-03-05 09:36:00,17.50,59.10
2026-03-05 09:37:00,17.50,59.10
2026-03-05 09:38:00,17.50,59.10
2026-03-05 09:39:00,17.50,59.20
2026-03-05 09:40:00,17.50,59.20
2026-03-05 09:41:00,17.50,59.30
2026-03-05 09:42:00,17.50,59.30
2026-03-05 09:43:00,17.50,59.20
2026-03-05 09:44:00,17.50,59.20
2026-03-05 09:45:00,17.60,59.10
2026-03-05 09:46:00,17.60,59.10
2026-03-05 09:47:00,17.50,59.30
2026-03-05 09:48:00,17.60,59.20
2026-03-05 09:49:00,17.60,59.20
2026-03-05 09:50:00,17.60,59.20
2026-03-05 09:51:00,17.60,59.00
2026-03-05 09:52:00,17.60,59.20
2026-03-05 09:53:00,17.60,59.20
2026-03-05 09:54:00,17.60,59.10
2026-03-05 09:55:00,17.60,59.10
2026-03-05 09:56:00,17.60,59.10
2026-03-05 09:57:00,17.60,59.00
2026-03-05 09:58:00,17.60,59.10
2026-03-05 09:59:00,17.60,59.20
2026-03-05 10:00:00,17.60,59.20
2026-03-05 10:01:00,17.60,59.10
2026-03-05 10:02:00,17.60,59.20
2026-03-05 10:03:00,17.60,59.10
2026-03-05 10:04:00,17.60,59.10
2026-03-05 10:05:00,17.60,59.20
2026-03-05 10:06:00,17.60,59.20
2026-03-05 10:07:00,17.60,59.20
2026-03-05 10:08:00,17.60,59.20
2026-03-05 10:09:00,17.60,59.20
2026-03-05 10:10:00,17.60,59.20
2026-03-05 10:11:00,17.60,59.30
2026-03-05 10:12:00,17.60,59.30
2026-03-05 10:13:00,17.60,59.30
2026-03-05 10:14:00,17.60,59.20
2026-03-05 10:15:00,17.60,59.30
2026-03-05 10:16:00,17.60,59.50
2026-03-05 10:17:00,17.60,59.40
2026-03-05 10:18:00,17.70,59.50
2026-03-05 10:19:00,17.60,59.30
2026-03-05 10:20:00,17.70,59.70
2026-03-05 10:21:00,17.60,59.20
2026-03-05 10:22:00,17.60,59.20
2026-03-05 10:23:00,17.70,59.50
2026-03-05 10:24:00,17.60,59.50
2026-03-05 10:25:00,17.60,59.30
2026-03-05 10:26:00,17.60,59.20
2026-03-05 10:27:00,17.60,59.40
2026-03-05 10:28:00,17.60,59.40
2026-03-05 10:29:00,17.70,59.40
2026-03-05 10:30:00,17.70,59.30
2026-03-05 10:31:00,17.70,59.20
2026-03-05 10:32:00,17.70,59.20
2026-03-05 10:33:00,17.70,59.20
2026-03-05 10:34:00,17.70,59.30
2026-03-05 10:35:00,17.70,59.20
2026-03-05 10:36:00,17.70,59.20
2026-03-05 10:37:00,17.70,59.30
2026-03-05 10:38:00,17.70,59.30
2026-03-05 10:39:00,17.80,59.20
2026-03-05 10:40:00,17.60,59.30
2026-03-05 10:41:00,17.60,59.50
2026-03-05 10:42:00,17.70,59.30
2026-03-05 10:43:00,17.60,59.40
2026-03-05 10:44:00,17.60,59.40
2026-03-05 10:45:00,17.70,59.50
2026-03-05 10:46:00,17.70,59.20
2026-03-05 10:47:00,17.70,59.40
2026-03-05 10:48:00,17.70,59.30
2026-03-05 10:49:00,17.70,59.20
2026-03-05 10:50:00,17.70,59.20
2026-03-05 10:51:00,17.70,59.40
2026-03-05 10:52:00,17.70,59.50
2026-03-05 10:53:00,17.70,59.60
2026-03-05 10:54:00,17.70,59.70
2026-03-05 10:55:00,17.70,59.70
2026-03-05 10:56:00,17.70,59.70
2026-03-05 10:57:00,17.70,59.70
2026-03-05 10:58:00,17.70,59.70
2026-03-05 10:59:00,17.80,59.60
2026-03-05 11:00:00,17.80,59.50
2026-03-05 11:01:00,17.80,59.50
2026-03-05 11:02:00,17.80,59.50
2026-03-05 11:03:00,17.80,59.60
2026-03-05 11:04:00,17.80,59.50
2026-03-05 11:05:00,17.80,59.30
2026-03-05 11:06:00,17.80,59.40
2026-03-05 11:07:00,17.80,59.30
2026-03-05 11:08:00,17.80,59.30
2026-03-05 11:09:00,17.80,59.20
2026-03-05 11:10:00,17.80,59.30
2026-03-05 11:11:00,17.80,59.30
2026-03-05 11:12:00,17.80,59.30
2026-03-05 11:13:00,17.80,59.40
2026-03-05 11:14:00,17.80,59.30
2026-03-05 11:15:00,17.90,59.30
2026-03-05 11:16:00,17.80,59.30
2026-03-05 11:17:00,17.90,59.40
2026-03-05 11:18:00,17.80,59.30
2026-03-05 11:19:00,17.90,59.40
2026-03-05 11:20:00,17.90,59.20
2026-03-05 11:21:00,17.90,59.20
2026-03-05 11:22:00,17.90,59.00
2026-03-05 11:23:00,17.90,59.10
2026-03-05 11:24:00,17.90,58.70
2026-03-05 11:25:00,17.90,58.90
2026-03-05 11:26:00,17.90,58.90
2026-03-05 11:27:00,17.90,59.00
2026-03-05 11:28:00,17.90,59.10
2026-03-05 11:29:00,17.90,59.10
2026-03-05 11:30:00,17.90,59.20
2026-03-05 11:31:00,17.90,58.90
2026-03-05 11:32:00,17.90,59.00
2026-03-05 11:33:00,17.90,59.00
2026-03-05 11:34:00,17.90,58.90
2026-03-05 11:35:00,17.90,59.10
2026-03-05 11:36:00,17.90,59.00
2026-03-05 11:37:00,17.90,58.90
2026-03-05 11:38:00,17.90,59.20
2026-03-05 11:39:00,17.90,59.60
2026-03-05 11:40:00,17.90,59.20
2026-03-05 11:41:00,17.80,58.90
2026-03-05 11:42:00,17.80,58.60
2026-03-05 11:43:00,17.80,58.60
2026-03-05 11:44:00,17.80,57.20
2026-03-05 11:45:00,17.80,57.00
2026-03-05 11:46:00,17.80,57.00
2026-03-05 11:47:00,17.90,57.20
2026-03-05 11:48:00,17.90,57.30
2026-03-05 11:49:00,17.90,57.40
2026-03-05 11:50:00,17.80,57.30
2026-03-05 11:51:00,17.90,57.20
2026-03-05 11:52:00,17.90,57.20
2026-03-05 11:53:00,17.90,57.10
2026-03-05 11:54:00,17.90,57.20
2026-03-05 11:55:00,17.90,57.20
2026-03-05 11:56:00,17.90,57.00
2026-03-05 11:57:00,17.90,57.20
2026-03-05 11:58:00,17.90,57.00
2026-03-05 11:59:00,17.90,56.70
2026-03-05 12:00:00,17.90,56.70
2026-03-05 12:01:00,17.90,56.70
2026-03-05 12:02:00,18.00,56.60
2026-03-05 12:03:00,18.00,56.20
2026-03-05 12:04:00,18.00,56.20
2026-03-05 12:05:00,18.00,56.20
2026-03-05 12:06:00,18.00,56.10
2026-03-05 12:07:00,18.00,56.10
2026-03-05 12:08:00,18.00,56.30
2026-03-05 12:09:00,18.00,55.60
2026-03-05 12:10:00,18.00,56.00
2026-03-05 12:11:00,18.00,56.20
2026-03-05 12:12:00,18.00,56.40
2026-03-05 12:13:00,18.00,56.60
2026-03-05 12:14:00,18.00,56.70
2026-03-05 12:15:00,18.00,56.40
2026-03-05 12:16:00,18.00,56.80
2026-03-05 12:17:00,18.00,56.90
2026-03-05 12:18:00,18.00,56.50
2026-03-05 12:19:00,18.00,55.60
2026-03-05 12:20:00,18.00,55.60
2026-03-05 12:21:00,18.00,55.60
2026-03-05 12:22:00,18.00,55.20
2026-03-05 12:23:00,18.00,53.40
2026-03-05 12:24:00,18.00,53.30
2026-03-05 12:25:00,18.00,53.60
2026-03-05 12:26:00,18.00,53.60
2026-03-05 12:27:00,18.00,54.30
2026-03-05 12:28:00,18.00,54.90
2026-03-05 12:29:00,18.00,55.00
2026-03-05 12:30:00,18.00,55.00
2026-03-05 12:31:00,18.00,54.90
2026-03-05 12:32:00,18.00,55.00
2026-03-05 12:33:00,18.00,55.00
2026-03-05 12:34:00,17.90,54.10
2026-03-05 12:35:00,18.00,53.80
2026-03-05 12:36:00,17.90,53.50
2026-03-05 12:37:00,17.90,53.20
2026-03-05 12:38:00,17.90,52.60
2026-03-05 12:39:00,17.90,52.70
2026-03-05 12:40:00,18.00,52.90
2026-03-05 12:41:00,18.00,53.00
2026-03-05 12:42:00,17.90,52.00
2026-03-05 12:43:00,17.90,51.90
2026-03-05 12:44:00,17.90,52.00
2026-03-05 12:45:00,17.90,52.50
2026-03-05 12:46:00,17.90,53.60
2026-03-05 12:47:00,17.90,53.80
2026-03-05 12:48:00,17.90,53.70
2026-03-05 12:49:00,17.90,53.50
2026-03-05 12:50:00,17.90,53.80
2026-03-05 12:51:00,17.90,54.50
2026-03-05 12:52:00,17.80,56.10
2026-03-05 12:53:00,17.80,56.60
2026-03-05 12:54:00,17.70,57.00
2026-03-05 12:55:00,17.70,56.90
2026-03-05 12:56:00,17.70,56.70
2026-03-05 12:57:00,17.80,56.60
2026-03-05 12:58:00,17.80,56.60
2026-03-05 12:59:00,17.80,56.60
2026-03-05 13:00:00,17.80,56.60
2026-03-05 13:01:00,17.90,56.50
2026-03-05 13:02:00,17.90,56.50
2026-03-05 13:03:00,17.90,56.60
2026-03-05 13:04:00,17.90,56.50
2026-03-05 13:05:00,17.90,56.60
2026-03-05 13:06:00,17.90,56.60
2026-03-05 13:07:00,18.00,56.40
2026-03-05 13:08:00,17.90,55.50
2026-03-05 13:09:00,17.90,55.30
2026-03-05 13:10:00,17.80,54.60
2026-03-05 13:11:00,17.80,53.90
2026-03-05 13:12:00,17.80,53.80
2026-03-05 13:13:00,17.80,53.50
2026-03-05 13:14:00,17.80,53.10
2026-03-05 13:15:00,17.80,52.90
2026-03-05 13:16:00,17.70,53.20
2026-03-05 13:17:00,17.80,53.10
2026-03-05 13:18:00,17.80,53.50
2026-03-05 13:19:00,17.80,53.90
2026-03-05 13:20:00,17.90,54.20
2026-03-05 13:21:00,17.90,54.50
2026-03-05 13:22:00,17.90,54.70
2026-03-05 13:23:00,17.90,54.80
2026-03-05 13:24:00,18.00,54.60
2026-03-05 13:25:00,17.90,54.70
2026-03-05 13:26:00,18.00,54.70
2026-03-05 13:27:00,18.00,54.70
2026-03-05 13:28:00,18.00,54.70
2026-03-05 13:29:00,18.00,54.70
2026-03-05 13:30:00,18.00,54.60
2026-03-05 13:31:00,18.00,53.90
2026-03-05 13:32:00,18.00,53.50
2026-03-05 13:33:00,17.90,52.60
2026-03-05 13:34:00,18.00,52.70
2026-03-05 13:35:00,18.00,52.80
2026-03-05 13:36:00,18.00,53.30
2026-03-05 13:37:00,18.00,53.80
2026-03-05 13:38:00,18.00,54.00
2026-03-05 13:39:00,18.00,54.30
2026-03-05 13:40:00,18.00,54.60
2026-03-05 13:41:00,18.00,54.70
2026-03-05 13:42:00,18.00,54.70
2026-03-05 13:43:00,18.10,54.70
2026-03-05 13:44:00,18.00,54.80
2026-03-05 13:45:00,18.10,54.80
2026-03-05 13:46:00,18.10,54.10
2026-03-05 13:47:00,18.10,53.80
2026-03-05 13:48:00,18.10,53.60
2026-03-05 13:49:00,18.10,53.50
2026-03-05 13:50:00,18.10,52.60
2026-03-05 13:51:00,18.10,52.90
2026-03-05 13:52:00,18.10,53.30
2026-03-05 13:53:00,18.10,53.50
2026-03-05 13:54:00,18.10,53.80
2026-03-05 13:55:00,18.10,53.70
2026-03-05 13:56:00,18.10,53.50
2026-03-05 13:57:00,18.10,52.50
2026-03-05 13:58:00,18.10,51.30
2026-03-05 13:59:00,18.10,51.00
2026-03-05 14:00:00,18.10,51.30
2026-03-05 14:01:00,18.10,51.30
2026-03-05 14:02:00,18.10,50.80
2026-03-05 14:03:00,18.00,51.50
2026-03-05 14:04:00,18.00,52.60
2026-03-05 14:05:00,18.00,52.30
2026-03-05 14:06:00,18.00,52.40
2026-03-05 14:07:00,18.00,52.00
2026-03-05 14:08:00,18.10,51.60
2026-03-05 14:09:00,18.10,51.80
2026-03-05 14:10:00,18.00,52.40
2026-03-05 14:11:00,18.00,52.40
2026-03-05 14:12:00,18.10,52.30
2026-03-05 14:13:00,18.10,51.60
2026-03-05 14:14:00,18.20,51.90
2026-03-05 14:15:00,18.40,51.60
2026-03-05 14:16:00,18.80,50.90
2026-03-05 14:17:00,19.00,50.40
2026-03-05 14:18:00,19.30,49.90
2026-03-05 14:19:00,19.60,49.30
2026-03-05 14:20:00,19.60,49.20
2026-03-05 14:21:00,19.70,48.90
2026-03-05 14:22:00,19.90,48.30
2026-03-05 14:23:00,20.10,47.90
2026-03-05 14:24:00,20.00,47.50
2026-03-05 14:25:00,20.00,47.80
2026-03-05 14:26:00,20.10,47.40
2026-03-05 14:27:00,20.00,47.80
2026-03-05 14:28:00,19.80,48.20
2026-03-05 14:29:00,19.50,48.70
2026-03-05 14:30:00,19.30,48.90
2026-03-05 14:31:00,19.20,49.70
2026-03-05 14:32:00,19.00,50.10
2026-03-05 14:33:00,19.00,50.20
2026-03-05 14:34:00,18.90,50.50
2026-03-05 14:35:00,18.90,50.80
2026-03-05 14:36:00,18.80,51.00
2026-03-05 14:37:00,18.80,51.00
2026-03-05 14:38:00,18.70,50.80
2026-03-05 14:39:00,18.70,50.00
2026-03-05 14:40:00,18.70,50.40
2026-03-05 14:41:00,18.70,50.40
2026-03-05 14:42:00,18.70,50.70
2026-03-05 14:43:00,18.70,51.10
2026-03-05 14:44:00,18.60,51.20
2026-03-05 14:45:00,18.60,51.10
2026-03-05 14:46:00,18.60,51.10
2026-03-05 14:47:00,18.60,51.30
2026-03-05 14:48:00,18.60,51.40
2026-03-05 14:49:00,18.60,51.50
2026-03-05 14:50:00,18.60,51.60
2026-03-05 14:51:00,18.60,51.70
2026-03-05 14:52:00,18.60,51.80
2026-03-05 14:53:00,18.60,51.80
2026-03-05 14:54:00,18.60,52.00
2026-03-05 14:55:00,18.60,52.00
2026-03-05 14:56:00,18.50,52.00
2026-03-05 14:57:00,18.60,51.80
2026-03-05 14:58:00,18.50,52.20
2026-03-05 14:59:00,18.50,52.30
2026-03-05 15:00:00,18.60,52.30
2026-03-05 15:01:00,18.50,52.40
2026-03-05 15:02:00,18.50,52.50
2026-03-05 15:03:00,18.50,52.60
2026-03-05 15:04:00,18.50,52.60
2026-03-05 15:05:00,18.50,51.60
2026-03-05 15:06:00,18.40,50.80
2026-03-05 15:07:00,18.40,50.50
2026-03-05 15:08:00,18.40,50.70
2026-03-05 15:09:00,18.30,50.80
2026-03-05 15:10:00,18.40,50.90
2026-03-05 15:11:00,18.30,51.10
2026-03-05 15:12:00,18.30,51.30
2026-03-05 15:13:00,18.30,51.40
2026-03-05 15:14:00,18.20,51.60
2026-03-05 15:15:00,18.30,51.60
2026-03-05 15:16:00,18.30,51.70
2026-03-05 15:17:00,18.30,51.80
2026-03-05 15:18:00,18.30,51.90
2026-03-05 15:19:00,18.40,52.00
2026-03-05 15:20:00,18.40,52.10
2026-03-05 15:21:00,18.30,52.10
2026-03-05 15:22:00,18.30,52.20
2026-03-05 15:23:00,18.40,52.20
2026-03-05 15:24:00,18.40,52.40
2026-03-05 15:25:00,18.40,52.40
2026-03-05 15:26:00,18.40,52.50
2026-03-05 15:27:00,18.40,52.50
2026-03-05 15:28:00,18.40,52.60
2026-03-05 15:29:00,18.40,52.60
2026-03-05 15:30:00,18.40,52.70
2026-03-05 15:31:00,18.40,52.80
2026-03-05 15:32:00,18.40,52.80
2026-03-05 15:33:00,18.40,52.90
2026-03-05 15:34:00,18.40,52.90
2026-03-05 15:35:00,18.40,53.00
2026-03-05 15:36:00,18.40,53.00
2026-03-05 15:37:00,18.40,53.20
2026-03-05 15:38:00,18.40,53.20
2026-03-05 15:39:00,18.40,53.30
2026-03-05 15:40:00,18.40,53.20
2026-03-05 15:41:00,18.40,53.30
2026-03-05 15:42:00,18.40,53.30
2026-03-05 15:43:00,18.40,53.20
2026-03-05 15:44:00,18.40,52.60
2026-03-05 15:45:00,18.40,52.30
2026-03-05 15:46:00,18.40,52.00
2026-03-05 15:47:00,18.40,52.10
2026-03-05 15:48:00,18.40,52.10
2026-03-05 15:49:00,18.40,52.10
2026-03-05 15:50:00,18.40,52.50
2026-03-05 15:51:00,18.40,52.70
2026-03-05 15:52:00,18.40,52.60
2026-03-05 15:53:00,18.40,52.80
2026-03-05 15:54:00,18.40,52.80
2026-03-05 15:55:00,18.40,52.90
2026-03-05 15:56:00,18.40,53.10
2026-03-05 15:57:00,18.40,53.20
2026-03-05 15:58:00,18.40,53.10
2026-03-05 15:59:00,18.40,53.00
2026-03-05 16:00:00,18.40,53.20
2026-03-05 16:01:00,18.40,53.30
2026-03-05 16:02:00,18.40,53.30
2026-03-05 16:03:00,18.40,53.30
2026-03-05 16:04:00,18.40,53.40
2026-03-05 16:05:00,18.40,53.40
2026-03-05 16:06:00,18.40,53.40
2026-03-05 16:07:00,18.40,53.50
2026-03-05 16:08:00,18.40,53.50
2026-03-05 16:09:00,18.40,53.50
2026-03-05 16:10:00,18.40,53.50
2026-03-05 16:11:00,18.40,53.40
2026-03-05 16:12:00,18.40,53.40
2026-03-05 16:13:00,18.40,53.40
2026-03-05 16:14:00,18.40,53.30
2026-03-05 16:15:00,18.40,53.50
2026-03-05 16:16:00,18.40,53.70
2026-03-05 16:17:00,18.40,53.70
2026-03-05 16:18:00,18.30,52.30
2026-03-05 16:19:00,18.20,52.20
2026-03-05 16:20:00,18.20,51.70
2026-03-05 16:21:00,18.10,51.50
2026-03-05 16:22:00,18.10,51.60
2026-03-05 16:23:00,18.00,51.90
2026-03-05 16:24:00,18.10,52.00
2026-03-05 16:25:00,18.10,52.10
2026-03-05 16:26:00,18.10,52.10
2026-03-05 16:27:00,18.10,52.10
2026-03-05 16:28:00,18.10,52.20
2026-03-05 16:29:00,18.10,52.10
2026-03-05 16:30:00,18.10,52.30
2026-03-05 16:31:00,18.10,52.30
2026-03-05 16:32:00,18.10,52.30
2026-03-05 16:33:00,18.20,52.30
2026-03-05 16:34:00,18.20,52.30
2026-03-05 16:35:00,18.20,52.30
2026-03-05 16:36:00,18.20,52.30
2026-03-05 16:37:00,18.20,52.20
2026-03-05 16:38:00,18.20,52.20
2026-03-05 16:39:00,18.20,52.30
2026-03-05 16:40:00,18.10,52.30
2026-03-05 16:41:00,18.00,52.40
2026-03-05 16:42:00,18.00,52.50
2026-03-05 16:43:00,18.00,52.40
2026-03-05 16:44:00,18.00,52.50
2026-03-05 16:45:00,17.90,52.40
2026-03-05 16:46:00,17.80,52.50
2026-03-05 16:47:00,17.80,52.60
2026-03-05 16:48:00,17.90,52.70
2026-03-05 16:49:00,18.00,52.60
2026-03-05 16:50:00,18.10,52.30
2026-03-05 16:51:00,18.00,52.50
2026-03-05 16:52:00,18.10,52.50
2026-03-05 16:53:00,18.10,52.50
2026-03-05 16:54:00,18.10,52.30
2026-03-05 16:55:00,18.00,52.20
2026-03-05 16:56:00,17.90,52.30
2026-03-05 16:57:00,17.90,52.20
2026-03-05 16:58:00,17.90,52.30
2026-03-05 16:59:00,17.90,52.30
2026-03-05 17:00:00,17.90,52.30
2026-03-05 17:01:00,17.90,52.30
2026-03-05 17:02:00,17.90,52.10
2026-03-05 17:03:00,17.90,52.30
2026-03-05 17:04:00,17.90,52.10
2026-03-05 17:05:00,17.80,52.20
2026-03-05 17:06:00,17.90,52.10
2026-03-05 17:07:00,17.90,52.10
2026-03-05 17:08:00,17.90,52.10
2026-03-05 17:09:00,17.90,52.00
2026-03-05 17:10:00,17.90,51.90
2026-03-05 17:11:00,17.90,52.00
2026-03-05 17:12:00,17.80,51.90
2026-03-05 17:13:00,17.80,52.10
2026-03-05 17:14:00,17.90,52.10
2026-03-05 17:15:00,17.80,52.10
2026-03-05 17:16:00,17.90,52.10
2026-03-05 17:17:00,17.90,52.10
2026-03-05 17:18:00,17.90,52.10
2026-03-05 17:19:00,17.90,52.00
2026-03-05 17:20:00,17.90,51.80
2026-03-05 17:21:00,17.90,52.00
2026-03-05 17:22:00,17.90,52.00
2026-03-05 17:23:00,17.90,52.00
2026-03-05 17:24:00,17.90,51.90
2026-03-05 17:25:00,17.90,51.90
2026-03-05 17:26:00,17.90,51.90
2026-03-05 17:27:00,17.90,51.80
2026-03-05 17:28:00,17.80,51.70
2026-03-05 17:29:00,17.60,52.00
2026-03-05 17:30:00,17.50,52.20
2026-03-05 17:31:00,17.60,52.10
2026-03-05 17:32:00,17.70,52.10
2026-03-05 17:33:00,17.70,52.10
2026-03-05 17:34:00,17.70,52.10
2026-03-05 17:35:00,17.70,52.00
2026-03-05 17:36:00,17.80,52.00
2026-03-05 17:37:00,17.80,51.90
2026-03-05 17:38:00,17.70,52.10
2026-03-05 17:39:00,17.60,52.10
2026-03-05 17:40:00,17.60,52.20
2026-03-05 17:41:00,17.60,52.00
2026-03-05 17:42:00,17.60,52.00
2026-03-05 17:43:00,17.50,52.10
2026-03-05 17:44:00,17.50,52.30
2026-03-05 17:45:00,17.60,52.40
2026-03-05 17:46:00,17.70,52.30
2026-03-05 17:47:00,17.70,52.10
2026-03-05 17:48:00,17.80,51.90
2026-03-05 17:49:00,17.80,51.80
2026-03-05 17:50:00,17.80,51.90
2026-03-05 17:51:00,17.80,51.90
2026-03-05 17:52:00,17.80,51.90
2026-03-05 17:53:00,17.70,52.00
2026-03-05 17:54:00,17.70,52.10
2026-03-05 17:55:00,17.70,52.10
2026-03-05 17:56:00,17.60,52.20
2026-03-05 17:57:00,17.60,52.10
2026-03-05 17:58:00,17.60,52.20
2026-03-05 17:59:00,17.70,52.20
2026-03-05 18:00:00,17.70,52.20
2026-03-05 18:01:00,17.70,52.20
2026-03-05 18:02:00,17.70,51.90
2026-03-05 18:03:00,17.80,51.90
2026-03-05 18:04:00,17.70,51.80
2026-03-05 18:05:00,17.70,51.80
2026-03-05 18:06:00,17.70,52.00
2026-03-05 18:07:00,17.60,51.90
2026-03-05 18:08:00,17.50,52.10
2026-03-05 18:09:00,17.50,52.20
2026-03-05 18:10:00,17.50,52.10
2026-03-05 18:11:00,17.40,52.20
2026-03-05 18:12:00,17.40,52.30
2026-03-05 18:13:00,17.40,52.30
2026-03-05 18:14:00,17.40,52.30
2026-03-05 18:15:00,17.40,52.30
2026-03-05 18:16:00,17.50,52.30
2026-03-05 18:17:00,17.50,52.30
2026-03-05 18:18:00,17.60,52.10
2026-03-05 18:19:00,17.50,52.00
2026-03-05 18:20:00,17.50,52.20
2026-03-05 18:21:00,17.50,52.10
2026-03-05 18:22:00,17.50,52.10
2026-03-05 18:23:00,17.50,52.20
2026-03-05 18:24:00,17.60,52.10
2026-03-05 18:25:00,17.60,52.00
2026-03-05 18:26:00,17.60,51.90
2026-03-05 18:27:00,17.60,52.00
2026-03-05 18:28:00,17.60,52.00
2026-03-05 18:29:00,17.60,52.00
2026-03-05 18:30:00,17.60,51.80
2026-03-05 18:31:00,17.60,51.90
2026-03-05 18:32:00,17.50,52.10
2026-03-05 18:33:00,17.60,51.90
2026-03-05 18:34:00,17.60,51.90
2026-03-05 18:35:00,17.60,51.90
2026-03-05 18:36:00,17.60,51.90
2026-03-05 18:37:00,17.50,51.90
2026-03-05 18:38:00,17.60,51.90
2026-03-05 18:39:00,17.50,51.80
2026-03-05 18:40:00,17.60,51.80
2026-03-05 18:41:00,17.50,51.90
2026-03-05 18:42:00,17.60,51.80
2026-03-05 18:43:00,17.50,52.00
2026-03-05 18:44:00,17.50,52.00
2026-03-05 18:45:00,17.60,51.90
2026-03-05 18:46:00,17.60,51.80
2026-03-05 18:47:00,17.60,51.70
2026-03-05 18:48:00,17.50,51.80
2026-03-05 18:49:00,17.50,51.90
2026-03-05 18:50:00,17.40,51.90
2026-03-05 18:51:00,17.50,52.00
2026-03-05 18:52:00,17.50,51.90
2026-03-05 18:53:00,17.40,51.90
2026-03-05 18:54:00,17.30,52.00
2026-03-05 18:55:00,17.40,52.10
2026-03-05 18:56:00,17.30,52.10
2026-03-05 18:57:00,17.30,52.10
2026-03-05 18:58:00,17.30,52.10
2026-03-05 18:59:00,17.30,52.10
2026-03-05 19:00:00,17.30,52.10
2026-03-05 19:01:00,17.30,52.10
2026-03-05 19:02:00,17.30,52.10
2026-03-05 19:03:00,17.20,52.10
2026-03-05 19:04:00,17.30,52.10
2026-03-05 19:05:00,17.20,52.20
2026-03-05 19:06:00,17.20,52.30
2026-03-05 19:07:00,17.20,52.30
2026-03-05 19:08:00,17.30,52.10
2026-03-05 19:09:00,17.30,52.10
2026-03-05 19:10:00,17.30,52.10
2026-03-05 19:11:00,17.30,51.90
2026-03-05 19:12:00,17.30,52.00
2026-03-05 19:13:00,17.20,52.10
2026-03-05 19:14:00,17.20,52.10
2026-03-05 19:15:00,17.20,52.20
2026-03-05 19:16:00,17.20,52.30
2026-03-05 19:17:00,17.20,52.60
2026-03-05 19:18:00,17.10,53.00
2026-03-05 19:19:00,17.00,53.20
2026-03-05 19:20:00,17.00,53.30
2026-03-05 19:21:00,17.00,53.70
2026-03-05 19:22:00,17.10,53.70
2026-03-05 19:23:00,17.10,53.80
2026-03-05 19:24:00,17.10,53.70
2026-03-05 19:25:00,17.10,53.70
2026-03-05 19:26:00,17.20,53.70
2026-03-05 19:27:00,17.30,53.70
2026-03-05 19:28:00,17.20,53.90
2026-03-05 19:29:00,17.10,54.10
2026-03-05 19:30:00,17.20,54.20
2026-03-05 19:31:00,17.20,54.20
2026-03-05 19:32:00,17.10,54.60
2026-03-05 19:33:00,17.00,54.80
2026-03-05 19:34:00,17.10,54.70
2026-03-05 19:35:00,17.10,54.70
2026-03-05 19:36:00,17.20,54.80
2026-03-05 19:37:00,17.20,54.80
2026-03-05 19:38:00,17.20,54.70
2026-03-05 19:39:00,17.20,54.70
2026-03-05 19:40:00,17.20,54.80
2026-03-05 19:41:00,17.20,54.90
2026-03-05 19:42:00,17.10,54.90
2026-03-05 19:43:00,17.00,55.10
2026-03-05 19:44:00,17.10,55.00
2026-03-05 19:45:00,17.20,55.00
2026-03-05 19:46:00,17.20,55.00
2026-03-05 19:47:00,17.20,55.00
2026-03-05 19:48:00,17.20,55.00
2026-03-05 19:49:00,17.20,55.00
2026-03-05 19:50:00,17.20,55.00
2026-03-05 19:51:00,17.20,55.00
2026-03-05 19:52:00,17.20,55.10
2026-03-05 19:53:00,17.20,55.20
2026-03-05 19:54:00,17.10,55.20
2026-03-05 19:55:00,17.10,55.30
2026-03-05 19:56:00,17.10,55.20
2026-03-05 19:57:00,17.10,55.30
2026-03-05 19:58:00,17.20,55.30
2026-03-05 19:59:00,17.10,55.30
2026-03-05 20:00:00,17.10,55.20
2026-03-05 20:01:00,17.10,55.30
2026-03-05 20:02:00,17.10,55.30
2026-03-05 20:03:00,17.10,55.30
2026-03-05 20:04:00,17.10,55.40
2026-03-05 20:05:00,17.10,55.40
2026-03-05 20:06:00,17.00,55.60
2026-03-05 20:07:00,17.00,55.60
2026-03-05 20:08:00,17.10,55.50
2026-03-05 20:09:00,17.10,55.50
2026-03-05 20:10:00,17.00,55.70
2026-03-05 20:11:00,17.10,55.90
2026-03-05 20:12:00,17.20,56.40
2026-03-05 20:13:00,17.30,55.90
2026-03-05 20:14:00,17.40,55.80
2026-03-05 20:15:00,17.40,55.60
2026-03-05 20:16:00,17.60,55.50
2026-03-05 20:17:00,17.80,55.50
2026-03-05 20:18:00,17.80,55.70
2026-03-05 20:19:00,17.80,55.60
2026-03-05 20:20:00,17.80,55.30
2026-03-05 20:21:00,17.90,55.60
2026-03-05 20:22:00,17.90,55.40
2026-03-05 20:23:00,17.90,55.20
2026-03-05 20:24:00,17.90,55.10
2026-03-05 20:25:00,18.00,55.10
2026-03-05 20:26:00,18.00,55.00
2026-03-05 20:27:00,18.00,55.10
2026-03-05 20:28:00,18.00,54.90
2026-03-05 20:29:00,18.00,54.90
2026-03-05 20:30:00,18.00,55.20
2026-03-05 20:31:00,18.00,55.10
2026-03-05 20:32:00,18.00,55.10
2026-03-05 20:33:00,18.10,55.00
2026-03-05 20:34:00,18.10,54.90
2026-03-05 20:35:00,18.10,54.90
2026-03-05 20:36:00,18.00,55.00
2026-03-05 20:37:00,18.10,54.90
2026-03-05 20:38:00,18.10,54.90
2026-03-05 20:39:00,18.10,54.90
2026-03-05 20:40:00,18.10,54.90
2026-03-05 20:41:00,18.10,54.90
2026-03-05 20:42:00,18.10,54.90
2026-03-05 20:43:00,18.10,55.00
2026-03-05 20:44:00,18.10,55.40
2026-03-05 20:45:00,18.20,55.50
2026-03-05 20:46:00,18.20,55.20
2026-03-05 20:47:00,18.10,55.00
2026-03-05 20:48:00,18.20,55.10
2026-03-05 20:49:00,18.20,55.00
2026-03-05 20:50:00,18.20,54.90
2026-03-05 20:51:00,18.20,55.10
2026-03-05 20:52:00,18.30,54.90
2026-03-05 20:53:00,18.30,54.90
2026-03-05 20:54:00,18.30,55.10
2026-03-05 20:55:00,18.30,55.60
2026-03-05 20:56:00,18.40,55.50
2026-03-05 20:57:00,18.30,55.10
2026-03-05 20:58:00,18.30,54.90
2026-03-05 20:59:00,18.30,54.80
2026-03-05 21:00:00,18.20,54.90
2026-03-05 21:01:00,18.20,55.00
2026-03-05 21:02:00,18.30,54.90
2026-03-05 21:03:00,18.30,54.80
2026-03-05 21:04:00,18.20,54.80
2026-03-05 21:05:00,18.20,54.90
2026-03-05 21:06:00,18.20,55.00
2026-03-05 21:07:00,18.20,54.90
2026-03-05 21:08:00,18.20,55.50
2026-03-05 21:09:00,18.20,55.20
2026-03-05 21:10:00,18.30,55.00
2026-03-05 21:11:00,18.40,55.00
2026-03-05 21:12:00,18.40,55.20
2026-03-05 21:13:00,18.30,55.30
2026-03-05 21:14:00,18.30,55.10
2026-03-05 21:15:00,18.30,55.50
2026-03-05 21:16:00,18.30,55.20
2026-03-05 21:17:00,18.30,55.10
2026-03-05 21:18:00,18.20,55.30
2026-03-05 21:19:00,18.30,55.10
2026-03-05 21:20:00,18.20,55.30
2026-03-05 21:21:00,18.30,55.20
2026-03-05 21:22:00,18.20,56.00
2026-03-05 21:23:00,18.20,55.60
2026-03-05 21:24:00,18.30,55.10
2026-03-05 21:25:00,18.40,55.10
2026-03-05 21:26:00,18.40,55.30
2026-03-05 21:27:00,18.40,55.20
2026-03-05 21:28:00,18.40,55.50
2026-03-05 21:29:00,18.40,55.30
2026-03-05 21:30:00,18.40,55.20
2026-03-05 21:31:00,18.50,55.10
2026-03-05 21:32:00,18.40,55.10
2026-03-05 21:33:00,18.50,55.00
2026-03-05 21:34:00,18.50,54.90
2026-03-05 21:35:00,18.50,55.00
2026-03-05 21:36:00,18.40,55.00
2026-03-05 21:37:00,18.50,55.30
2026-03-05 21:38:00,18.40,55.20
2026-03-05 21:39:00,18.50,55.00
2026-03-05 21:40:00,18.40,55.30
2026-03-05 21:41:00,18.50,55.00
2026-03-05 21:42:00,18.50,55.00
2026-03-05 21:43:00,18.50,55.10
2026-03-05 21:44:00,18.40,54.90
2026-03-05 21:45:00,18.50,55.40
2026-03-05 21:46:00,18.50,55.40
2026-03-05 21:47:00,18.50,55.10
2026-03-05 21:48:00,18.50,54.80
2026-03-05 21:49:00,18.40,55.20
2026-03-05 21:50:00,18.40,54.80
2026-03-05 21:51:00,18.50,55.30
2026-03-05 21:52:00,18.50,55.00
2026-03-05 21:53:00,18.50,55.00
2026-03-05 21:54:00,18.50,55.00
2026-03-05 21:55:00,18.50,54.70
2026-03-05 21:56:00,18.50,55.20
2026-03-05 21:57:00,18.50,54.70
2026-03-05 21:58:00,18.40,54.80
2026-03-05 21:59:00,18.40,54.90
2026-03-05 22:00:00,18.50,54.90
2026-03-05 22:01:00,18.50,55.00
2026-03-05 22:02:00,18.50,55.20
2026-03-05 22:03:00,18.50,54.90
2026-03-05 22:04:00,18.60,54.60
2026-03-05 22:05:00,18.50,54.90
2026-03-05 22:06:00,18.50,54.70
2026-03-05 22:07:00,18.50,54.70
2026-03-05 22:08:00,18.60,54.50
2026-03-05 22:09:00,18.50,54.70
2026-03-05 22:10:00,18.50,54.70
2026-03-05 22:11:00,18.50,54.80
2026-03-05 22:12:00,18.60,54.70
2026-03-05 22:13:00,18.60,54.60
2026-03-05 22:14:00,18.60,54.70
2026-03-05 22:15:00,18.70,54.90
2026-03-05 22:16:00,18.70,54.50
2026-03-05 22:17:00,18.60,55.00
2026-03-05 22:18:00,18.70,54.80
2026-03-05 22:19:00,18.70,54.70
2026-03-05 22:20:00,18.60,55.50
2026-03-05 22:21:00,18.70,54.70
2026-03-05 22:22:00,18.70,54.70
2026-03-05 22:23:00,18.70,54.60
2026-03-05 22:24:00,18.70,55.20
2026-03-05 22:25:00,18.80,54.70
2026-03-05 22:26:00,18.70,55.00
2026-03-05 22:27:00,18.80,54.80
2026-03-05 22:28:00,18.80,54.80
2026-03-05 22:29:00,18.80,54.70
2026-03-05 22:30:00,18.80,54.60
2026-03-05 22:31:00,18.80,54.50
2026-03-05 22:32:00,18.80,54.40
2026-03-05 22:33:00,18.80,54.60
2026-03-05 22:34:00,18.80,54.60
2026-03-05 22:35:00,18.80,55.20
2026-03-06 21:31:00,18.60,64.40
2026-03-06 21:32:00,18.70,64.50
2026-03-06 21:33:00,18.60,64.70
2026-03-06 21:34:00,18.60,64.70
2026-03-06 21:35:00,18.60,65.30
2026-03-06 21:36:00,18.60,65.70
2026-03-06 21:37:00,18.60,65.50
2026-03-06 21:38:00,18.60,65.10
2026-03-06 21:39:00,18.60,65.00
2026-03-06 21:40:00,18.60,65.30
2026-03-06 21:41:00,18.50,66.60
2026-03-06 21:42:00,18.40,67.10
2026-03-06 21:43:00,18.30,67.20
2026-03-06 21:44:00,18.20,67.60
2026-03-06 21:45:00,18.20,67.70
2026-03-06 21:46:00,18.20,67.60
2026-03-06 21:47:00,18.30,67.20
2026-03-06 21:48:00,18.40,67.00
2026-03-06 21:49:00,18.40,66.70
2026-03-06 21:50:00,18.40,66.50
2026-03-06 21:51:00,18.50,66.40
2026-03-06 21:52:00,18.50,66.10
2026-03-06 21:53:00,18.50,66.10
2026-03-06 21:54:00,18.50,65.90
2026-03-06 21:55:00,18.50,65.90
2026-03-06 21:56:00,18.60,65.70
2026-03-06 21:57:00,18.60,65.70
2026-03-06 21:58:00,18.60,65.80
2026-03-06 21:59:00,18.70,65.50
2026-03-06 22:00:00,18.60,65.30
2026-03-06 22:01:00,18.60,65.20
2026-03-06 22:02:00,18.60,65.20
2026-03-06 22:03:00,18.60,65.70
2026-03-06 22:04:00,18.60,65.30
2026-03-06 22:05:00,18.60,65.60
2026-03-06 22:06:00,18.60,65.20
2026-03-06 22:07:00,18.60,65.10
2026-03-06 22:08:00,18.60,65.10
2026-03-06 22:09:00,18.60,65.10
2026-03-06 22:10:00,18.60,65.20
2026-03-06 22:11:00,18.60,65.10
2026-03-06 22:12:00,18.60,65.30
2026-03-06 22:13:00,18.60,65.10
2026-03-06 22:14:00,18.60,65.60
2026-03-06 22:15:00,18.60,65.90
2026-03-06 22:16:00,18.60,65.70
2026-03-06 22:17:00,18.70,65.50
2026-03-06 22:18:00,18.70,65.70
2026-03-06 22:19:00,18.60,65.50
2026-03-06 22:20:00,18.60,65.40
2026-03-06 22:21:00,18.60,65.30
2026-03-06 22:22:00,18.60,65.30
2026-03-06 22:23:00,18.70,65.30
2026-03-06 22:24:00,18.60,65.30
2026-03-06 22:25:00,18.60,65.30
2026-03-06 22:26:00,18.60,65.40
2026-03-06 22:27:00,18.60,65.20
2026-03-06 22:28:00,18.60,65.20
2026-03-06 22:29:00,18.60,65.30
2026-03-06 22:30:00,18.60,65.30
2026-03-06 22:31:00,18.60,65.20
2026-03-06 22:32:00,18.60,65.50
2026-03-06 22:33:00,18.60,65.30
2026-03-06 22:34:00,18.60,65.50
2026-03-06 22:35:00,18.60,65.70
2026-03-06 22:36:00,18.50,66.20
2026-03-06 22:37:00,18.40,66.60
2026-03-06 22:38:00,18.40,66.20
2026-03-06 22:39:00,18.50,65.90
2026-03-06 22:40:00,18.50,65.70
2026-03-06 22:41:00,18.60,65.90
2026-03-06 22:42:00,18.60,66.00
2026-03-06 22:43:00,18.50,66.10
2026-03-06 22:44:00,18.40,66.80
2026-03-06 22:45:00,18.40,67.00
2026-03-06 22:46:00,18.40,67.10
2026-03-06 22:47:00,18.40,67.20
2026-03-06 22:48:00,18.30,67.00
2026-03-06 22:49:00,18.30,67.10
2026-03-06 22:50:00,18.40,66.90
2026-03-06 22:51:00,18.40,66.60
2026-03-06 22:52:00,18.30,66.70
2026-03-06 22:53:00,18.40,66.80
2026-03-06 22:54:00,18.40,66.80
2026-03-06 22:55:00,18.40,66.90
2026-03-06 22:56:00,18.40,66.80
2026-03-06 22:57:00,18.40,66.80
2026-03-06 22:58:00,18.40,66.80
2026-03-06 22:59:00,18.40,66.80
2026-03-06 23:00:00,18.40,66.80
2026-03-06 23:01:00,18.40,66.80
2026-03-06 23:02:00,18.50,66.50
2026-03-06 23:03:00,18.50,66.50
2026-03-06 23:04:00,18.50,66.60
2026-03-06 23:05:00,18.50,66.50
2026-03-06 23:06:00,18.50,66.50
2026-03-06 23:07:00,18.50,66.30
2026-03-06 23:08:00,18.50,66.50
2026-03-06 23:09:00,18.40,66.60
2026-03-06 23:10:00,18.40,66.60
2026-03-06 23:11:00,18.40,66.70
2026-03-06 23:12:00,18.30,67.00
2026-03-06 23:13:00,18.40,67.10
2026-03-06 23:14:00,18.30,66.90
2026-03-06 23:15:00,18.10,67.40
2026-03-06 23:16:00,18.10,67.60
2026-03-06 23:17:00,18.10,67.50
2026-03-06 23:18:00,18.20,67.70
2026-03-06 23:19:00,18.30,67.40
2026-03-06 23:20:00,18.30,67.70
2026-03-06 23:21:00,18.40,68.00
2026-03-06 23:22:00,18.40,67.50
2026-03-06 23:23:00,18.40,67.70
2026-03-06 23:24:00,18.40,67.60
2026-03-06 23:25:00,18.40,67.10
2026-03-06 23:26:00,18.50,67.40
2026-03-06 23:27:00,18.50,67.30
2026-03-06 23:28:00,18.50,67.10
2026-03-06 23:29:00,18.50,66.80
2026-03-06 23:30:00,18.40,67.10
2026-03-06 23:31:00,18.40,67.40
2026-03-06 23:32:00,18.40,67.40
2026-03-06 23:33:00,18.40,67.30
2026-03-06 23:34:00,18.40,67.10
2026-03-06 23:35:00,18.40,67.20
2026-03-06 23:36:00,18.50,67.30
2026-03-06 23:37:00,18.50,66.90
2026-03-06 23:38:00,18.50,66.40
2026-03-06 23:39:00,18.60,66.40
2026-03-06 23:40:00,18.50,66.10
2026-03-06 23:41:00,18.60,66.20
2026-03-06 23:42:00,18.60,66.10
2026-03-06 23:43:00,18.60,66.40
2026-03-06 23:44:00,18.60,66.30
2026-03-06 23:45:00,18.60,66.50
2026-03-06 23:46:00,18.60,66.70
2026-03-06 23:47:00,18.60,66.50
2026-03-06 23:48:00,18.50,66.70
2026-03-06 23:49:00,18.50,66.60
2026-03-06 23:50:00,18.50,66.80
2026-03-06 23:51:00,18.60,66.00
2026-03-06 23:52:00,18.60,65.90
2026-03-06 23:53:00,18.60,66.10
2026-03-06 23:54:00,18.60,66.30
2026-03-06 23:55:00,18.50,66.50
2026-03-06 23:56:00,18.50,66.60
2026-03-06 23:57:00,18.50,66.90
2026-03-06 23:58:00,18.50,66.80
2026-03-06 23:59:00,18.50,66.80
2026-03-07 00:00:00,18.50,66.50
2026-03-07 00:01:00,18.60,66.80
2026-03-07 00:02:00,18.50,66.40
2026-03-07 00:03:00,18.50,66.60
2026-03-07 00:04:00,18.60,66.10
2026-03-07 00:05:00,18.60,66.00
2026-03-07 00:06:00,18.60,66.30
2026-03-07 00:07:00,18.60,66.40
2026-03-07 00:08:00,18.50,66.60
2026-03-07 00:09:00,18.60,66.60
2026-03-07 00:10:00,18.50,66.50
2026-03-07 00:11:00,18.60,66.30
2026-03-07 00:12:00,18.60,65.90
2026-03-07 00:13:00,18.60,65.70
2026-03-07 00:14:00,18.60,66.10
2026-03-07 00:15:00,18.60,65.90
2026-03-07 00:16:00,18.60,65.60
2026-03-07 00:17:00,18.60,66.30
2026-03-07 00:18:00,18.60,66.10
2026-03-07 00:19:00,18.60,65.90
2026-03-07 00:20:00,18.60,66.20
2026-03-07 00:21:00,18.60,66.10
2026-03-07 00:22:00,18.60,66.30
2026-03-07 00:23:00,18.60,66.30
2026-03-07 00:24:00,18.60,66.20
2026-03-07 00:25:00,18.60,66.50
2026-03-07 00:26:00,18.50,66.20
2026-03-07 00:27:00,18.60,66.00
2026-03-07 00:28:00,18.60,65.60
2026-03-07 00:29:00,18.60,65.50
2026-03-07 00:30:00,18.60,65.60
2026-03-07 00:31:00,18.60,65.50
2026-03-07 00:32:00,18.60,65.70
2026-03-07 00:33:00,18.60,65.70
2026-03-07 00:34:00,18.60,65.90
2026-03-07 00:35:00,18.60,65.90
2026-03-07 00:36:00,18.60,66.00
2026-03-07 00:37:00,18.60,66.20
2026-03-07 00:38:00,18.50,66.40
2026-03-07 00:39:00,18.50,66.50
2026-03-07 00:40:00,18.50,66.50
2026-03-07 00:41:00,18.50,66.50
2026-03-07 00:42:00,18.50,66.50
2026-03-07 00:43:00,18.50,66.60
2026-03-07 00:44:00,18.50,66.70
2026-03-07 00:45:00,18.50,66.70
2026-03-07 00:46:00,18.50,66.60
2026-03-07 00:47:00,18.50,66.50
2026-03-07 00:48:00,18.50,66.40
2026-03-07 00:49:00,18.60,66.20
2026-03-07 00:50:00,18.60,66.30
2026-03-07 00:51:00,18.60,66.20
2026-03-07 00:52:00,18.60,66.20
2026-03-07 00:53:00,18.50,66.30
2026-03-07 00:54:00,18.60,66.30
2026-03-07 00:55:00,18.60,66.20
2026-03-07 00:56:00,18.60,66.00
2026-03-07 00:57:00,18.60,65.50
2026-03-07 00:58:00,18.60,66.00
2026-03-07 00:59:00,18.60,65.70
2026-03-07 01:00:00,18.60,65.60
2026-03-07 01:01:00,18.60,65.80
2026-03-07 01:02:00,18.60,65.70
2026-03-07 01:03:00,18.60,65.40
2026-03-07 01:04:00,18.60,65.30
2026-03-07 01:05:00,18.50,65.40
2026-03-07 01:06:00,18.60,65.60
2026-03-07 01:07:00,18.60,65.70
2026-03-07 01:08:00,18.60,65.50
2026-03-07 01:09:00,18.60,65.30
2026-03-07 01:10:00,18.60,65.20
2026-03-07 01:11:00,18.60,65.30
2026-03-07 01:12:00,18.60,65.20
2026-03-07 01:13:00,18.60,65.30
2026-03-07 01:14:00,18.60,65.40
2026-03-07 01:15:00,18.60,65.10
2026-03-07 01:16:00,18.60,65.10
2026-03-07 01:17:00,18.60,65.20
2026-03-07 01:18:00,18.60,65.30
2026-03-07 01:19:00,18.50,65.20
2026-03-07 01:20:00,18.50,65.30
2026-03-07 01:21:00,18.50,65.20
2026-03-07 01:22:00,18.40,64.90
2026-03-07 01:23:00,18.40,65.00
2026-03-07 01:24:00,18.40,65.00
2026-03-07 01:25:00,18.40,65.10
2026-03-07 01:26:00,18.30,65.10
2026-03-07 01:27:00,18.30,65.20
2026-03-07 01:28:00,18.20,65.30
2026-03-07 01:29:00,18.20,65.20
2026-03-07 01:30:00,18.20,65.00
2026-03-07 01:31:00,18.10,65.20
2026-03-07 01:32:00,18.10,65.40
2026-03-07 01:33:00,18.10,65.60
2026-03-07 01:34:00,18.10,65.70
2026-03-07 01:35:00,18.10,65.70
2026-03-07 01:36:00,18.20,65.70
2026-03-07 01:37:00,18.10,65.60
2026-03-07 01:38:00,18.10,65.70
2026-03-07 01:39:00,17.90,65.90
2026-03-07 01:40:00,17.80,66.20
2026-03-07 01:41:00,17.80,66.70
2026-03-07 01:42:00,17.90,67.00
2026-03-07 01:43:00,17.90,67.10
2026-03-07 01:44:00,18.00,67.10
2026-03-07 01:45:00,18.00,67.00
2026-03-07 01:46:00,18.00,67.00
2026-03-07 01:47:00,18.00,67.10
2026-03-07 01:48:00,17.90,67.10
2026-03-07 01:49:00,17.90,67.10
2026-03-07 01:50:00,17.90,66.90
2026-03-07 01:51:00,17.90,66.80
2026-03-07 01:52:00,17.90,67.00
2026-03-07 01:53:00,17.90,67.00
2026-03-07 01:54:00,17.80,67.30
2026-03-07 01:55:00,17.90,67.30
2026-03-07 01:56:00,17.80,67.40
2026-03-07 01:57:00,17.80,67.50
2026-03-07 01:58:00,17.80,67.60
2026-03-07 01:59:00,17.80,67.80
2026-03-07 02:00:00,17.80,68.00
2026-03-07 02:01:00,17.80,68.30
2026-03-07 02:02:00,17.80,68.50
2026-03-07 02:03:00,17.70,68.60
2026-03-07 02:04:00,17.60,68.60
2026-03-07 02:05:00,17.60,69.00
2026-03-07 02:06:00,17.40,69.70
2026-03-07 02:07:00,17.30,70.00
2026-03-07 02:08:00,17.20,70.30
2026-03-07 02:09:00,17.00,70.70
2026-03-07 02:10:00,17.00,70.70
2026-03-07 02:11:00,17.00,71.10
2026-03-07 02:12:00,16.90,71.40
2026-03-07 02:13:00,16.90,71.60
2026-03-07 02:14:00,16.80,71.90
2026-03-07 02:15:00,16.80,72.30
2026-03-07 02:16:00,16.70,72.90
2026-03-07 02:17:00,16.70,73.00
2026-03-07 02:18:00,16.80,72.90
2026-03-07 02:19:00,16.70,73.00
2026-03-07 02:20:00,16.80,73.00
2026-03-07 02:21:00,16.70,72.90
2026-03-07 02:22:00,16.70,72.90
2026-03-07 02:23:00,16.70,72.80
2026-03-07 02:24:00,16.80,72.60
2026-03-07 02:25:00,16.80,72.60
2026-03-07 02:26:00,17.00,72.60
2026-03-07 02:27:00,17.10,72.20
2026-03-07 02:28:00,17.20,71.90
2026-03-07 02:29:00,17.20,71.80
2026-03-07 02:30:00,17.20,71.60
2026-03-07 02:31:00,17.30,71.40
2026-03-07 02:32:00,17.30,71.30
2026-03-07 02:33:00,17.30,71.20
2026-03-07 02:34:00,17.30,71.20
2026-03-07 02:35:00,17.40,71.10
2026-03-07 02:36:00,17.40,71.00
2026-03-07 02:37:00,17.40,71.00
2026-03-07 02:38:00,17.30,70.90
2026-03-07 02:39:00,17.30,71.00
2026-03-07 02:40:00,17.40,71.00
2026-03-07 02:41:00,17.30,70.90
2026-03-07 02:42:00,17.30,70.90
2026-03-07 02:43:00,17.30,71.00
2026-03-07 02:44:00,17.30,70.90
2026-03-07 02:45:00,17.30,70.90
2026-03-07 02:46:00,17.20,71.00
2026-03-07 02:47:00,17.30,71.20
2026-03-07 02:48:00,17.30,71.20
2026-03-07 02:49:00,17.30,71.00
2026-03-07 02:50:00,17.30,71.10
2026-03-07 02:51:00,17.40,70.90
2026-03-07 02:52:00,17.40,70.80
2026-03-07 02:53:00,17.40,70.70
2026-03-07 02:54:00,17.40,70.60
2026-03-07 02:55:00,17.40,70.60
2026-03-07 02:56:00,17.40,70.70
2026-03-07 02:57:00,17.30,70.70
2026-03-07 02:58:00,17.30,70.70
2026-03-07 02:59:00,17.40,70.70
2026-03-07 03:00:00,17.30,70.80
2026-03-07 03:01:00,17.30,70.80
2026-03-07 03:02:00,17.30,70.80
2026-03-07 03:03:00,17.30,71.00
2026-03-07 03:04:00,17.30,71.00
2026-03-07 03:05:00,17.30,71.10
2026-03-07 03:06:00,17.40,71.20
2026-03-07 03:07:00,17.30,71.00
2026-03-07 03:08:00,17.40,71.10
2026-03-07 03:09:00,17.40,71.00
2026-03-07 03:10:00,17.30,71.00
2026-03-07 03:11:00,17.40,71.30
2026-03-07 03:12:00,17.40,71.30
2026-03-07 03:13:00,17.30,71.00
2026-03-07 03:14:00,17.30,71.00
2026-03-07 03:15:00,17.30,71.00
2026-03-07 03:16:00,17.30,71.10
2026-03-07 03:17:00,17.30,71.00
2026-03-07 03:18:00,17.30,71.00
2026-03-07 03:19:00,17.30,71.20
2026-03-07 03:20:00,17.20,71.30
2026-03-07 03:21:00,17.30,71.30
2026-03-07 03:22:00,17.30,71.10
2026-03-07 03:23:00,17.30,71.00
2026-03-07 03:24:00,17.20,71.10
2026-03-07 03:25:00,17.20,71.20
2026-03-07 03:26:00,17.20,71.20
2026-03-07 03:27:00,17.30,71.20
2026-03-07 03:28:00,17.20,71.40
2026-03-07 03:29:00,17.20,71.50
2026-03-07 03:30:00,17.20,71.50
2026-03-07 03:31:00,17.20,71.40
2026-03-07 03:32:00,17.20,71.40
2026-03-07 03:33:00,17.20,71.40
2026-03-07 03:34:00,17.20,71.40
2026-03-07 03:35:00,17.20,71.60
2026-03-07 03:36:00,17.20,71.50
2026-03-07 03:37:00,17.20,71.40
2026-03-07 03:38:00,17.20,71.40
2026-03-07 03:39:00,17.20,71.30
2026-03-07 03:40:00,17.20,71.30
2026-03-07 03:41:00,17.20,71.30
2026-03-07 03:42:00,17.20,71.30
2026-03-07 03:43:00,17.20,71.10
2026-03-07 03:44:00,17.20,71.00
2026-03-07 03:45:00,17.10,71.00
2026-03-07 03:46:00,17.10,71.10
2026-03-07 03:47:00,17.10,71.10
2026-03-07 03:48:00,17.10,71.30
2026-03-07 03:49:00,17.20,71.30
2026-03-07 03:50:00,17.10,71.20
2026-03-07 03:51:00,17.10,71.40
2026-03-07 03:52:00,17.20,71.40
2026-03-07 03:53:00,17.20,71.30
2026-03-07 03:54:00,17.20,71.40
2026-03-07 03:55:00,17.20,71.40
2026-03-07 03:56:00,17.20,71.00
2026-03-07 03:57:00,17.20,71.00
2026-03-07 03:58:00,17.20,71.00
2026-03-07 03:59:00,17.20,71.00
2026-03-07 04:00:00,17.20,70.90
2026-03-07 04:01:00,17.20,70.90
2026-03-07 04:02:00,17.20,70.80
2026-03-07 04:03:00,17.20,70.80
2026-03-07 04:04:00,17.10,70.90
2026-03-07 04:05:00,17.20,70.90
2026-03-07 04:06:00,17.10,70.90
2026-03-07 04:07:00,17.20,71.10
2026-03-07 04:08:00,17.20,71.00
2026-03-07 04:09:00,17.20,71.30
2026-03-07 04:10:00,17.20,71.30
2026-03-07 04:11:00,17.30,70.90
2026-03-07 04:12:00,17.20,71.00
2026-03-07 04:13:00,17.20,71.10
2026-03-07 04:14:00,17.20,71.10
2026-03-07 04:15:00,17.20,71.10
2026-03-07 04:16:00,17.20,71.10
2026-03-07 04:17:00,17.20,71.10
2026-03-07 04:18:00,17.20,71.10
2026-03-07 04:19:00,17.20,71.10
2026-03-07 04:20:00,17.30,71.20
2026-03-07 04:21:00,17.20,71.20
2026-03-07 04:22:00,17.20,71.30
2026-03-07 04:23:00,17.20,71.30
2026-03-07 04:24:00,17.20,71.40
2026-03-07 04:25:00,17.20,71.30
2026-03-07 04:26:00,17.20,71.30
2026-03-07 04:27:00,17.10,71.40
2026-03-07 04:28:00,17.10,71.60
2026-03-07 04:29:00,17.10,71.60
2026-03-07 04:30:00,17.10,71.60
2026-03-07 04:31:00,17.10,71.60
2026-03-07 04:32:00,17.10,71.60
2026-03-07 04:33:00,17.10,71.60
2026-03-07 04:34:00,17.10,71.70
2026-03-07 04:35:00,17.10,71.70
2026-03-07 04:36:00,17.10,71.60
2026-03-07 04:37:00,17.10,71.80
2026-03-07 04:38:00,17.10,71.80
2026-03-07 04:39:00,17.20,71.80
2026-03-07 04:40:00,17.20,71.80
2026-03-07 04:41:00,17.20,71.80
2026-03-07 04:42:00,17.20,71.80
2026-03-07 04:43:00,17.20,71.50
2026-03-07 04:44:00,17.20,71.40
2026-03-07 04:45:00,17.20,71.50
2026-03-07 04:46:00,17.10,71.50
2026-03-07 04:47:00,17.10,71.40
2026-03-07 04:48:00,17.10,71.60
2026-03-07 04:49:00,17.00,71.90
2026-03-07 04:50:00,17.00,72.00
2026-03-07 04:51:00,17.10,71.90
2026-03-07 04:52:00,17.00,72.00
2026-03-07 04:53:00,17.10,72.00
2026-03-07 04:54:00,17.10,71.90
2026-03-07 04:55:00,17.00,72.00
2026-03-07 04:56:00,17.00,72.00
2026-03-07 04:57:00,17.00,72.00
2026-03-07 04:58:00,17.00,72.20
2026-03-07 04:59:00,17.00,72.00
2026-03-07 05:00:00,17.00,72.10
2026-03-07 05:01:00,17.10,72.00
2026-03-07 05:02:00,17.00,71.90
2026-03-07 05:03:00,17.00,71.90
2026-03-07 05:04:00,17.00,72.20
2026-03-07 05:05:00,17.00,72.30
2026-03-07 05:06:00,17.00,72.20
2026-03-07 05:07:00,17.00,72.20
2026-03-07 05:08:00,17.00,72.20
2026-03-07 05:09:00,17.00,72.20
2026-03-07 05:10:00,17.00,72.20
2026-03-07 05:11:00,17.00,72.20
2026-03-07 05:12:00,17.00,72.50
2026-03-07 05:13:00,17.00,72.40
2026-03-07 05:14:00,17.10,72.20
2026-03-07 05:15:00,17.10,72.20
2026-03-07 05:16:00,17.10,72.10
2026-03-07 05:17:00,17.00,72.20
2026-03-07 05:18:00,17.00,72.20
2026-03-07 05:19:00,17.00,72.20
2026-03-07 05:20:00,17.00,72.30
2026-03-07 05:21:00,17.00,72.40
2026-03-07 05:22:00,17.00,72.30
2026-03-07 05:23:00,17.00,72.30
2026-03-07 05:24:00,17.10,72.40
2026-03-07 05:25:00,17.10,72.40
2026-03-07 05:26:00,17.00,72.60
2026-03-07 05:27:00,17.00,72.70
2026-03-07 05:28:00,17.00,72.70
2026-03-07 05:29:00,17.00,72.90
2026-03-07 05:30:00,17.00,72.80
2026-03-07 05:31:00,17.00,72.80
2026-03-07 05:32:00,17.00,72.80
2026-03-07 05:33:00,17.00,72.80
2026-03-07 05:34:00,17.00,72.90
2026-03-07 05:35:00,17.00,72.90
2026-03-07 05:36:00,17.00,72.90
2026-03-07 05:37:00,17.00,73.00
2026-03-07 05:38:00,17.00,73.00
2026-03-07 05:39:00,17.00,72.90
2026-03-07 05:40:00,17.00,73.00
2026-03-07 05:41:00,17.10,72.90
2026-03-07 05:42:00,17.00,73.10
2026-03-07 05:43:00,17.10,73.00
2026-03-07 05:44:00,17.10,72.90
2026-03-07 05:45:00,17.00,73.10
2026-03-07 05:46:00,17.00,73.20
2026-03-07 05:47:00,17.00,73.20
2026-03-07 05:48:00,17.00,73.30
2026-03-07 05:49:00,17.00,73.40
2026-03-07 05:50:00,17.00,73.40
2026-03-07 05:51:00,16.90,73.40
2026-03-07 05:52:00,17.00,73.40
2026-03-07 05:53:00,17.00,73.40
2026-03-07 05:54:00,17.00,73.60
2026-03-07 05:55:00,17.00,73.60
2026-03-07 05:56:00,17.00,73.70
2026-03-07 05:57:00,17.00,73.70
2026-03-07 05:58:00,17.00,73.70
2026-03-07 05:59:00,17.00,73.70
2026-03-07 06:00:00,17.00,73.70
2026-03-07 06:01:00,17.00,73.80
2026-03-07 06:02:00,17.00,73.80
2026-03-07 06:03:00,17.00,73.90
2026-03-07 06:04:00,17.00,73.80
2026-03-07 06:05:00,17.00,73.70
2026-03-07 06:06:00,17.00,73.70
2026-03-07 06:07:00,17.00,73.80
2026-03-07 06:08:00,17.00,73.90
2026-03-07 06:09:00,17.00,74.00
2026-03-07 06:10:00,16.90,73.80
2026-03-07 06:11:00,17.00,73.80
2026-03-07 06:12:00,17.00,73.80
2026-03-07 06:13:00,17.00,73.80
2026-03-07 06:14:00,17.00,74.00
2026-03-07 06:15:00,17.00,74.00
2026-03-07 06:16:00,17.00,73.90
2026-03-07 06:17:00,17.00,73.80
2026-03-07 06:18:00,17.00,73.80
2026-03-07 06:19:00,17.00,73.90
2026-03-07 06:20:00,17.00,73.90
2026-03-07 06:21:00,17.00,73.80
2026-03-07 06:22:00,17.00,73.80
2026-03-07 06:23:00,17.00,73.90
2026-03-07 06:24:00,17.00,73.80
2026-03-07 06:25:00,17.00,74.00
2026-03-07 06:26:00,17.00,73.90
2026-03-07 06:27:00,17.00,74.10
2026-03-07 06:28:00,17.00,74.20
2026-03-07 06:29:00,17.00,74.10
2026-03-07 06:30:00,17.00,74.20
2026-03-07 06:31:00,17.00,74.20
2026-03-07 06:32:00,17.00,74.20
2026-03-07 06:33:00,17.00,73.90
2026-03-07 06:34:00,17.00,73.90
2026-03-07 06:35:00,17.10,73.90
2026-03-07 06:36:00,17.00,74.10
2026-03-07 06:37:00,17.00,74.20
2026-03-07 06:38:00,17.00,74.30
2026-03-07 06:39:00,17.00,74.40
2026-03-07 06:40:00,17.00,74.50
2026-03-07 06:41:00,17.00,74.50
2026-03-07 06:42:00,17.00,74.30
2026-03-07 06:43:00,16.90,74.10
2026-03-07 06:44:00,16.90,74.10
2026-03-07 06:45:00,16.90,74.10
2026-03-07 06:46:00,16.90,74.10
2026-03-07 06:47:00,17.00,73.80
2026-03-07 06:48:00,17.00,73.70
2026-03-07 06:49:00,17.00,73.60
2026-03-07 06:50:00,17.00,73.50
2026-03-07 06:51:00,17.00,73.30
2026-03-07 06:52:00,17.00,73.40
2026-03-07 06:53:00,17.00,73.30
2026-03-07 06:54:00,17.10,73.30
2026-03-07 06:55:00,17.00,73.30
2026-03-07 06:56:00,17.00,73.30
2026-03-07 06:57:00,17.00,73.30
2026-03-07 06:58:00,17.00,73.20
2026-03-07 06:59:00,17.00,73.20
2026-03-07 07:00:00,17.00,73.20
2026-03-07 07:01:00,17.00,73.20
2026-03-07 07:02:00,17.00,73.20
2026-03-07 07:03:00,17.00,73.20
2026-03-07 07:04:00,17.00,73.20
2026-03-07 07:05:00,17.00,73.20
2026-03-07 07:06:00,17.00,73.20
2026-03-07 07:07:00,17.00,73.20
2026-03-07 07:08:00,17.00,73.20
2026-03-07 07:09:00,17.00,73.20
2026-03-07 07:10:00,17.00,73.20
2026-03-07 07:11:00,17.00,73.20
2026-03-07 07:12:00,17.00,73.40
2026-03-07 07:13:00,17.00,73.50
2026-03-07 07:14:00,17.00,73.70
2026-03-07 07:15:00,16.90,73.70
2026-03-07 07:16:00,16.90,73.80
2026-03-07 07:17:00,16.90,73.80
2026-03-07 07:18:00,17.00,73.80
2026-03-07 07:19:00,16.90,73.80
2026-03-07 07:20:00,16.90,73.90
2026-03-07 07:21:00,16.90,73.80
2026-03-07 07:22:00,16.90,73.60
2026-03-07 07:23:00,17.00,73.50
2026-03-07 07:24:00,17.00,73.40
2026-03-07 07:25:00,16.90,73.50
2026-03-07 07:26:00,16.90,73.70
2026-03-07 07:27:00,16.90,73.70
2026-03-07 07:28:00,16.90,73.70
2026-03-07 07:29:00,16.90,73.80
2026-03-07 07:30:00,16.90,73.90
2026-03-07 07:31:00,16.90,73.90
2026-03-07 07:32:00,16.80,73.90
2026-03-07 07:33:00,16.90,73.70
2026-03-07 07:34:00,16.90,73.80
2026-03-07 07:35:00,16.90,73.70
2026-03-07 07:36:00,16.90,73.80
2026-03-07 07:37:00,17.00,73.70
2026-03-07 07:38:00,17.00,73.60
2026-03-07 07:39:00,16.90,73.60
2026-03-07 07:40:00,16.90,73.60
2026-03-07 07:41:00,16.90,73.70
2026-03-07 07:42:00,16.90,73.60
2026-03-07 07:43:00,16.90,73.60
2026-03-07 07:44:00,16.90,73.60
2026-03-07 07:45:00,16.90,73.60
2026-03-07 07:46:00,16.90,73.70
2026-03-07 07:47:00,16.80,73.70
2026-03-07 07:48:00,16.90,73.40
2026-03-07 07:49:00,16.90,73.20
2026-03-07 07:50:00,16.90,73.20
2026-03-07 07:51:00,16.90,73.20
2026-03-07 07:52:00,17.00,73.30
2026-03-07 07:53:00,16.90,73.30
2026-03-07 07:54:00,17.00,73.40
2026-03-07 07:55:00,16.90,73.50
2026-03-07 07:56:00,16.90,73.40
2026-03-07 07:57:00,16.90,73.40
2026-03-07 07:58:00,16.90,73.50
2026-03-07 07:59:00,16.90,73.50
2026-03-07 08:00:00,16.90,73.60
2026-03-07 08:01:00,16.90,73.60
2026-03-07 08:02:00,16.90,73.70
2026-03-07 08:03:00,16.90,73.70
2026-03-07 08:04:00,16.90,73.50
2026-03-07 08:05:00,16.90,73.60
2026-03-07 08:06:00,16.90,73.60
2026-03-07 08:07:00,16.90,73.50
2026-03-07 08:08:00,16.90,73.40
2026-03-07 08:09:00,16.90,73.20
2026-03-07 08:10:00,16.90,73.20
2026-03-07 08:11:00,16.90,73.20
2026-03-07 08:12:00,16.90,73.20
2026-03-07 08:13:00,16.90,73.20
2026-03-07 08:14:00,16.90,73.20
2026-03-07 08:15:00,16.90,73.10
2026-03-07 08:16:00,16.90,73.30
2026-03-07 08:17:00,16.90,73.30
2026-03-07 08:18:00,16.90,73.30
2026-03-07 08:19:00,16.90,73.30
2026-03-07 08:20:00,16.90,73.20
2026-03-07 08:21:00,16.90,73.30
2026-03-07 08:22:00,16.90,73.20
2026-03-07 08:23:00,16.90,73.10
2026-03-07 08:24:00,16.90,73.10
2026-03-07 08:25:00,16.90,73.00
2026-03-07 08:26:00,16.90,72.90
2026-03-07 08:27:00,16.90,72.60
2026-03-07 08:28:00,17.00,72.60
2026-03-07 08:29:00,16.90,72.50
2026-03-07 08:30:00,17.00,72.60
2026-03-07 08:31:00,17.00,72.60
2026-03-07 08:32:00,17.00,72.70
2026-03-07 08:33:00,16.90,72.70
2026-03-07 08:34:00,16.90,72.90
2026-03-07 08:35:00,16.90,72.90
2026-03-07 08:36:00,16.90,73.00
2026-03-07 08:37:00,16.90,73.00
2026-03-07 08:38:00,17.00,73.00
2026-03-07 08:39:00,16.90,73.10
2026-03-07 08:40:00,16.90,73.10
2026-03-07 08:41:00,17.00,73.10
2026-03-07 08:42:00,17.00,72.90
2026-03-07 08:43:00,17.00,72.80
2026-03-07 08:44:00,17.00,72.70
2026-03-07 08:45:00,16.90,72.80
2026-03-07 08:46:00,16.90,73.00
2026-03-07 08:47:00,16.90,73.00
2026-03-07 08:48:00,16.90,72.90
2026-03-07 08:49:00,16.90,73.00
2026-03-07 08:50:00,16.90,72.80
2026-03-07 08:51:00,16.90,73.00
2026-03-07 08:52:00,17.00,73.00
2026-03-07 08:53:00,17.00,73.00
2026-03-07 08:54:00,17.00,72.80
2026-03-07 08:55:00,17.00,73.00
2026-03-07 08:56:00,16.90,72.80
2026-03-07 08:57:00,16.90,72.60
2026-03-07 08:58:00,16.90,72.80
2026-03-07 08:59:00,17.00,72.90
2026-03-07 09:00:00,17.00,72.90
2026-03-07 09:01:00,17.00,72.60
2026-03-07 09:02:00,17.00,72.50
2026-03-07 09:03:00,17.00,72.60
2026-03-07 09:04:00,17.00,72.60
2026-03-07 09:05:00,17.00,72.70
2026-03-07 09:06:00,17.00,72.70
2026-03-07 09:07:00,17.00,72.70
2026-03-07 09:08:00,16.90,72.70
2026-03-07 09:09:00,17.00,72.60
2026-03-07 09:10:00,17.00,72.50
2026-03-07 09:11:00,17.00,72.50
2026-03-07 09:12:00,17.00,72.50
2026-03-07 09:13:00,17.00,72.50
2026-03-07 09:14:00,17.00,72.50
2026-03-07 09:15:00,17.00,72.50
2026-03-07 09:16:00,17.00,72.50
2026-03-07 09:17:00,17.00,72.50
2026-03-07 09:18:00,17.00,72.50
2026-03-07 09:19:00,17.00,72.50
2026-03-07 09:20:00,17.00,72.30
2026-03-07 09:21:00,17.00,72.50
2026-03-07 09:22:00,17.10,72.40
2026-03-07 09:23:00,17.10,72.20
2026-03-07 09:24:00,17.00,72.20
2026-03-07 09:25:00,17.00,72.20
2026-03-07 09:26:00,17.00,72.50
2026-03-07 09:27:00,17.00,72.50
2026-03-07 09:28:00,17.10,72.20
2026-03-07 09:29:00,17.00,72.00
2026-03-07 09:30:00,17.00,72.20
2026-03-07 09:31:00,17.10,72.10
2026-03-07 09:32:00,17.00,72.20
2026-03-07 09:33:00,17.00,72.30
2026-03-07 09:34:00,17.00,72.40
2026-03-07 09:35:00,17.10,71.90
2026-03-07 09:36:00,17.10,72.10
2026-03-07 09:37:00,17.00,72.30
2026-03-07 09:38:00,17.00,72.40
2026-03-07 09:39:00,17.00,72.20
2026-03-07 09:40:00,17.00,72.00
2026-03-07 09:41:00,17.10,71.60
2026-03-07 09:42:00,17.00,71.80
2026-03-07 09:43:00,17.10,71.90
2026-03-07 09:44:00,17.10,71.90
2026-03-07 09:45:00,17.00,72.00
2026-03-07 09:46:00,17.00,72.20
2026-03-07 09:47:00,17.10,72.10
2026-03-07 09:48:00,17.00,72.20
2026-03-07 09:49:00,17.00,72.00
2026-03-07 09:50:00,17.10,71.80
2026-03-07 09:51:00,17.00,72.00
2026-03-07 09:52:00,17.00,72.00
2026-03-07 09:53:00,17.00,72.20
2026-03-07 09:54:00,17.00,72.20
2026-03-07 09:55:00,17.00,72.00
2026-03-07 09:56:00,17.00,72.00
2026-03-07 09:57:00,17.00,72.00
2026-03-07 09:58:00,17.00,72.20
2026-03-07 09:59:00,17.00,72.10
2026-03-07 10:00:00,17.10,71.80
2026-03-07 10:01:00,17.00,71.90
2026-03-07 10:02:00,17.00,72.00
2026-03-07 10:03:00,17.00,71.90
2026-03-07 10:04:00,17.00,72.00
2026-03-07 10:05:00,17.00,72.20
2026-03-07 10:06:00,17.00,72.20
2026-03-07 10:07:00,17.00,72.20
2026-03-07 10:08:00,17.00,72.10
2026-03-07 10:09:00,17.00,72.00
2026-03-07 10:10:00,17.00,72.20
2026-03-07 10:11:00,17.00,72.30
2026-03-07 10:12:00,17.10,72.10
2026-03-07 10:13:00,17.00,72.20
2026-03-07 10:14:00,17.10,71.80
2026-03-07 10:15:00,17.10,71.80
2026-03-07 10:16:00,17.10,71.90
2026-03-07 10:17:00,17.00,71.90
2026-03-07 10:18:00,17.10,71.80
2026-03-07 10:19:00,17.10,71.60
2026-03-07 10:20:00,17.00,71.50
2026-03-07 10:21:00,17.00,71.50
2026-03-07 10:22:00,17.00,71.70
2026-03-07 10:23:00,17.00,71.90
2026-03-07 10:24:00,17.00,71.70
2026-03-07 10:25:00,17.00,71.90
2026-03-07 10:26:00,17.00,71.90
2026-03-07 10:27:00,17.10,71.40
2026-03-07 10:28:00,17.10,71.50
2026-03-07 10:29:00,17.10,71.30
2026-03-07 10:30:00,17.10,71.40
2026-03-07 10:31:00,17.10,71.40
2026-03-07 10:32:00,17.10,71.40
2026-03-07 10:33:00,17.10,71.40
2026-03-07 10:34:00,17.10,71.30
2026-03-07 10:35:00,17.00,71.50
2026-03-07 10:36:00,17.10,71.40
2026-03-07 10:37:00,17.10,71.30
2026-03-07 10:38:00,17.20,71.30
2026-03-07 10:39:00,17.20,71.40
2026-03-07 10:40:00,17.20,71.20
2026-03-07 10:41:00,17.20,71.10
2026-03-07 10:42:00,17.20,71.00
2026-03-07 10:43:00,17.20,71.00
2026-03-07 10:44:00,17.30,70.70
2026-03-07 10:45:00,17.20,70.60
2026-03-07 10:46:00,17.30,70.50
2026-03-07 10:47:00,17.20,70.50
2026-03-07 10:48:00,17.30,70.40
2026-03-07 10:49:00,17.30,70.30
2026-03-07 10:50:00,17.30,70.10
2026-03-07 10:51:00,17.30,70.10
2026-03-07 10:52:00,17.30,70.10
2026-03-07 10:53:00,17.30,70.00
2026-03-07 10:54:00,17.30,69.80
2026-03-07 10:55:00,17.30,69.70
2026-03-07 10:56:00,17.30,69.40
2026-03-07 10:57:00,17.40,69.40
2026-03-07 10:58:00,17.30,69.30
2026-03-07 10:59:00,17.30,69.00
2026-03-07 11:00:00,17.30,69.30
2026-03-07 11:01:00,17.30,69.40
2026-03-07 11:02:00,17.30,69.40
2026-03-07 11:03:00,17.30,69.40
2026-03-07 11:04:00,17.30,69.40
2026-03-07 11:05:00,17.40,69.30
2026-03-07 11:06:00,17.40,69.20
2026-03-07 11:07:00,17.40,69.00
2026-03-07 11:08:00,17.40,69.10
2026-03-07 11:09:00,17.40,69.20
2026-03-07 11:10:00,17.40,69.10
2026-03-07 11:11:00,17.40,69.00
2026-03-07 11:12:00,17.50,68.40
2026-03-07 11:13:00,17.40,68.80
2026-03-07 11:14:00,17.40,68.80
2026-03-07 11:15:00,17.40,68.90
2026-03-07 11:16:00,17.40,68.80
2026-03-07 11:17:00,17.40,68.90
2026-03-07 11:18:00,17.40,68.80
2026-03-07 11:19:00,17.40,68.80
2026-03-07 11:20:00,17.40,68.70
2026-03-07 11:21:00,17.50,68.50
2026-03-07 11:22:00,17.50,68.30
2026-03-07 11:23:00,17.50,68.40
2026-03-07 11:24:00,17.50,68.30
2026-03-07 11:25:00,17.50,68.40
2026-03-07 11:26:00,17.50,68.50
2026-03-07 11:27:00,17.50,68.40
2026-03-07 11:28:00,17.50,68.40
2026-03-07 11:29:00,17.50,68.50
2026-03-07 11:30:00,17.50,68.60
2026-03-07 11:31:00,17.50,68.60
2026-03-07 11:32:00,17.50,68.60
2026-03-07 11:33:00,17.50,68.50
2026-03-07 11:34:00,17.50,68.50
2026-03-07 11:35:00,17.50,67.80
2026-03-07 11:36:00,17.40,67.50
2026-03-07 11:37:00,17.30,67.60
2026-03-07 11:38:00,17.20,67.90
2026-03-07 11:39:00,17.20,67.90
2026-03-07 11:40:00,17.20,68.10
2026-03-07 11:41:00,17.20,68.10
2026-03-07 11:42:00,17.20,68.10
2026-03-07 11:43:00,17.10,68.20
2026-03-07 11:44:00,17.10,68.30
2026-03-07 11:45:00,17.00,68.70
2026-03-07 11:46:00,17.00,69.00
2026-03-07 11:47:00,16.90,69.00
2026-03-07 11:48:00,16.90,69.10
2026-03-07 11:49:00,16.90,69.10
2026-03-07 11:50:00,16.90,69.00
2026-03-07 11:51:00,17.00,68.60
2026-03-07 11:52:00,16.90,69.00
2026-03-07 11:53:00,17.00,69.20
2026-03-07 11:54:00,17.20,68.50
2026-03-07 11:55:00,17.30,68.80
2026-03-07 11:56:00,17.40,68.80
2026-03-07 11:57:00,17.50,68.80
2026-03-07 11:58:00,17.60,68.80
2026-03-07 11:59:00,17.60,68.70
2026-03-07 12:00:00,17.70,68.90
2026-03-07 12:01:00,17.70,68.70
2026-03-07 12:02:00,17.60,68.40
2026-03-07 12:03:00,17.60,68.60
2026-03-07 12:04:00,17.70,68.90
2026-03-07 12:05:00,17.60,68.30
2026-03-07 12:06:00,17.60,67.80
2026-03-07 12:07:00,17.50,68.00
2026-03-07 12:08:00,17.50,68.10
2026-03-07 12:09:00,17.40,68.20
2026-03-07 12:10:00,17.30,69.10
2026-03-07 12:11:00,17.20,69.90
2026-03-07 12:12:00,17.20,69.70
2026-03-07 12:13:00,17.00,70.10
2026-03-07 12:14:00,16.90,70.30
2026-03-07 12:15:00,16.80,70.50
2026-03-07 12:16:00,16.80,70.70
2026-03-07 12:17:00,16.80,70.70
2026-03-07 12:18:00,16.80,70.70
2026-03-07 12:19:00,16.80,70.70
2026-03-07 12:20:00,16.90,70.50
2026-03-07 12:21:00,17.00,70.30
2026-03-07 12:22:00,17.00,70.10
2026-03-07 12:23:00,17.00,70.20
2026-03-07 12:24:00,17.00,70.30
2026-03-07 12:25:00,17.00,70.40
2026-03-07 12:26:00,17.00,70.40
2026-03-07 12:27:00,17.00,70.40
2026-03-07 12:28:00,17.00,70.30
2026-03-07 12:29:00,16.90,70.10
2026-03-07 12:30:00,16.90,70.40
2026-03-07 12:31:00,16.90,70.30
2026-03-07 12:32:00,16.90,70.00
2026-03-07 12:33:00,16.90,69.90
2026-03-07 12:34:00,17.00,69.70
2026-03-07 12:35:00,17.00,69.70
2026-03-07 12:36:00,17.10,69.80
2026-03-07 12:37:00,17.20,69.80
2026-03-07 12:38:00,17.20,70.00
2026-03-07 12:39:00,17.10,69.90
2026-03-07 12:40:00,17.10,69.80
2026-03-07 12:41:00,17.10,69.90
2026-03-07 12:42:00,17.00,69.90
2026-03-07 12:43:00,17.10,69.80
2026-03-07 12:44:00,17.10,69.80
2026-03-07 12:45:00,17.20,69.50
2026-03-07 12:46:00,17.10,69.30
2026-03-07 12:47:00,17.10,69.30
2026-03-07 12:48:00,17.00,69.40
2026-03-07 12:49:00,17.00,69.60
2026-03-07 12:50:00,17.00,69.60
2026-03-07 12:51:00,17.00,69.50
2026-03-07 12:52:00,17.10,69.30
2026-03-07 12:53:00,17.20,69.20
2026-03-07 12:54:00,17.10,69.10
2026-03-07 12:55:00,17.10,69.00
2026-03-07 12:56:00,17.00,69.00
2026-03-07 12:57:00,17.00,69.10
2026-03-07 12:58:00,16.90,69.10
2026-03-07 12:59:00,17.00,69.10
2026-03-07 13:00:00,16.90,69.10
2026-03-07 13:01:00,17.00,69.10
2026-03-07 13:02:00,17.00,69.00
2026-03-07 13:03:00,16.90,68.90
2026-03-07 13:04:00,16.90,69.10
2026-03-07 13:05:00,16.90,69.20
2026-03-07 13:06:00,16.90,69.10
2026-03-07 13:07:00,16.90,69.00
2026-03-07 13:08:00,16.70,69.20
2026-03-07 13:09:00,16.70,69.30
2026-03-07 13:10:00,16.70,69.30
2026-03-07 13:11:00,16.80,69.10
2026-03-07 13:12:00,16.70,69.20
2026-03-07 13:13:00,16.70,69.30
2026-03-07 13:14:00,16.70,69.30
2026-03-07 13:15:00,16.80,69.20
2026-03-07 13:16:00,16.80,69.00
2026-03-07 13:17:00,16.80,69.00
2026-03-07 13:18:00,16.80,68.90
2026-03-07 13:19:00,16.80,68.90
2026-03-07 13:20:00,16.80,68.80
2026-03-07 13:21:00,16.80,69.00
2026-03-07 13:22:00,16.80,69.00
2026-03-07 13:23:00,16.80,69.20
2026-03-07 13:24:00,16.80,69.20
2026-03-07 13:25:00,16.80,69.20
2026-03-07 13:26:00,16.90,69.00
2026-03-07 13:27:00,16.90,69.00
2026-03-07 13:28:00,16.70,69.10
2026-03-07 13:29:00,16.60,69.40
2026-03-07 13:30:00,16.50,69.60
2026-03-07 13:31:00,16.50,69.80
2026-03-07 13:32:00,16.50,69.80
2026-03-07 13:33:00,16.50,69.80
2026-03-07 13:34:00,16.50,69.90
2026-03-07 13:35:00,16.50,69.80
2026-03-07 13:36:00,16.60,69.60
2026-03-07 13:37:00,16.60,69.60
2026-03-07 13:38:00,16.70,69.50
2026-03-07 13:39:00,16.70,69.30
2026-03-07 13:40:00,16.80,69.10
2026-03-07 13:41:00,16.80,69.00
2026-03-07 13:42:00,16.80,69.00
2026-03-07 13:43:00,16.80,69.10
2026-03-07 13:44:00,16.80,69.20
2026-03-07 13:45:00,16.70,69.40
2026-03-07 13:46:00,16.60,69.60
2026-03-07 13:47:00,16.60,69.80
2026-03-07 13:48:00,16.50,70.00
2026-03-07 13:49:00,16.40,70.00
2026-03-07 13:50:00,16.40,70.10
2026-03-07 13:51:00,16.40,70.20
2026-03-07 13:52:00,16.30,70.30
2026-03-07 13:53:00,16.30,70.20
2026-03-07 13:54:00,16.30,70.30
2026-03-07 13:55:00,16.30,70.40
2026-03-07 13:56:00,16.30,70.50
2026-03-07 13:57:00,16.30,70.40
2026-03-07 13:58:00,16.30,70.40
2026-03-07 13:59:00,16.30,70.40
2026-03-07 14:00:00,16.30,70.40
2026-03-07 14:01:00,16.40,70.40
2026-03-07 14:02:00,16.40,70.40
2026-03-07 14:03:00,16.40,70.40
2026-03-07 14:04:00,16.40,70.40
2026-03-07 14:05:00,16.40,70.40
2026-03-07 14:06:00,16.40,70.40
2026-03-07 14:07:00,16.40,70.40
2026-03-07 14:08:00,16.40,70.40
2026-03-07 14:09:00,16.50,70.40
2026-03-07 14:10:00,16.50,70.30
2026-03-07 14:11:00,16.50,70.20
2026-03-07 14:12:00,16.70,70.00
2026-03-07 14:13:00,16.60,69.90
2026-03-07 14:14:00,16.70,69.80
2026-03-07 14:15:00,16.70,69.80
2026-03-07 14:16:00,16.70,69.80
2026-03-07 14:17:00,16.70,69.80
2026-03-07 14:18:00,16.70,69.80
2026-03-07 14:19:00,16.50,70.00
2026-03-07 14:20:00,16.50,70.20
2026-03-07 14:21:00,16.60,70.00
2026-03-07 14:22:00,16.60,70.00
2026-03-07 14:23:00,16.70,69.90
2026-03-07 14:24:00,16.70,69.80
2026-03-07 14:25:00,16.70,69.80
2026-03-07 14:26:00,16.80,69.70
2026-03-07 14:27:00,16.80,69.50
2026-03-07 14:28:00,16.80,69.40
2026-03-07 14:29:00,16.80,69.40
2026-03-07 14:30:00,16.70,69.60
2026-03-07 14:31:00,16.80,69.60
2026-03-07 14:32:00,16.70,69.60
2026-03-07 14:33:00,16.80,69.50
2026-03-07 14:34:00,16.80,69.50
2026-03-07 14:35:00,16.80,69.40
2026-03-07 14:36:00,16.80,69.30
2026-03-07 14:37:00,16.80,69.20
2026-03-07 14:38:00,16.80,69.20
2026-03-07 14:39:00,16.80,69.10
2026-03-07 14:40:00,16.80,69.20
2026-03-07 14:41:00,16.90,69.20
2026-03-07 14:42:00,16.90,69.10
2026-03-07 14:43:00,16.90,69.00
2026-03-07 14:44:00,16.90,69.10
2026-03-07 14:45:00,16.90,69.00
2026-03-07 14:46:00,16.90,69.00
2026-03-07 14:47:00,16.90,69.10
2026-03-07 14:48:00,16.90,69.00
2026-03-07 14:49:00,17.00,69.10
2026-03-07 14:50:00,16.90,69.20
2026-03-07 14:51:00,16.90,69.20
2026-03-07 14:52:00,16.90,69.10
2026-03-07 14:53:00,16.90,69.10
2026-03-07 14:54:00,16.90,69.20
2026-03-07 14:55:00,16.80,69.20
2026-03-07 14:56:00,16.90,69.40
2026-03-07 14:57:00,16.90,69.40
2026-03-07 14:58:00,16.80,69.60
2026-03-07 14:59:00,16.70,69.90
2026-03-07 15:00:00,16.70,70.20
2026-03-07 15:01:00,16.40,70.60
2026-03-07 15:02:00,16.40,71.00
2026-03-07 15:03:00,16.30,71.30
2026-03-07 15:04:00,16.30,71.50
2026-03-07 15:05:00,16.30,71.70
2026-03-07 15:06:00,16.20,72.20
2026-03-07 15:07:00,16.10,72.50
2026-03-07 15:08:00,16.00,72.90
2026-03-07 15:09:00,16.00,73.10
2026-03-07 15:10:00,16.00,73.30
2026-03-07 15:11:00,16.00,73.50
2026-03-07 15:12:00,16.10,73.40
2026-03-07 15:13:00,16.10,73.50
2026-03-07 15:14:00,16.00,73.80
2026-03-07 15:15:00,16.10,73.80
2026-03-07 15:16:00,16.10,73.80
2026-03-07 15:17:00,16.20,73.50
2026-03-07 15:18:00,16.20,73.30
2026-03-07 15:19:00,16.20,73.40
2026-03-07 15:20:00,16.10,73.20
2026-03-07 15:21:00,16.30,72.80
2026-03-07 15:22:00,16.30,72.50
2026-03-07 15:23:00,16.30,72.20
2026-03-07 15:24:00,16.30,72.10
2026-03-07 15:25:00,16.30,72.10
2026-03-07 15:26:00,16.40,71.90
2026-03-07 15:27:00,16.40,71.60
2026-03-07 15:28:00,16.40,71.40
2026-03-07 15:29:00,16.30,71.40
2026-03-07 15:30:00,16.30,71.40
2026-03-07 15:31:00,16.30,71.40
2026-03-07 15:32:00,16.20,71.50
2026-03-07 15:33:00,16.20,71.50
2026-03-07 15:34:00,16.30,71.50
2026-03-07 15:35:00,16.40,71.40
2026-03-07 15:36:00,16.70,71.10
2026-03-07 15:37:00,17.00,71.00
2026-03-07 15:38:00,17.10,70.00
2026-03-07 15:39:00,17.00,69.90
2026-03-07 15:40:00,17.10,69.50
2026-03-07 15:41:00,17.10,69.30
2026-03-07 15:42:00,17.10,69.10
2026-03-07 15:43:00,17.10,69.10
2026-03-07 15:44:00,17.20,69.00
2026-03-07 15:45:00,17.20,69.00
2026-03-07 15:46:00,17.20,68.90
2026-03-07 15:47:00,17.30,68.60
2026-03-07 15:48:00,17.20,68.70
2026-03-07 15:49:00,17.30,68.60
2026-03-07 15:50:00,17.30,68.60
2026-03-07 15:51:00,17.30,68.40
2026-03-07 15:52:00,17.30,68.40
2026-03-07 15:53:00,17.30,68.30
2026-03-07 15:54:00,17.30,68.30
2026-03-07 15:55:00,17.40,68.20
2026-03-07 15:56:00,17.40,68.10
2026-03-07 15:57:00,17.40,68.00
2026-03-07 15:58:00,17.50,68.00
2026-03-07 15:59:00,17.40,67.90
2026-03-07 16:00:00,17.50,67.90
2026-03-07 16:01:00,17.50,67.80
2026-03-07 16:02:00,17.60,67.90
2026-03-07 16:03:00,17.60,67.60
2026-03-07 16:04:00,17.60,67.50
2026-03-07 16:05:00,17.60,67.40
2026-03-07 16:06:00,17.60,67.40
2026-03-07 16:07:00,17.60,67.40
2026-03-07 16:08:00,17.60,67.40
2026-03-07 16:09:00,17.60,67.40
2026-03-07 16:10:00,17.50,67.50
2026-03-07 16:11:00,17.60,67.40
2026-03-07 16:12:00,17.60,67.40
2026-03-07 16:13:00,17.60,67.30
2026-03-07 16:14:00,17.60,67.30
2026-03-07 16:15:00,17.60,67.30
2026-03-07 16:16:00,17.60,67.30
2026-03-07 16:17:00,17.60,67.30
2026-03-07 16:18:00,17.60,67.40
2026-03-07 16:19:00,17.60,67.40
2026-03-07 16:20:00,17.60,67.40
2026-03-07 16:21:00,17.60,67.40
2026-03-07 16:22:00,17.60,67.50
2026-03-07 16:23:00,17.60,67.40
2026-03-07 16:24:00,17.70,67.20
2026-03-07 16:25:00,17.80,66.80
2026-03-07 16:26:00,17.80,66.70
2026-03-07 16:27:00,17.80,66.60
2026-03-07 16:28:00,17.80,66.60
2026-03-07 16:29:00,17.80,66.60
2026-03-07 16:30:00,17.90,66.50
2026-03-07 16:31:00,17.90,66.30
2026-03-07 16:32:00,17.90,66.30
2026-03-07 16:33:00,17.80,66.20
2026-03-07 16:34:00,17.90,66.30
2026-03-07 16:35:00,17.80,66.30
2026-03-07 16:36:00,17.90,66.30
2026-03-07 16:37:00,17.90,66.30
2026-03-07 16:38:00,17.90,66.30
2026-03-07 16:39:00,18.00,66.30
2026-03-07 16:40:00,18.00,66.80
2026-03-07 16:41:00,17.90,66.60
2026-03-07 16:42:00,17.90,66.80
2026-03-07 16:43:00,18.00,66.60
2026-03-07 16:44:00,17.90,66.50
2026-03-07 16:45:00,18.00,66.50
2026-03-07 16:46:00,18.00,66.50
2026-03-07 16:47:00,17.90,66.50
2026-03-07 16:48:00,18.00,66.50
2026-03-07 16:49:00,18.00,66.50
2026-03-07 16:50:00,18.00,66.60
2026-03-07 16:51:00,18.00,66.50
2026-03-07 16:52:00,18.00,66.50
2026-03-07 16:53:00,18.00,66.60
2026-03-07 16:54:00,18.00,66.60
2026-03-07 16:55:00,18.00,66.70
2026-03-07 16:56:00,18.10,66.70
2026-03-07 16:57:00,18.10,66.30
2026-03-07 16:58:00,18.10,66.40
2026-03-07 16:59:00,18.20,66.10
2026-03-07 17:00:00,18.10,66.10
2026-03-07 17:01:00,18.20,66.10
2026-03-07 17:02:00,18.20,66.10
2026-03-07 17:03:00,18.20,66.10
2026-03-07 17:04:00,18.20,65.90
2026-03-07 17:05:00,18.20,65.90
2026-03-07 17:06:00,18.20,65.80
2026-03-07 17:07:00,18.20,65.90
2026-03-07 17:08:00,18.30,65.70
2026-03-07 17:09:00,18.30,65.70
2026-03-07 17:10:00,18.20,65.90
2026-03-07 17:11:00,18.30,65.80
2026-03-07 17:12:00,18.20,65.90
2026-03-07 17:13:00,18.20,65.70
2026-03-07 17:14:00,18.00,66.30
2026-03-07 17:15:00,18.00,66.60
2026-03-07 17:16:00,18.00,66.60
2026-03-07 17:17:00,18.00,66.50
2026-03-07 17:18:00,17.90,66.50
2026-03-07 17:19:00,17.90,66.50
2026-03-07 17:20:00,17.90,66.60
2026-03-07 17:21:00,18.00,66.70
2026-03-07 17:22:00,17.90,66.70
2026-03-07 17:23:00,18.00,66.50
2026-03-07 17:24:00,18.10,66.50
2026-03-07 17:25:00,18.10,66.50
2026-03-07 17:26:00,18.10,66.30
2026-03-07 17:27:00,18.10,66.40
2026-03-07 17:28:00,18.10,66.40
2026-03-07 17:29:00,18.10,66.20
2026-03-07 17:30:00,18.10,66.10
2026-03-07 17:31:00,18.00,66.20
2026-03-07 17:32:00,18.10,66.20
2026-03-07 17:33:00,18.10,66.10
2026-03-07 17:34:00,18.00,66.30
2026-03-07 17:35:00,18.00,66.30
2026-03-07 17:36:00,18.10,66.10
2026-03-07 17:37:00,18.20,65.90
2026-03-07 17:38:00,18.20,65.80
2026-03-07 17:39:00,18.30,65.60
2026-03-07 17:40:00,18.30,65.60
2026-03-07 17:41:00,18.40,65.50
2026-03-07 17:42:00,18.30,65.30
2026-03-07 17:43:00,18.40,65.80
2026-03-07 17:44:00,18.40,65.80
2026-03-07 17:45:00,18.40,65.70
2026-03-07 17:46:00,18.40,65.50
2026-03-07 17:47:00,18.40,65.40
2026-03-07 17:48:00,18.50,65.20
2026-03-07 17:49:00,18.40,65.10
2026-03-07 17:50:00,18.40,65.10
2026-03-07 17:51:00,18.40,65.20
2026-03-07 17:52:00,18.40,65.10
2026-03-07 17:53:00,18.40,65.10
2026-03-07 17:54:00,18.40,65.00
2026-03-07 17:55:00,18.40,65.10
2026-03-07 17:56:00,18.40,65.00
2026-03-07 17:57:00,18.40,65.20
2026-03-07 17:58:00,18.40,65.10
2026-03-07 17:59:00,18.30,65.00
2026-03-07 18:00:00,18.40,65.00
2026-03-07 18:01:00,18.40,65.20
2026-03-07 18:02:00,18.40,65.10
2026-03-07 18:03:00,18.50,64.60
2026-03-07 18:04:00,18.30,65.00
2026-03-07 18:05:00,18.30,65.20
2026-03-07 18:06:00,18.40,65.00
2026-03-07 18:07:00,18.40,65.00
2026-03-07 18:08:00,18.40,65.20
2026-03-07 18:09:00,18.40,65.00
2026-03-07 18:10:00,18.40,65.10
2026-03-07 18:11:00,18.40,65.20
2026-03-07 18:12:00,18.40,65.20
2026-03-07 18:13:00,18.40,65.10
2026-03-07 18:14:00,18.40,65.00
2026-03-07 18:15:00,18.30,65.10
2026-03-07 18:16:00,18.20,64.90
2026-03-07 18:17:00,18.00,65.20
2026-03-07 18:18:00,17.90,65.30
2026-03-07 18:19:00,17.80,65.40
2026-03-07 18:20:00,17.60,65.90
2026-03-07 18:21:00,17.50,66.50
2026-03-07 18:22:00,17.50,66.80
2026-03-07 18:23:00,17.60,66.70
2026-03-07 18:24:00,17.70,66.60
2026-03-07 18:25:00,17.90,66.50
2026-03-07 18:26:00,17.90,66.20
2026-03-07 18:27:00,18.00,66.30
2026-03-07 18:28:00,18.00,65.90
2026-03-07 18:29:00,18.00,65.70
2026-03-07 18:30:00,18.00,65.70
2026-03-07 18:31:00,18.10,65.60
2026-03-07 18:32:00,18.10,65.50
2026-03-07 18:33:00,18.10,65.40
2026-03-07 18:34:00,18.20,65.30
2026-03-07 18:35:00,18.10,65.30
2026-03-07 18:36:00,18.20,65.20
2026-03-07 18:37:00,18.20,65.20
2026-03-07 18:38:00,18.20,65.10
2026-03-07 18:39:00,18.20,64.90
2026-03-07 18:40:00,18.10,64.90
2026-03-07 18:41:00,18.10,65.00
2026-03-07 18:42:00,18.10,64.90
2026-03-07 18:43:00,18.10,64.70
2026-03-07 18:44:00,18.10,64.90
2026-03-07 18:45:00,18.10,64.90
2026-03-07 18:46:00,18.20,65.00
2026-03-07 18:47:00,18.20,64.90
2026-03-07 18:48:00,18.20,64.80
2026-03-07 18:49:00,18.20,64.60
2026-03-07 18:50:00,17.90,64.60
2026-03-07 18:51:00,17.50,65.50
2026-03-07 18:52:00,17.30,65.70
2026-03-07 18:53:00,17.00,66.50
2026-03-07 18:54:00,16.90,66.90
2026-03-07 18:55:00,16.80,67.30
2026-03-07 18:56:00,16.70,67.50
2026-03-07 18:57:00,16.70,67.70
2026-03-07 18:58:00,16.60,67.80
2026-03-07 18:59:00,16.50,68.10
2026-03-07 19:00:00,16.60,67.80
2026-03-07 19:01:00,16.50,67.90
2026-03-07 19:02:00,16.50,68.00
2026-03-07 19:03:00,16.50,68.10
2026-03-07 19:04:00,16.20,68.60
2026-03-07 19:05:00,16.30,68.70
2026-03-07 19:06:00,16.10,68.90
2026-03-07 19:07:00,16.00,69.20
2026-03-07 19:08:00,16.00,69.60
2026-03-07 19:09:00,16.10,69.50
2026-03-07 19:10:00,16.10,69.40
2026-03-07 19:11:00,16.00,69.40
2026-03-07 19:12:00,16.00,69.30
2026-03-07 19:13:00,16.00,69.30
2026-03-07 19:14:00,15.70,69.70
2026-03-07 19:15:00,15.60,70.10
2026-03-07 19:16:00,15.70,70.30
2026-03-07 19:17:00,15.80,70.00
2026-03-07 19:18:00,15.80,69.90
2026-03-07 19:19:00,15.70,70.20
2026-03-07 19:20:00,15.80,70.00
2026-03-07 19:21:00,16.00,69.70
2026-03-07 19:22:00,16.00,69.40
2026-03-07 19:23:00,16.10,69.30
2026-03-07 19:24:00,16.00,69.20
2026-03-07 19:25:00,16.00,69.40
2026-03-07 19:26:00,16.10,69.20
2026-03-07 19:27:00,16.00,69.30
2026-03-07 19:28:00,15.70,69.70
2026-03-07 19:29:00,15.60,70.20
2026-03-07 19:30:00,15.60,70.50
2026-03-07 19:31:00,15.60,70.60
2026-03-07 19:32:00,15.70,70.70
2026-03-07 19:33:00,15.70,70.60
2026-03-07 19:34:00,15.90,70.20
2026-03-07 19:35:00,15.90,70.00
2026-03-07 19:36:00,15.70,69.90
2026-03-07 19:37:00,15.70,69.90
2026-03-07 19:38:00,15.70,70.00
2026-03-07 19:39:00,15.90,69.60
2026-03-07 19:40:00,15.90,69.40
2026-03-07 19:41:00,15.90,69.20
2026-03-07 19:42:00,16.00,69.10
2026-03-07 19:43:00,16.10,68.80
2026-03-07 19:44:00,16.00,68.90
2026-03-07 19:45:00,16.00,68.90
2026-03-07 19:46:00,16.00,68.60
2026-03-07 19:47:00,16.00,68.30
2026-03-07 19:48:00,16.00,68.50
2026-03-07 19:49:00,15.90,68.80
2026-03-07 19:50:00,15.80,69.20
2026-03-07 19:51:00,15.80,69.20
2026-03-07 19:52:00,15.80,69.30
2026-03-07 19:53:00,15.80,69.20
2026-03-07 19:54:00,15.80,69.00
2026-03-07 19:55:00,15.70,69.30
2026-03-07 19:56:00,15.70,69.40
2026-03-07 19:57:00,15.80,69.10
2026-03-07 19:58:00,15.80,69.10
2026-03-07 19:59:00,15.90,69.20
2026-03-07 20:00:00,15.90,69.00
2026-03-07 20:01:00,15.90,69.00
2026-03-07 20:02:00,15.90,68.90
2026-03-07 20:03:00,15.90,68.90
2026-03-07 20:04:00,15.80,68.90
2026-03-07 20:05:00,15.80,68.90
2026-03-07 20:06:00,15.90,68.80
2026-03-07 20:07:00,16.00,68.60
2026-03-07 20:08:00,16.00,68.60
2026-03-07 20:09:00,16.00,68.30
2026-03-07 20:10:00,16.00,68.30
2026-03-07 20:11:00,16.00,68.30
2026-03-07 20:12:00,16.00,68.20
2026-03-07 20:13:00,16.10,68.00
2026-03-07 20:14:00,16.00,67.80
2026-03-07 20:15:00,16.10,67.60
2026-03-07 20:16:00,16.00,67.80
2026-03-07 20:17:00,16.00,67.60
2026-03-07 20:18:00,16.00,67.60
2026-03-07 20:19:00,15.90,67.50
2026-03-07 20:20:00,15.90,67.60
2026-03-07 20:21:00,15.80,67.50
2026-03-07 20:22:00,15.70,67.70
2026-03-07 20:23:00,15.60,67.70
2026-03-07 20:24:00,15.70,67.90
2026-03-07 20:25:00,15.70,67.70
2026-03-07 20:26:00,15.60,67.60
2026-03-07 20:27:00,15.60,67.70
2026-03-07 20:28:00,15.50,67.80
2026-03-07 20:29:00,15.40,68.00
2026-03-07 20:30:00,15.50,68.00
2026-03-07 20:31:00,15.70,67.70
2026-03-07 20:32:00,15.60,67.50
2026-03-07 20:33:00,15.50,67.80
2026-03-07 20:34:00,15.50,68.00
2026-03-07 20:35:00,15.60,67.70
2026-03-07 20:36:00,15.60,67.60
2026-03-07 20:37:00,15.70,67.60
2026-03-07 20:38:00,15.70,67.40
2026-03-07 20:39:00,15.80,66.80
2026-03-07 20:40:00,15.70,67.00
2026-03-07 20:41:00,15.60,67.10
2026-03-07 20:42:00,15.70,67.20
2026-03-07 20:43:00,15.60,67.00
2026-03-07 20:44:00,15.40,67.10
2026-03-07 20:45:00,15.30,67.30
2026-03-07 20:46:00,15.20,67.60
2026-03-07 20:47:00,15.30,67.60
2026-03-07 20:48:00,15.30,67.50
2026-03-07 20:49:00,15.30,67.50
2026-03-07 20:50:00,15.30,67.40
2026-03-07 20:51:00,15.40,67.40
2026-03-07 20:52:00,15.40,67.10
2026-03-07 20:53:00,15.20,67.30
2026-03-07 20:54:00,15.20,67.40
2026-03-07 20:55:00,15.30,67.30
2026-03-07 20:56:00,15.20,67.20
2026-03-07 20:57:00,15.20,67.40
2026-03-07 20:58:00,15.20,67.40
2026-03-07 20:59:00,15.20,67.20
2026-03-07 21:00:00,15.10,67.30
2026-03-07 21:01:00,15.10,67.60
2026-03-07 21:02:00,15.20,67.40
2026-03-07 21:03:00,15.30,67.10
2026-03-07 21:04:00,15.40,67.10
2026-03-07 21:05:00,15.50,66.90
2026-03-07 21:06:00,15.50,66.60
2026-03-07 21:07:00,15.60,66.40
2026-03-07 21:08:00,15.60,66.20
2026-03-07 21:09:00,15.40,66.50
2026-03-07 21:10:00,15.40,66.60
2026-03-07 21:11:00,15.50,66.50
2026-03-07 21:12:00,15.60,66.30
2026-03-07 21:13:00,15.70,66.20
2026-03-07 21:14:00,15.70,65.90
2026-03-07 21:15:00,15.70,65.90
2026-03-07 21:16:00,15.70,66.30
2026-03-07 21:17:00,15.70,66.30
2026-03-07 21:18:00,15.40,66.20
2026-03-07 21:19:00,15.30,66.60
2026-03-07 21:20:00,15.40,66.80
2026-03-07 21:21:00,15.30,66.80
2026-03-07 21:22:00,15.40,66.80
2026-03-07 21:23:00,15.40,67.00
2026-03-07 21:24:00,15.60,67.20
2026-03-07 21:25:00,15.90,67.80
2026-03-07 21:26:00,16.30,67.30
2026-03-07 21:27:00,16.40,65.80
2026-03-07 21:28:00,16.30,65.10
2026-03-07 21:29:00,16.20,65.00
2026-03-07 21:30:00,16.00,65.50
2026-03-08 19:32:27,17.50,62.00
2026-03-08 19:33:27,17.50,61.90
2026-03-08 19:34:27,17.50,62.00
2026-03-08 19:35:27,17.50,61.90
2026-03-08 19:36:27,17.60,61.80
2026-03-08 19:37:27,17.50,61.80
2026-03-08 19:38:27,17.40,62.10
2026-03-08 19:39:27,17.30,62.30
2026-03-08 19:40:27,17.40,62.30
2026-03-08 19:41:27,17.40,62.10
2026-03-08 19:42:27,17.50,62.10
2026-03-08 19:43:27,17.50,62.00
2026-03-08 19:44:27,17.50,62.00
2026-03-08 19:45:27,17.50,61.80
2026-03-08 19:46:27,17.60,61.70
2026-03-08 19:47:27,17.60,61.80
2026-03-08 19:48:27,17.60,61.70
2026-03-08 19:49:27,17.60,61.80
2026-03-08 19:50:27,17.60,61.70
2026-03-08 19:51:27,17.70,61.60
2026-03-08 19:52:27,17.70,61.80
2026-03-08 19:53:27,17.60,61.80
2026-03-08 19:54:27,17.60,61.60
2026-03-08 19:55:27,17.60,61.50
2026-03-08 19:56:27,17.70,61.40
2026-03-08 19:57:27,17.60,61.60
2026-03-08 19:58:27,17.60,61.60
2026-03-08 19:59:27,17.60,61.60
2026-03-08 20:00:27,17.60,61.30
2026-03-08 20:01:27,17.70,61.50
2026-03-08 20:02:27,17.70,61.50
2026-03-08 20:03:27,17.70,61.40
2026-03-08 20:04:27,17.70,61.50
2026-03-08 20:05:27,17.70,61.60
2026-03-08 20:06:27,17.70,61.60
2026-03-08 20:07:27,17.70,61.40
2026-03-08 20:08:27,17.70,61.60
2026-03-08 20:09:27,17.70,61.50
2026-03-08 20:10:27,17.70,61.50
2026-03-08 20:11:27,17.70,61.50
2026-03-08 20:12:27,17.60,61.30
2026-03-08 20:13:27,17.60,61.40
2026-03-08 20:14:27,17.60,61.50
2026-03-08 20:15:27,17.60,61.30
2026-03-08 20:16:27,17.60,61.30
2026-03-08 20:17:27,17.50,61.50
2026-03-08 20:18:27,17.50,61.30
2026-03-08 20:19:27,17.30,61.00
2026-03-08 20:20:27,17.20,61.30
2026-03-08 20:21:27,17.00,61.60
2026-03-08 20:22:27,17.00,61.60
2026-03-08 20:23:27,16.90,61.70
2026-03-08 20:24:27,16.90,61.80
2026-03-08 20:25:27,16.90,61.90
2026-03-08 20:26:27,16.80,61.90
2026-03-08 20:27:27,16.80,62.00
2026-03-08 20:28:27,16.80,61.90
2026-03-08 20:29:27,16.80,62.10
2026-03-08 20:30:27,16.80,62.10
2026-03-08 20:31:27,16.80,62.20
2026-03-08 20:32:27,16.80,62.30
2026-03-08 20:33:27,16.80,62.40
2026-03-08 20:34:27,16.70,62.60
2026-03-08 20:35:27,16.70,62.60
2026-03-08 20:36:27,16.70,62.60
2026-03-08 20:37:27,16.80,62.40
2026-03-08 20:38:27,16.80,62.40
2026-03-08 20:39:27,16.80,62.30
2026-03-08 20:40:27,16.80,62.30
2026-03-08 20:41:27,16.70,62.80
2026-03-08 20:42:27,16.70,62.80
2026-03-08 20:43:27,16.80,62.70
2026-03-08 20:44:27,16.80,62.90
2026-03-08 20:45:27,16.80,62.80
2026-03-08 20:46:27,16.80,62.70
2026-03-08 20:47:27,16.80,62.70
2026-03-08 20:48:27,16.80,62.80
2026-03-08 20:49:27,16.80,65.00
2026-03-08 20:50:27,16.90,63.60
2026-03-08 20:51:27,17.00,63.40
2026-03-08 20:52:27,17.00,62.90
2026-03-08 20:53:27,17.10,62.70
2026-03-08 20:54:27,17.20,62.60
2026-03-08 20:55:27,17.20,62.40
2026-03-08 20:56:27,17.20,62.30
2026-03-08 20:57:27,17.20,62.50
2026-03-08 20:58:27,17.30,62.30
2026-03-08 20:59:27,17.30,62.40
2026-03-08 21:00:27,17.30,62.40
2026-03-08 21:01:27,17.30,62.20
2026-03-08 21:02:27,17.40,62.20
2026-03-08 21:03:27,17.40,62.30
2026-03-08 21:04:27,17.40,62.30
2026-03-08 21:05:27,17.40,62.20
2026-03-08 21:06:27,17.40,62.20
2026-03-08 21:07:27,17.40,62.20
2026-03-08 21:08:27,17.40,62.10
2026-03-08 21:09:27,17.50,62.10
2026-03-08 21:10:27,17.50,62.10
2026-03-08 21:11:27,17.50,62.10
2026-03-08 21:12:27,17.50,62.10
2026-03-08 21:13:27,17.50,62.20
2026-03-08 21:14:27,17.50,62.20
2026-03-08 21:15:27,17.50,62.10
2026-03-08 21:16:27,17.50,62.10
2026-03-08 21:17:27,17.50,62.10
2026-03-08 21:18:27,17.50,62.00
2026-03-08 21:19:27,17.50,61.90
2026-03-08 21:20:27,17.50,61.90
2026-03-08 21:21:27,17.50,61.90
2026-03-08 21:22:27,17.50,62.00
2026-03-08 21:23:27,17.50,62.00
2026-03-08 21:24:27,17.50,62.00
2026-03-08 21:25:27,17.60,61.80
2026-03-08 21:26:27,17.60,61.80
2026-03-08 21:27:27,17.60,61.60
2026-03-08 21:28:27,17.60,61.70
2026-03-08 21:29:27,17.60,61.70
2026-03-08 21:30:27,17.60,61.70
2026-03-08 21:31:27,17.60,61.80
2026-03-08 21:32:27,17.60,61.80
2026-03-08 21:33:27,17.60,61.80
2026-03-08 21:34:27,17.60,61.90
2026-03-08 21:35:27,17.60,62.00
2026-03-08 21:36:27,17.60,62.00
2026-03-08 21:37:27,17.60,62.00
2026-03-08 21:38:27,17.60,62.00
2026-03-08 21:39:27,17.60,62.00
2026-03-08 21:40:27,17.60,62.10
2026-03-08 21:41:27,17.60,62.10
2026-03-08 21:42:27,17.60,62.10
2026-03-08 21:43:27,17.60,62.30
2026-03-08 21:44:27,17.60,62.10
2026-03-08 21:45:27,17.60,62.10
2026-03-08 21:46:27,17.60,62.20
2026-03-08 21:47:27,17.60,62.10
2026-03-08 21:48:27,17.60,62.10
2026-03-08 21:49:27,17.70,62.20
2026-03-08 21:50:27,17.70,62.20
2026-03-08 21:51:27,17.70,62.10
2026-03-08 21:52:27,17.70,62.10
2026-03-08 21:53:27,17.70,62.00
2026-03-08 21:54:27,17.70,62.10
2026-03-08 21:55:27,17.70,62.10
2026-03-08 21:56:27,17.70,62.10
2026-03-08 21:57:27,17.70,62.20
2026-03-08 21:58:27,17.70,62.30
2026-03-08 21:59:27,17.70,62.20
2026-03-08 22:00:27,17.70,62.20
2026-03-08 22:01:27,17.70,62.30
2026-03-08 22:02:27,17.70,62.30
2026-03-08 22:03:27,17.70,62.40
2026-03-08 22:04:27,17.70,62.20
2026-03-08 22:05:27,17.70,62.30
2026-03-08 22:06:27,17.70,62.30
2026-03-08 22:07:27,17.70,62.20
2026-03-08 22:08:27,17.70,62.20
2026-03-08 22:09:27,17.70,62.10
2026-03-08 22:10:27,17.70,62.10
2026-03-08 22:11:27,17.70,62.10
2026-03-08 22:12:27,17.70,62.00
2026-03-08 22:13:27,17.70,62.00
2026-03-08 22:14:27,17.80,61.90
2026-03-08 22:15:27,17.70,62.10
2026-03-08 22:16:27,17.70,62.00
2026-03-08 22:17:27,17.70,62.00
2026-03-08 22:18:27,17.70,61.90
2026-03-08 22:19:27,17.70,61.80
2026-03-08 22:20:27,17.70,62.00
2026-03-08 22:21:27,17.70,62.10
2026-03-08 22:22:27,17.70,62.10
2026-03-08 22:23:27,17.70,62.00
2026-03-08 22:24:27,17.70,61.80
2026-03-08 22:25:27,17.70,61.80
2026-03-08 22:26:27,17.70,61.80
2026-03-08 22:27:27,17.70,61.90
2026-03-08 22:28:27,17.60,62.00
2026-03-08 22:29:27,17.70,62.10
2026-03-08 22:30:27,17.70,62.00
2026-03-08 22:31:27,17.70,61.90
2026-03-08 22:32:27,17.70,61.90
2026-03-08 22:33:27,17.70,62.00
2026-03-08 22:34:27,17.70,62.00
2026-03-08 22:35:27,17.70,62.00
2026-03-08 22:36:27,17.70,62.00
2026-03-08 22:37:27,17.70,62.00
2026-03-08 22:38:27,17.70,62.00
2026-03-08 22:39:27,17.70,61.80
2026-03-08 22:40:27,17.70,62.00
2026-03-08 22:41:27,17.70,62.20
2026-03-08 22:42:27,17.70,62.20
2026-03-08 22:43:27,17.70,62.10
2026-03-08 22:44:27,17.70,62.50
2026-03-08 22:45:27,17.60,62.60
2026-03-08 22:46:27,17.60,62.60
2026-03-08 22:47:27,17.50,62.70
2026-03-08 22:48:27,17.50,62.70
2026-03-08 22:49:27,17.40,62.90
2026-03-08 22:50:27,17.50,63.00
2026-03-08 22:51:27,17.50,62.90
2026-03-08 22:52:27,17.50,62.70
2026-03-08 22:53:27,17.60,62.60
2026-03-08 22:54:27,17.60,62.60
2026-03-08 22:55:27,17.60,62.50
2026-03-08 22:56:27,17.60,62.60
2026-03-08 22:57:27,17.60,62.70
2026-03-08 22:58:27,17.60,62.60
2026-03-08 22:59:27,17.60,62.50
2026-03-08 23:00:27,17.60,62.30
2026-03-08 23:01:27,17.60,62.40
2026-03-08 23:02:27,17.60,62.40
2026-03-08 23:03:27,17.60,62.40
2026-03-08 23:04:27,17.60,62.30
2026-03-08 23:05:27,17.60,62.40
2026-03-08 23:06:27,17.60,62.30
2026-03-08 23:07:27,17.60,62.20
2026-03-08 23:08:27,17.70,62.10
2026-03-08 23:09:27,17.70,62.20
2026-03-08 23:10:27,17.60,62.10
2026-03-08 23:11:27,17.70,62.10
2026-03-08 23:12:27,17.70,62.30
2026-03-08 23:13:27,17.70,62.30
2026-03-08 23:14:27,17.70,62.00
2026-03-08 23:15:27,17.70,62.00
2026-03-08 23:16:27,17.70,62.00
2026-03-08 23:17:27,17.70,62.10
2026-03-08 23:18:27,17.70,62.00
2026-03-08 23:19:27,17.70,62.20
2026-03-08 23:20:27,17.70,62.00
2026-03-08 23:21:27,17.70,62.00
2026-03-08 23:22:27,17.70,62.00
2026-03-08 23:23:27,17.70,62.20
2026-03-08 23:24:27,17.70,62.00
2026-03-08 23:25:27,17.70,61.80
2026-03-08 23:26:27,17.70,61.80
2026-03-08 23:27:27,17.70,61.80
2026-03-08 23:28:27,17.70,62.00
2026-03-08 23:29:27,17.70,62.00
2026-03-08 23:30:27,17.70,62.00
2026-03-08 23:31:27,17.70,61.80
2026-03-08 23:32:27,17.70,61.70
2026-03-08 23:33:27,17.70,62.00
2026-03-08 23:34:27,17.70,62.00
2026-03-08 23:35:27,17.70,62.00
2026-03-08 23:36:27,17.70,61.70
2026-03-08 23:37:27,17.70,61.70
2026-03-08 23:38:27,17.60,61.80
2026-03-08 23:39:27,17.60,61.80
2026-03-08 23:40:27,17.60,61.80
2026-03-08 23:41:27,17.60,61.70
2026-03-08 23:42:27,17.60,61.60
2026-03-08 23:43:27,17.60,61.80
2026-03-08 23:44:27,17.60,61.70
2026-03-08 23:45:27,17.70,61.80
2026-03-08 23:46:27,17.70,61.80
2026-03-08 23:47:27,17.60,61.80
2026-03-08 23:48:27,17.70,62.00
2026-03-08 23:49:27,17.60,61.80
2026-03-08 23:50:27,17.60,62.00
2026-03-08 23:51:27,17.60,61.90
2026-03-08 23:52:27,17.70,61.90
2026-03-08 23:53:27,17.70,61.90
2026-03-08 23:54:27,17.60,61.80
2026-03-08 23:55:27,17.60,61.80
2026-03-08 23:56:27,17.60,61.90
2026-03-08 23:57:27,17.60,61.90
2026-03-08 23:58:27,17.60,61.80
2026-03-08 23:59:27,17.60,61.80
2026-03-09 00:00:27,17.60,61.70
2026-03-09 00:01:27,17.60,61.80
2026-03-09 00:02:27,17.60,61.90
2026-03-09 00:03:27,17.60,61.80
2026-03-09 00:04:27,17.70,61.80
2026-03-09 00:05:27,17.60,61.80
2026-03-09 00:06:27,17.60,61.80
2026-03-09 00:07:27,17.60,61.80
2026-03-09 00:08:27,17.60,61.80
2026-03-09 00:09:27,17.60,62.00
2026-03-09 00:10:27,17.60,61.90
2026-03-09 00:11:27,17.60,62.00
2026-03-09 00:12:27,17.60,62.00
2026-03-09 00:13:27,17.60,61.90
2026-03-09 00:14:27,17.60,62.00
2026-03-09 00:15:27,17.60,61.90
2026-03-09 00:16:27,17.60,62.00
2026-03-09 00:17:27,17.60,62.00
2026-03-09 00:18:27,17.60,62.00
2026-03-09 00:19:27,17.60,62.00
2026-03-09 00:20:27,17.60,61.80
2026-03-09 00:21:27,17.60,61.90
2026-03-09 00:22:27,17.60,62.00
2026-03-09 00:23:27,17.60,62.00
2026-03-09 00:24:27,17.60,62.10
2026-03-09 00:25:27,17.60,62.20
2026-03-09 00:26:27,17.60,62.00
2026-03-09 00:27:27,17.60,62.00
2026-03-09 00:28:27,17.60,62.00
2026-03-09 00:29:27,17.60,62.00
2026-03-09 00:30:27,17.60,61.80
2026-03-09 00:31:27,17.60,61.80
2026-03-09 00:32:27,17.60,61.80
2026-03-09 00:33:27,17.60,61.90
2026-03-09 00:34:27,17.60,62.00
2026-03-09 00:35:27,17.60,61.90
2026-03-09 00:36:27,17.60,61.90
2026-03-09 00:37:27,17.60,62.00
2026-03-09 00:38:27,17.70,61.70
2026-03-09 00:39:27,17.70,61.50
2026-03-09 00:40:27,17.60,61.40
2026-03-09 00:41:27,17.50,61.90
2026-03-09 00:42:27,17.40,62.00
2026-03-09 00:43:27,17.30,62.00
2026-03-09 00:44:27,17.20,62.30
2026-03-09 00:45:27,17.10,62.30
2026-03-09 00:46:27,17.00,62.40
2026-03-09 00:47:27,16.90,62.70
2026-03-09 00:48:27,16.70,63.00
2026-03-09 00:49:27,16.60,63.20
2026-03-09 00:50:27,16.50,63.60
2026-03-09 00:51:27,16.40,63.90
2026-03-09 00:52:27,16.40,64.10
2026-03-09 00:53:27,16.30,64.20
2026-03-09 00:54:27,16.30,64.30
2026-03-09 00:55:27,16.30,64.50
2026-03-09 00:56:27,16.30,64.50
2026-03-09 00:57:27,16.30,64.60
2026-03-09 00:58:27,16.20,64.70
2026-03-09 00:59:27,16.20,64.80
2026-03-09 01:00:27,16.10,65.00
2026-03-09 01:01:27,16.10,65.00
2026-03-09 01:02:27,16.00,65.10
2026-03-09 01:03:27,16.00,65.20
2026-03-09 01:04:27,16.00,65.10
2026-03-09 01:05:27,16.00,65.30
2026-03-09 01:06:27,16.00,65.40
2026-03-09 01:07:27,16.00,65.50
2026-03-09 01:08:27,16.00,65.50
2026-03-09 01:09:27,16.00,65.40
2026-03-09 01:10:27,15.90,65.40
2026-03-09 01:11:27,15.90,65.40
2026-03-09 01:12:27,15.90,65.50
2026-03-09 01:13:27,15.90,65.50
2026-03-09 01:14:27,15.80,65.50
2026-03-09 01:15:27,15.80,65.60
2026-03-09 01:16:27,15.80,65.60
2026-03-09 01:17:27,15.80,65.70
2026-03-09 01:18:27,15.80,65.60
2026-03-09 01:19:27,15.80,65.50
2026-03-09 01:20:27,15.80,65.60
2026-03-09 01:21:27,15.80,65.60
2026-03-09 01:22:27,15.70,65.50
2026-03-09 01:23:27,15.70,65.70
2026-03-09 01:24:27,15.70,65.80
2026-03-09 01:25:27,15.70,65.80
2026-03-09 01:26:27,15.70,65.90
2026-03-09 01:27:27,15.70,66.00
2026-03-09 01:28:27,15.60,66.00
2026-03-09 01:29:27,15.60,66.00
2026-03-09 01:30:27,15.60,66.20
2026-03-09 01:31:27,15.60,66.30
2026-03-09 01:32:27,15.60,66.40
2026-03-09 01:33:27,15.60,66.60
2026-03-09 01:34:27,15.60,66.50
2026-03-09 01:35:27,15.60,66.50
2026-03-09 01:36:27,15.60,66.50
2026-03-09 01:37:27,15.50,66.30
2026-03-09 01:38:27,15.50,66.40
2026-03-09 01:39:27,15.50,66.60
2026-03-09 01:40:27,15.50,66.40
2026-03-09 01:41:27,15.40,66.40
2026-03-09 01:42:27,15.40,66.60
2026-03-09 01:43:27,15.40,66.80
2026-03-09 01:44:27,15.40,67.00
2026-03-09 01:45:27,15.40,66.90
2026-03-09 01:46:27,15.40,67.00
2026-03-09 01:47:27,15.40,67.10
2026-03-09 01:48:27,15.40,67.20
2026-03-09 01:49:27,15.30,67.20
2026-03-09 01:50:27,15.30,67.40
2026-03-09 01:51:27,15.40,67.50
2026-03-09 01:52:27,15.40,67.60
2026-03-09 01:53:27,15.40,67.70
2026-03-09 01:54:27,15.40,67.60
2026-03-09 01:55:27,15.40,67.70
2026-03-09 01:56:27,15.40,67.70
2026-03-09 01:57:27,15.40,67.80
2026-03-09 01:58:27,15.40,67.60
2026-03-09 01:59:27,15.40,68.00
2026-03-09 02:00:27,15.40,68.00
2026-03-09 02:01:27,15.40,67.80
2026-03-09 02:02:27,15.40,68.00
2026-03-09 02:03:27,15.40,68.00
2026-03-09 02:04:27,15.40,68.10
2026-03-09 02:05:27,15.40,68.20
2026-03-09 02:06:27,15.40,68.10
2026-03-09 02:07:27,15.40,68.30
2026-03-09 02:08:27,15.40,68.20
2026-03-09 02:09:27,15.40,68.10
2026-03-09 02:10:27,15.40,68.00
2026-03-09 02:11:27,15.40,68.00
2026-03-09 02:12:27,15.40,68.20
2026-03-09 02:13:27,15.40,68.10
2026-03-09 02:14:27,15.40,68.20
2026-03-09 02:15:27,15.50,68.30
2026-03-09 02:16:27,15.50,68.20
2026-03-09 02:17:27,15.50,68.20
2026-03-09 02:18:27,15.50,68.30
2026-03-09 02:19:27,15.50,68.30
2026-03-09 02:20:27,15.50,68.30
2026-03-09 02:21:27,15.40,68.30
2026-03-09 02:22:27,15.40,68.30
2026-03-09 02:23:27,15.40,68.60
2026-03-09 02:24:27,15.50,68.60
2026-03-09 02:25:27,15.50,68.60
2026-03-09 02:26:27,15.50,68.60
2026-03-09 02:27:27,15.50,68.20
2026-03-09 02:28:27,15.50,68.50
2026-03-09 02:29:27,15.50,68.20
2026-03-09 02:30:27,15.40,68.10
2026-03-09 02:31:27,15.40,68.00
2026-03-09 02:32:27,15.40,68.30
2026-03-09 02:33:27,15.40,68.30
2026-03-09 02:34:27,15.40,68.40
2026-03-09 02:35:27,15.40,68.40
2026-03-09 02:36:27,15.50,68.30
2026-03-09 02:37:27,15.50,68.10
2026-03-09 02:38:27,15.40,68.00
2026-03-09 02:39:27,15.40,68.00
2026-03-09 02:40:27,15.40,68.00
2026-03-09 02:41:27,15.50,67.90
2026-03-09 02:42:27,15.50,68.10
2026-03-09 02:43:27,15.50,67.70
2026-03-09 02:44:27,15.50,67.70
2026-03-09 02:45:27,15.40,67.50
2026-03-09 02:46:27,15.30,67.40
2026-03-09 02:47:27,15.30,67.60
2026-03-09 02:48:27,15.30,67.80
2026-03-09 02:49:27,15.20,68.00
2026-03-09 02:50:27,15.20,68.20
2026-03-09 02:51:27,15.30,68.10
2026-03-09 02:52:27,15.30,68.00
2026-03-09 02:53:27,15.30,68.00
2026-03-09 02:54:27,15.30,68.20
2026-03-09 02:55:27,15.40,68.20
2026-03-09 02:56:27,15.40,68.10
2026-03-09 02:57:27,15.40,68.00
2026-03-09 02:58:27,15.40,68.00
2026-03-09 02:59:27,15.40,68.00
2026-03-09 03:00:27,15.40,68.00
2026-03-09 03:01:27,15.40,67.70
2026-03-09 03:02:27,15.30,67.70
2026-03-09 03:03:27,15.20,67.90
2026-03-09 03:04:27,15.20,67.90
2026-03-09 03:05:27,15.20,68.00
2026-03-09 03:06:27,15.20,68.20
2026-03-09 03:07:27,15.20,68.20
2026-03-09 03:08:27,15.20,68.20
2026-03-09 03:09:27,15.10,68.30
2026-03-09 03:10:27,15.10,68.40
2026-03-09 03:11:27,15.20,68.50
2026-03-09 03:12:27,15.20,68.40
2026-03-09 03:13:27,15.20,68.20
2026-03-09 03:14:27,15.20,68.30
2026-03-09 03:15:27,15.20,68.40
2026-03-09 03:16:27,15.20,68.40
2026-03-09 03:17:27,15.20,68.40
2026-03-09 03:18:27,15.20,68.30
2026-03-09 03:19:27,15.20,68.40
2026-03-09 03:20:27,15.20,68.30
2026-03-09 03:21:27,15.10,68.30
2026-03-09 03:22:27,15.10,68.30
2026-03-09 03:23:27,15.10,68.40
2026-03-09 03:24:27,15.10,68.60
2026-03-09 03:25:27,15.10,68.50
2026-03-09 03:26:27,15.10,68.50
2026-03-09 03:27:27,15.10,68.80
2026-03-09 03:28:27,15.10,68.80
2026-03-09 03:29:27,15.10,68.50
2026-03-09 03:30:27,15.00,68.70
2026-03-09 03:31:27,15.00,68.90
2026-03-09 03:32:27,15.00,68.80
2026-03-09 03:33:27,15.00,68.90
2026-03-09 03:34:27,15.00,68.90
2026-03-09 03:35:27,15.00,68.50
2026-03-09 03:36:27,14.90,68.50
2026-03-09 03:37:27,14.90,68.50
2026-03-09 03:38:27,15.00,68.70
2026-03-09 03:39:27,15.00,68.60
2026-03-09 03:40:27,15.00,68.60
2026-03-09 03:41:27,15.00,68.80
2026-03-09 03:42:27,15.10,68.90
2026-03-09 03:43:27,15.10,68.90
2026-03-09 03:44:27,15.10,69.10
2026-03-09 03:45:27,15.20,68.90
2026-03-09 03:46:27,15.10,68.80
2026-03-09 03:47:27,15.10,68.60
2026-03-09 03:48:27,15.10,68.70
2026-03-09 03:49:27,15.10,68.70
2026-03-09 03:50:27,15.00,68.80
2026-03-09 03:51:27,15.00,68.80
2026-03-09 03:52:27,15.00,68.80
2026-03-09 03:53:27,15.00,68.50
2026-03-09 03:54:27,15.00,68.30
2026-03-09 03:55:27,15.00,68.40
2026-03-09 03:56:27,15.00,68.40
2026-03-09 03:57:27,15.00,68.40
2026-03-09 03:58:27,15.00,68.30
2026-03-09 03:59:27,15.00,68.50
2026-03-09 04:00:27,15.00,68.70
2026-03-09 04:01:27,15.00,68.50
2026-03-09 04:02:27,15.00,68.40
2026-03-09 04:03:27,15.00,68.60
2026-03-09 04:04:27,15.00,68.70
2026-03-09 04:05:27,15.00,68.80
2026-03-09 04:06:27,15.00,68.70
2026-03-09 04:07:27,15.00,68.80
2026-03-09 04:08:27,15.00,68.50
2026-03-09 04:09:27,15.00,68.70
2026-03-09 04:10:27,15.00,68.70
2026-03-09 04:11:27,15.00,68.70
2026-03-09 04:12:27,15.00,68.60
2026-03-09 04:13:27,15.00,68.50
2026-03-09 04:14:27,15.00,68.50
2026-03-09 04:15:27,14.90,68.20
2026-03-09 04:16:27,14.90,68.40
2026-03-09 04:17:27,14.90,68.40
2026-03-09 04:18:27,15.00,68.50
2026-03-09 04:19:27,15.00,68.50
2026-03-09 04:20:27,15.00,68.60
2026-03-09 04:21:27,15.00,68.60
2026-03-09 04:22:27,15.00,68.50
2026-03-09 04:23:27,15.00,68.50
2026-03-09 04:24:27,15.00,68.70
2026-03-09 04:25:27,15.00,68.80
2026-03-09 04:26:27,15.00,68.70
2026-03-09 04:27:27,15.00,68.80
2026-03-09 04:28:27,14.90,68.70
2026-03-09 04:29:27,14.80,68.80
2026-03-09 04:30:27,14.80,68.90
2026-03-09 04:31:27,14.80,69.00
2026-03-09 04:32:27,14.80,68.90
2026-03-09 04:33:27,14.80,68.90
2026-03-09 04:34:27,14.80,69.00
2026-03-09 04:35:27,14.90,69.00
2026-03-09 04:36:27,14.90,68.90
2026-03-09 04:37:27,14.90,68.80
2026-03-09 04:38:27,14.90,68.70
2026-03-09 04:39:27,14.90,68.80
2026-03-09 04:40:27,14.90,68.80
2026-03-09 04:41:27,14.90,68.90
2026-03-09 04:42:27,14.90,68.90
2026-03-09 04:43:27,14.90,68.80
2026-03-09 04:44:27,14.90,69.00
2026-03-09 04:45:27,14.90,69.00
2026-03-09 04:46:27,14.90,69.00
2026-03-09 04:47:27,14.90,69.00
2026-03-09 04:48:27,14.90,69.10
2026-03-09 04:49:27,14.80,69.00
2026-03-09 04:50:27,14.80,68.90
2026-03-09 04:51:27,14.80,69.10
2026-03-09 04:52:27,14.80,69.30
2026-03-09 04:53:27,14.80,69.30
2026-03-09 04:54:27,14.80,69.20
2026-03-09 04:55:27,14.80,69.20
2026-03-09 04:56:27,14.80,69.30
2026-03-09 04:57:27,14.80,69.30
2026-03-09 04:58:27,14.70,69.40
2026-03-09 04:59:27,14.70,69.50
2026-03-09 05:00:27,14.70,69.50
2026-03-09 05:01:27,14.70,69.60
2026-03-09 05:02:27,14.70,69.70
2026-03-09 05:03:27,14.70,69.70
2026-03-09 05:04:27,14.60,69.70
2026-03-09 05:05:27,14.60,69.90
2026-03-09 05:06:27,14.60,69.70
2026-03-09 05:07:27,14.60,69.70
2026-03-09 05:08:27,14.60,69.70
2026-03-09 05:09:27,14.60,69.60
2026-03-09 05:10:27,14.60,69.80
2026-03-09 05:11:27,14.70,69.90
2026-03-09 05:12:27,14.70,69.90
2026-03-09 05:13:27,14.70,69.80
2026-03-09 05:14:27,14.60,69.90
2026-03-09 05:15:27,14.60,69.90
2026-03-09 05:16:27,14.60,69.80
2026-03-09 05:17:27,14.60,69.80
2026-03-09 05:18:27,14.70,69.90
2026-03-09 05:19:27,14.70,69.80
2026-03-09 05:20:27,14.80,69.80
2026-03-09 05:21:27,14.70,69.90
2026-03-09 05:22:27,14.70,69.90
2026-03-09 05:23:27,14.70,70.00
2026-03-09 05:24:27,14.80,69.90
2026-03-09 05:25:27,14.80,69.80
2026-03-09 05:26:27,14.80,69.80
2026-03-09 05:27:27,14.80,69.80
2026-03-09 05:28:27,14.80,69.90
2026-03-09 05:29:27,14.80,69.90
2026-03-09 05:30:27,14.80,70.00
2026-03-09 05:31:27,14.80,69.80
2026-03-09 05:32:27,14.80,69.90
2026-03-09 05:33:27,14.70,70.10
2026-03-09 05:34:27,14.70,70.20
2026-03-09 05:35:27,14.70,70.30
2026-03-09 05:36:27,14.60,70.40
2026-03-09 05:37:27,14.60,70.40
2026-03-09 05:38:27,14.60,70.40
2026-03-09 05:39:27,14.60,70.50
2026-03-09 05:40:27,14.70,70.60
2026-03-09 05:41:27,14.70,70.50
2026-03-09 05:42:27,14.70,70.50
2026-03-09 05:43:27,14.60,70.50
2026-03-09 05:44:27,14.60,70.50
2026-03-09 05:45:27,14.50,70.60
2026-03-09 05:46:27,14.50,70.60
2026-03-09 05:47:27,14.40,70.80
2026-03-09 05:48:27,14.40,70.90
2026-03-09 05:49:27,14.40,70.90
2026-03-09 05:50:27,14.40,70.90
2026-03-09 05:51:27,14.40,71.00
2026-03-09 05:52:27,14.30,71.10
2026-03-09 05:53:27,14.40,71.30
2026-03-09 05:54:27,14.30,71.50
2026-03-09 05:55:27,14.40,71.50
2026-03-09 05:56:27,14.40,71.50
2026-03-09 05:57:27,14.50,71.50
2026-03-09 05:58:27,14.50,71.50
2026-03-09 05:59:27,14.50,71.40
2026-03-09 06:00:27,14.50,71.20
2026-03-09 06:01:27,14.40,71.30
2026-03-09 06:02:27,14.40,71.30
2026-03-09 06:03:27,14.40,71.50
2026-03-09 06:04:27,14.40,71.50
2026-03-09 06:05:27,14.30,71.50
2026-03-09 06:06:27,14.30,71.50
2026-03-09 06:07:27,14.30,71.60
2026-03-09 06:08:27,14.30,71.50
2026-03-09 06:09:27,14.30,71.60
2026-03-09 06:10:27,14.30,71.70
2026-03-09 06:11:27,14.30,71.70
2026-03-09 06:12:27,14.20,71.80
2026-03-09 06:13:27,14.20,71.90
2026-03-09 06:14:27,14.20,71.90
2026-03-09 06:15:27,14.20,72.00
2026-03-09 06:16:27,14.20,72.20
2026-03-09 06:17:27,14.30,72.10
2026-03-09 06:18:27,14.30,72.00
2026-03-09 06:19:27,14.20,72.10
2026-03-09 06:20:27,14.20,72.20
2026-03-09 06:21:27,14.30,72.20
2026-03-09 06:22:27,14.20,72.30
2026-03-09 06:23:27,14.20,72.30
2026-03-09 06:24:27,14.20,72.30
2026-03-09 06:25:27,14.20,72.30
2026-03-09 06:26:27,14.20,72.50
2026-03-09 06:27:27,14.10,72.60
2026-03-09 06:28:27,14.10,72.60
2026-03-09 06:29:27,14.10,72.50
2026-03-09 06:30:27,14.10,72.60
2026-03-09 06:31:27,14.10,72.70
2026-03-09 06:32:27,14.10,72.60
2026-03-09 06:33:27,14.10,72.70
2026-03-09 06:34:27,14.10,72.60
2026-03-09 06:35:27,14.10,72.80
2026-03-09 06:36:27,14.10,72.80
2026-03-09 06:37:27,14.10,72.80
2026-03-09 06:38:27,14.10,72.60
2026-03-09 06:39:27,14.10,72.60
2026-03-09 06:40:27,14.10,72.60
2026-03-09 06:41:27,14.10,72.60
2026-03-09 06:42:27,14.10,72.60
2026-03-09 06:43:27,14.10,72.60
2026-03-09 06:44:27,14.10,72.60
2026-03-09 06:45:27,14.10,72.60
2026-03-09 06:46:27,14.10,72.70
2026-03-09 06:47:27,14.10,72.80
2026-03-09 06:48:27,14.10,72.80
2026-03-09 06:49:27,14.20,72.80
2026-03-09 06:50:27,14.20,73.00
2026-03-09 06:51:27,14.20,73.00
2026-03-09 06:52:27,14.20,73.00
2026-03-09 06:53:27,14.20,73.00
2026-03-09 06:54:27,14.20,73.00
2026-03-09 06:55:27,14.10,73.00
2026-03-09 06:56:27,14.10,73.00
2026-03-09 06:57:27,14.20,73.00
2026-03-09 06:58:27,14.20,73.00
2026-03-09 06:59:27,14.20,73.00
2026-03-09 07:00:27,14.20,73.00
2026-03-09 07:01:27,14.10,73.00
2026-03-09 07:02:27,14.10,73.10
2026-03-09 07:03:27,14.20,73.10
2026-03-09 07:04:27,14.30,73.00
2026-03-09 07:05:27,14.30,72.90
2026-03-09 07:06:27,14.30,73.00
2026-03-09 07:07:27,14.40,73.00
2026-03-09 07:08:27,14.40,72.90
2026-03-09 07:09:27,14.40,72.90
2026-03-09 07:10:27,14.40,72.80
2026-03-09 07:11:27,14.40,72.70
2026-03-09 07:12:27,14.40,72.50
2026-03-09 07:13:27,14.40,72.60
2026-03-09 07:14:27,14.40,72.70
2026-03-09 07:15:27,14.30,72.70
2026-03-09 07:16:27,14.30,72.90
2026-03-09 07:17:27,14.30,73.00
2026-03-09 07:18:27,14.40,72.70
2026-03-09 07:19:27,14.30,72.50
2026-03-09 07:20:27,14.30,72.50
2026-03-09 07:21:27,14.30,72.70
2026-03-09 07:22:27,14.30,72.50
2026-03-09 07:23:27,14.30,72.60
2026-03-09 07:24:27,14.20,72.70
2026-03-09 07:25:27,14.20,72.80
2026-03-09 07:26:27,14.10,73.00
2026-03-09 07:27:27,14.10,73.10
2026-03-09 07:28:27,14.00,73.30
2026-03-09 07:29:27,14.00,73.40
2026-03-09 07:30:27,14.00,73.50
2026-03-09 07:31:27,14.00,73.90
2026-03-09 07:32:27,14.00,73.90
2026-03-09 07:33:27,13.90,74.10
2026-03-09 07:34:27,13.90,74.10
2026-03-09 07:35:27,14.00,74.10
2026-03-09 07:36:27,14.00,74.00
2026-03-09 07:37:27,14.00,73.90
2026-03-09 07:38:27,14.00,74.00
2026-03-09 07:39:27,14.00,74.00
2026-03-09 07:40:27,14.00,74.00
2026-03-09 07:41:27,14.00,74.00
2026-03-09 07:42:27,14.00,74.20
2026-03-09 07:43:27,14.00,74.20
2026-03-09 07:44:27,14.00,74.20
2026-03-09 07:45:27,14.00,74.20
2026-03-09 07:46:27,14.00,74.20
2026-03-09 07:47:27,14.00,74.40
2026-03-09 07:48:27,14.00,74.50
2026-03-09 07:49:27,14.00,74.60
2026-03-09 07:50:27,14.00,74.50
2026-03-09 07:51:27,14.00,74.40
2026-03-09 07:52:27,14.00,74.40
2026-03-09 07:53:27,14.00,74.30
2026-03-09 07:54:27,14.00,74.30
2026-03-09 07:55:27,14.10,74.30
2026-03-09 07:56:27,14.10,74.20
2026-03-09 07:57:27,14.20,74.10
2026-03-09 07:58:27,14.20,74.00
2026-03-09 07:59:27,14.30,73.70
2026-03-09 08:00:27,14.30,73.60
2026-03-09 08:01:27,14.30,73.60
2026-03-09 08:02:27,14.30,73.60
2026-03-09 08:03:27,14.30,73.60
2026-03-09 08:04:27,14.30,73.70
2026-03-09 08:05:27,14.30,73.80
2026-03-09 08:06:27,14.20,74.10
2026-03-09 08:07:27,14.10,74.00
2026-03-09 08:08:27,14.00,74.40
2026-03-09 08:09:27,13.90,74.60
2026-03-09 08:10:27,14.10,74.60
2026-03-09 08:11:27,14.20,74.20
2026-03-09 08:12:27,14.20,73.90
2026-03-09 08:13:27,14.20,73.40
2026-03-09 08:14:27,14.30,73.50
2026-03-09 08:15:27,14.30,73.50
2026-03-09 08:16:27,14.40,73.60
2026-03-09 08:17:27,14.40,73.60
2026-03-09 08:18:27,14.50,73.50
2026-03-09 08:19:27,14.60,73.20
2026-03-09 08:20:27,14.60,73.00
2026-03-09 08:21:27,14.70,72.80
2026-03-09 08:22:27,14.60,72.80
2026-03-09 08:23:27,14.60,72.80
2026-03-09 08:24:27,14.50,72.90
2026-03-09 08:25:27,14.50,73.00
2026-03-09 08:26:27,14.50,73.20
2026-03-09 08:27:27,14.50,73.20
2026-03-09 08:28:27,14.50,73.30
2026-03-09 08:29:27,14.60,73.20
2026-03-09 08:30:27,14.60,73.10
2026-03-09 08:31:27,14.70,73.00
2026-03-09 08:32:27,14.70,72.90
2026-03-09 08:33:27,14.80,72.70
2026-03-09 08:34:27,14.70,72.60
2026-03-09 08:35:27,14.60,72.80
2026-03-09 08:36:27,14.60,72.80
2026-03-09 08:37:27,14.50,73.00
2026-03-09 08:38:27,14.50,72.90
2026-03-09 08:39:27,14.50,72.70
2026-03-09 08:40:27,14.50,72.70
2026-03-09 08:41:27,14.50,72.90
2026-03-09 08:42:27,14.40,72.70
2026-03-09 08:43:27,14.50,72.90
2026-03-09 08:44:27,14.40,72.70
2026-03-09 08:45:27,14.50,73.20
2026-03-09 08:46:27,14.50,73.20
2026-03-09 08:47:27,14.60,73.10
2026-03-09 08:48:27,14.60,72.90
2026-03-09 08:49:27,14.60,73.10
2026-03-09 08:50:27,14.60,73.10
2026-03-09 08:51:27,14.70,72.90
2026-03-09 08:52:27,14.70,72.90
2026-03-09 08:53:27,14.80,72.80
2026-03-09 08:54:27,14.80,72.70
2026-03-09 08:55:27,14.90,72.70
2026-03-09 08:56:27,14.90,72.70
2026-03-09 08:57:27,14.90,72.30
2026-03-09 08:58:27,15.00,72.00
2026-03-09 08:59:27,15.00,72.20
2026-03-09 09:00:27,15.00,72.20
2026-03-09 09:01:27,15.00,72.20
2026-03-09 09:02:27,15.00,72.20
2026-03-09 09:03:27,15.00,71.90
2026-03-09 09:04:27,15.10,71.90
2026-03-09 09:05:27,15.10,71.80
2026-03-09 09:06:27,15.00,71.40
2026-03-09 09:07:27,15.00,71.70
2026-03-09 09:08:27,15.10,71.80
2026-03-09 09:09:27,15.10,71.80
2026-03-09 09:10:27,15.10,71.80
2026-03-09 09:11:27,15.20,71.40
2026-03-09 09:12:27,15.10,71.20
2026-03-09 09:13:27,15.00,71.10
2026-03-09 09:14:27,15.00,70.70
2026-03-09 09:15:27,15.10,70.70
2026-03-09 09:16:27,15.00,70.10
2026-03-09 09:17:27,15.00,69.80
2026-03-09 09:18:27,15.00,69.60
2026-03-09 09:19:27,15.00,70.00
2026-03-09 09:20:27,15.10,70.10
2026-03-09 09:21:27,15.20,70.00
2026-03-09 09:22:27,15.20,69.70
2026-03-09 09:23:27,15.20,69.20
2026-03-09 09:24:27,15.20,68.90
2026-03-09 09:25:27,15.30,68.70
2026-03-09 09:26:27,15.30,68.80
2026-03-09 09:27:27,15.30,69.00
2026-03-09 09:28:27,15.30,69.10
2026-03-09 09:29:27,15.30,68.80
2026-03-09 09:30:27,15.30,68.70
2026-03-09 09:31:27,15.30,68.80
2026-03-09 09:32:27,15.30,68.80
2026-03-09 09:33:27,15.40,68.80
2026-03-09 09:34:27,15.40,68.80
2026-03-09 09:35:27,15.50,68.90
2026-03-09 09:36:27,15.50,68.80
2026-03-09 09:37:27,15.50,68.80
2026-03-09 09:38:27,15.50,68.80
2026-03-09 09:39:27,15.50,68.80
2026-03-09 09:40:27,15.60,68.70
2026-03-09 09:41:27,15.60,68.70
2026-03-09 09:42:27,15.60,68.70
2026-03-09 09:43:27,15.60,68.60
2026-03-09 09:44:27,15.70,68.50
2026-03-09 09:45:27,15.70,68.40
2026-03-09 09:46:27,15.60,68.50
2026-03-09 09:47:27,15.60,68.50
2026-03-09 09:48:27,15.70,68.50
2026-03-09 09:49:27,15.70,68.50
2026-03-09 09:50:27,15.70,68.50
2026-03-09 09:51:27,15.70,68.50
2026-03-09 09:52:27,15.70,68.30
2026-03-09 09:53:27,15.70,68.30
2026-03-09 09:54:27,15.80,68.20
2026-03-09 09:55:27,15.80,68.20
2026-03-09 09:56:27,15.80,68.20
2026-03-09 09:57:27,15.80,68.20
2026-03-09 09:58:27,15.80,68.10
2026-03-09 09:59:27,15.80,68.00
2026-03-09 10:00:27,15.70,68.00
2026-03-09 10:01:27,15.70,68.20
2026-03-09 10:02:27,15.70,68.30
2026-03-09 10:03:27,15.70,68.40
2026-03-09 10:04:27,15.70,68.30
2026-03-09 10:05:27,15.70,68.30
2026-03-09 10:06:27,15.80,68.10
2026-03-09 10:07:27,15.80,68.10
2026-03-09 10:08:27,15.80,68.10
2026-03-09 10:09:27,15.80,68.00
2026-03-09 10:10:27,15.80,67.90
2026-03-09 10:11:27,15.80,68.00
2026-03-09 10:12:27,15.80,68.00
2026-03-09 10:13:27,15.90,68.00
2026-03-09 10:14:27,15.90,68.00
2026-03-09 10:15:27,15.90,68.10
2026-03-09 10:16:27,15.90,68.00
2026-03-09 10:17:27,15.90,68.00
2026-03-09 10:18:27,15.90,68.00
2026-03-09 10:19:27,15.90,67.80
2026-03-09 10:20:27,15.90,67.90
2026-03-09 10:21:27,16.00,67.60
2026-03-09 10:22:27,16.00,67.60
2026-03-09 10:23:27,16.00,67.60
2026-03-09 10:24:27,16.00,67.50
2026-03-09 10:25:27,16.00,67.50
2026-03-09 10:26:27,16.00,67.40
2026-03-09 10:27:27,16.00,67.40
2026-03-09 10:28:27,16.00,67.40
2026-03-09 10:29:27,15.80,67.60
2026-03-09 10:30:27,15.70,68.00
2026-03-09 10:31:27,15.60,68.20
2026-03-09 10:32:27,15.60,68.40
2026-03-09 10:33:27,15.60,68.30
2026-03-09 10:34:27,15.60,68.30
2026-03-09 10:35:27,15.70,68.30
2026-03-09 10:36:27,15.70,68.20
2026-03-09 10:37:27,15.80,68.20
2026-03-09 10:38:27,15.80,68.20
2026-03-09 10:39:27,15.90,68.20
2026-03-09 10:40:27,15.90,68.20
2026-03-09 10:41:27,15.90,68.00
2026-03-09 10:42:27,16.00,67.90
2026-03-09 10:43:27,16.00,67.80
2026-03-09 10:44:27,16.00,67.80
2026-03-09 10:45:27,16.00,67.70
2026-03-09 10:46:27,16.00,67.60
2026-03-09 10:47:27,16.00,67.60
2026-03-09 10:48:27,16.00,67.50
2026-03-09 10:49:27,16.10,67.40
2026-03-09 10:50:27,16.10,67.30
2026-03-09 10:51:27,16.10,67.40
2026-03-09 10:52:27,16.10,67.30
2026-03-09 10:53:27,16.20,67.30
2026-03-09 10:54:27,16.20,67.20
2026-03-09 10:55:27,16.20,67.20
2026-03-09 10:56:27,16.20,67.30
2026-03-09 10:57:27,16.20,67.40
2026-03-09 10:58:27,16.20,67.60
2026-03-09 10:59:27,16.20,67.60
2026-03-09 11:00:27,16.20,67.50
2026-03-09 11:01:27,16.20,67.50
2026-03-09 11:02:27,16.20,67.50
2026-03-09 11:03:27,16.20,67.60
2026-03-09 11:04:27,16.20,66.80
2026-03-09 11:05:27,16.20,66.90
2026-03-09 11:06:27,16.30,66.80
2026-03-09 11:07:27,16.30,66.90
2026-03-09 11:08:27,16.30,66.90
2026-03-09 11:09:27,16.30,66.90
2026-03-09 11:10:27,16.30,66.90
2026-03-09 11:11:27,16.40,66.80
2026-03-09 11:12:27,16.40,66.60
2026-03-09 11:13:27,16.40,66.60
2026-03-09 11:14:27,16.40,66.60
2026-03-09 11:15:27,16.40,66.50
2026-03-09 11:16:27,16.40,66.50
2026-03-09 11:17:27,16.40,66.40
2026-03-09 11:18:27,16.50,66.40
2026-03-09 11:19:27,16.50,66.40
2026-03-09 11:20:27,16.50,66.40
2026-03-09 11:21:27,16.50,66.30
2026-03-09 11:22:27,16.50,66.30
2026-03-09 11:23:27,16.50,66.10
2026-03-09 11:24:27,16.50,66.00
2026-03-09 11:25:27,16.60,65.50
2026-03-09 11:26:27,16.60,65.30
2026-03-09 11:27:27,16.70,65.00
2026-03-09 11:28:27,16.70,64.90
2026-03-09 11:29:27,16.70,64.90
2026-03-09 11:30:27,16.70,64.80
2026-03-09 11:31:27,16.70,64.80
2026-03-09 11:32:27,16.70,65.00
2026-03-09 11:33:27,16.70,64.90
2026-03-09 11:34:27,16.70,64.80
2026-03-09 11:35:27,16.70,64.80
2026-03-09 11:36:27,16.70,64.00
2026-03-09 11:37:27,16.80,63.50
2026-03-09 11:38:27,16.80,63.30
2026-03-09 11:39:27,16.80,63.40
2026-03-09 11:40:27,16.80,63.40
2026-03-09 11:41:27,16.80,63.30
2026-03-09 11:42:27,16.80,63.30
2026-03-09 11:43:27,16.80,63.20
2026-03-09 11:44:27,16.80,63.10
2026-03-09 11:45:27,16.80,62.90
2026-03-09 11:46:27,16.90,62.30
2026-03-09 11:47:27,16.90,61.80
2026-03-09 11:48:27,16.90,62.10
2026-03-09 11:49:27,16.90,62.00
2026-03-09 11:50:27,16.90,61.80
2026-03-09 11:51:27,16.90,61.80
2026-03-09 11:52:27,17.00,61.00
2026-03-09 11:53:27,17.00,61.00
2026-03-09 11:54:27,17.00,61.30
2026-03-09 11:55:27,17.00,61.40
2026-03-09 11:56:27,17.00,61.60
2026-03-09 11:57:27,17.00,61.60
2026-03-09 11:58:27,17.00,61.50
2026-03-09 11:59:27,17.00,61.50
2026-03-09 12:00:27,17.00,61.30
2026-03-09 12:01:27,17.00,61.20
2026-03-09 12:02:27,17.00,61.20
2026-03-09 12:03:27,17.00,60.90
2026-03-09 12:04:27,17.10,60.60
2026-03-09 12:05:27,17.10,60.60
2026-03-09 12:06:27,17.10,60.50
2026-03-09 12:07:27,17.10,60.30
2026-03-09 12:08:27,17.10,60.30
2026-03-09 12:09:27,17.10,59.30
2026-03-09 12:10:27,17.20,59.60
2026-03-09 12:11:27,17.20,59.80
2026-03-09 12:12:27,17.20,59.60
2026-03-09 12:13:27,17.20,59.60
2026-03-09 12:14:27,17.20,59.50
2026-03-09 12:15:27,17.20,59.50
2026-03-09 12:16:27,17.10,59.20
2026-03-09 12:17:27,17.10,58.90
2026-03-09 12:18:27,17.00,58.60
2026-03-09 12:19:27,17.10,58.90
2026-03-09 12:20:27,17.20,58.90
2026-03-09 12:21:27,17.20,58.60
2026-03-09 12:22:27,17.20,58.90
2026-03-09 12:23:27,17.20,58.60
2026-03-09 12:24:27,17.30,57.50
2026-03-09 12:25:27,17.30,57.10
2026-03-09 12:26:27,17.30,58.10
2026-03-09 12:27:27,17.30,57.70
2026-03-09 12:28:27,17.40,58.10
2026-03-09 12:29:27,17.30,58.30
2026-03-09 12:30:27,17.40,58.30
2026-03-09 12:31:27,17.40,57.80
2026-03-09 12:32:27,17.40,58.20
2026-03-09 12:33:27,17.30,57.80
2026-03-09 12:34:27,17.30,57.40
2026-03-09 12:35:27,17.30,57.50
2026-03-09 12:36:27,17.30,57.30
2026-03-09 12:37:27,17.40,56.80
2026-03-09 12:38:27,17.40,57.10
2026-03-09 12:39:27,17.40,57.30
2026-03-09 12:40:27,17.50,56.30
2026-03-09 12:41:27,17.50,56.40
2026-03-09 12:42:27,17.50,56.60
2026-03-09 12:43:27,17.50,56.80
2026-03-09 12:44:27,17.50,56.70
2026-03-09 12:45:27,17.50,56.70
2026-03-09 12:46:27,17.60,56.60
2026-03-09 12:47:27,17.60,56.80
2026-03-09 12:48:27,17.60,56.80
2026-03-09 12:49:27,17.60,56.90
2026-03-09 12:50:27,17.60,56.80
2026-03-09 12:51:27,17.60,56.90
2026-03-09 12:52:27,17.60,56.80
2026-03-09 12:53:27,17.50,56.70
2026-03-09 12:54:27,17.50,56.50
2026-03-09 12:55:27,17.50,56.30
2026-03-09 12:56:27,17.50,56.50
2026-03-09 12:57:27,17.50,56.40
2026-03-09 12:58:27,17.50,56.20
2026-03-09 12:59:27,17.50,56.10
2026-03-09 13:00:27,17.60,55.80
2026-03-09 13:01:27,17.60,56.00
2026-03-09 13:02:27,17.60,55.80
2026-03-09 13:03:27,17.60,55.60
2026-03-09 13:04:27,17.60,55.80
2026-03-09 13:05:27,17.60,55.70
2026-03-09 13:06:27,17.60,55.80
2026-03-09 13:07:27,17.70,55.60
2026-03-09 13:08:27,17.70,55.50
2026-03-09 13:09:27,17.70,55.70
2026-03-09 13:10:27,17.70,55.50
2026-03-09 13:11:27,17.70,55.40
2026-03-09 13:12:27,17.70,55.40
2026-03-09 13:13:27,17.80,55.20
2026-03-09 13:14:27,17.80,55.00
2026-03-09 13:15:27,17.80,54.80
2026-03-09 13:16:27,17.80,54.90
2026-03-09 13:17:27,17.80,54.90
2026-03-09 13:18:27,17.90,55.00
2026-03-09 13:19:27,17.80,55.00
2026-03-09 13:20:27,17.80,53.90
2026-03-09 13:21:27,17.80,53.40
2026-03-09 13:22:27,17.80,53.20
2026-03-09 13:23:27,17.80,53.00
2026-03-09 13:24:27,17.80,53.00
2026-03-09 13:25:27,17.80,53.10
2026-03-09 13:26:27,17.80,53.40
2026-03-09 13:27:27,17.80,53.40
2026-03-09 13:28:27,17.80,53.30
2026-03-09 13:29:27,17.80,53.00
2026-03-09 13:30:27,17.80,53.20
2026-03-09 13:31:27,17.80,53.50
2026-03-09 13:32:27,17.80,53.40
2026-03-09 13:33:27,17.80,53.40
2026-03-09 13:34:27,17.80,53.50
2026-03-09 13:35:27,17.90,53.20
2026-03-09 13:36:27,18.00,53.30
2026-03-09 13:37:27,18.10,53.20
2026-03-09 13:38:27,18.30,53.10
2026-03-09 13:39:27,18.40,53.00
2026-03-09 13:40:27,18.40,52.90
2026-03-09 13:41:27,18.50,52.90
2026-03-09 13:42:27,18.50,52.80
2026-03-09 13:43:27,18.60,52.50
2026-03-09 13:44:27,18.80,52.30
2026-03-09 13:45:27,18.90,51.90
2026-03-09 13:46:27,19.00,51.70
2026-03-09 13:47:27,19.10,51.60
2026-03-09 13:48:27,19.20,51.40
2026-03-09 13:49:27,19.30,51.20
2026-03-09 13:50:27,19.40,51.10
2026-03-09 13:51:27,19.50,50.80
2026-03-09 13:52:27,19.50,50.70
2026-03-09 13:53:27,19.50,50.80
2026-03-09 13:54:27,19.60,50.60
2026-03-09 13:55:27,19.70,50.30
2026-03-09 13:56:27,19.80,50.50
2026-03-09 13:57:27,19.90,50.60
2026-03-09 13:58:27,19.90,50.30
2026-03-09 13:59:27,19.90,50.20
2026-03-09 14:00:27,19.80,50.10
2026-03-09 14:01:27,19.80,50.20
2026-03-09 14:02:27,19.80,50.10
2026-03-09 14:03:27,19.60,50.20
2026-03-09 14:04:27,19.40,50.50
2026-03-09 14:05:27,19.30,50.60
2026-03-09 14:06:27,19.10,50.80
2026-03-09 14:07:27,19.00,51.10
2026-03-09 14:08:27,18.90,51.20
2026-03-09 14:09:27,18.80,51.50
2026-03-09 14:10:27,18.80,51.70
2026-03-09 14:11:27,18.70,51.70
2026-03-09 14:12:27,18.60,52.00
2026-03-09 14:13:27,18.80,51.80
2026-03-09 14:14:27,18.80,51.40
2026-03-09 14:15:27,18.80,51.30
2026-03-09 14:16:27,18.60,51.60
2026-03-09 14:17:27,18.60,51.80
2026-03-09 14:18:27,18.60,52.00
2026-03-09 14:19:27,18.40,51.90
2026-03-09 14:20:27,18.40,51.90
2026-03-09 14:21:27,18.40,52.00
2026-03-09 14:22:27,18.30,51.40
2026-03-09 14:23:27,18.10,50.90
2026-03-09 14:24:27,18.00,50.60
2026-03-09 14:25:27,17.90,50.60
2026-03-09 14:26:27,17.90,50.90
2026-03-09 14:27:27,17.90,50.60
2026-03-09 14:28:27,17.80,50.20
2026-03-09 14:29:27,17.70,50.40
2026-03-09 14:30:27,17.70,52.60
2026-03-09 14:31:27,17.70,53.60
2026-03-09 14:32:27,17.70,53.50
2026-03-09 14:33:27,17.70,51.60
2026-03-09 14:34:27,17.70,51.60
2026-03-09 14:35:27,17.80,51.30
2026-03-09 14:36:27,17.80,51.30
2026-03-09 14:37:27,17.80,50.90
2026-03-09 14:38:27,17.90,51.10
2026-03-09 14:39:27,17.90,51.20
2026-03-09 14:40:27,17.90,51.10
2026-03-09 14:41:27,17.90,51.30
2026-03-09 14:42:27,17.90,51.30
2026-03-09 14:43:27,17.90,51.70
2026-03-09 14:44:27,17.90,51.90
2026-03-09 14:45:27,17.90,52.40
2026-03-09 14:46:27,17.90,52.90
2026-03-09 14:47:27,18.00,51.50
2026-03-09 14:48:27,18.00,49.70
2026-03-09 14:49:27,18.10,48.70
2026-03-09 14:50:27,18.00,48.50
2026-03-09 14:51:27,18.10,48.90
2026-03-09 14:52:27,18.10,49.00
2026-03-09 14:53:27,18.10,50.10
2026-03-09 14:54:27,18.10,49.50
2026-03-09 14:55:27,18.00,51.10
2026-03-09 14:56:27,18.00,49.90
2026-03-09 14:57:27,18.00,50.80
2026-03-09 14:58:27,18.00,50.40
2026-03-09 14:59:27,18.10,49.10
2026-03-09 15:00:27,18.00,48.70
2026-03-09 15:01:27,18.00,49.60
2026-03-09 15:02:27,18.10,49.40
2026-03-09 15:03:27,18.00,49.40
2026-03-09 15:04:27,18.00,48.90
2026-03-09 15:05:27,18.00,48.40
2026-03-09 15:06:27,18.00,48.10
2026-03-09 15:07:27,18.00,48.20
2026-03-09 15:08:27,18.00,48.80
2026-03-09 15:09:27,18.00,48.80
2026-03-09 15:10:27,18.00,48.30
2026-03-09 15:11:27,17.90,50.00
2026-03-09 15:12:27,18.00,49.90
2026-03-09 15:13:27,18.00,49.50
2026-03-09 15:14:27,17.90,49.60
2026-03-09 15:15:27,17.90,49.80
2026-03-09 15:16:27,17.90,49.50
2026-03-09 15:17:27,17.90,49.70
2026-03-09 15:18:27,17.90,49.30
2026-03-09 15:19:27,17.90,49.00
2026-03-09 15:20:27,17.90,49.40
2026-03-09 15:21:27,17.90,49.90
2026-03-09 15:22:27,17.90,50.20
2026-03-09 15:23:27,18.00,48.20
2026-03-09 15:24:27,18.00,47.60
2026-03-09 15:25:27,18.10,47.00
2026-03-09 15:26:27,18.10,46.50
2026-03-09 15:27:27,18.20,46.50
2026-03-09 15:28:27,18.10,46.70
2026-03-09 15:29:27,18.10,46.90
2026-03-09 15:30:27,18.10,46.50
2026-03-09 15:31:27,18.10,46.90
2026-03-09 15:32:27,18.10,47.30
2026-03-09 15:33:27,18.10,46.70
2026-03-09 15:34:27,18.00,47.30
2026-03-09 15:35:27,18.00,47.80
2026-03-09 15:36:27,18.00,48.30
2026-03-09 15:37:27,18.00,48.80
2026-03-09 15:38:27,17.80,48.90
2026-03-09 15:39:27,17.60,49.40
2026-03-09 15:40:27,17.60,49.50
2026-03-09 15:41:27,17.60,49.40
2026-03-09 15:42:27,17.40,49.20
2026-03-09 15:43:27,17.30,49.30
2026-03-09 15:44:27,17.20,49.10
2026-03-09 15:45:27,17.20,49.00
2026-03-09 15:46:27,17.30,49.00
2026-03-09 15:47:27,17.30,49.00
2026-03-09 15:48:27,17.30,49.10
2026-03-09 15:49:27,17.40,49.30
2026-03-09 15:50:27,17.30,49.20
2026-03-09 15:51:27,17.30,49.10
2026-03-09 15:52:27,17.30,49.20
2026-03-09 15:53:27,17.50,49.00
2026-03-09 15:54:27,17.50,48.70
2026-03-09 15:55:27,17.50,49.10
2026-03-09 15:56:27,17.40,48.90
2026-03-09 15:57:27,17.30,49.00
2026-03-09 15:58:27,17.30,49.20
2026-03-09 15:59:27,17.30,49.10
2026-03-09 16:00:27,17.30,49.40
2026-03-09 16:01:27,17.30,49.30
2026-03-09 16:02:27,17.30,49.20
2026-03-09 16:03:27,17.40,49.50
2026-03-09 16:04:27,17.50,49.70
2026-03-09 16:05:27,17.50,49.60
2026-03-09 16:06:27,17.40,49.60
2026-03-09 16:07:27,17.30,49.20
2026-03-09 16:08:27,17.30,49.00
2026-03-09 16:09:27,17.20,48.90
2026-03-09 16:10:27,17.20,48.90
2026-03-09 16:11:27,17.20,48.90
2026-03-09 16:12:27,17.30,48.80
2026-03-09 16:13:27,17.30,48.80
2026-03-09 16:14:27,17.40,49.00
2026-03-09 16:15:27,17.40,48.90
2026-03-09 16:16:27,17.40,49.10
2026-03-09 16:17:27,17.40,49.00
2026-03-09 16:18:27,17.40,49.10
2026-03-09 16:19:27,17.40,49.30
2026-03-09 16:20:27,17.50,49.50
2026-03-09 16:21:27,17.50,49.40
2026-03-09 16:22:27,17.50,49.60
2026-03-09 16:23:27,17.50,49.70
2026-03-09 16:24:27,17.50,49.70
2026-03-09 16:25:27,17.50,49.70
2026-03-09 16:26:27,17.50,49.80
2026-03-09 16:27:27,17.50,49.80
2026-03-09 16:28:27,17.50,49.80
2026-03-09 16:29:27,17.60,49.80
2026-03-09 16:30:27,17.50,49.80
2026-03-09 16:31:27,17.60,49.20
2026-03-09 16:32:27,17.60,48.30
2026-03-09 16:33:27,17.60,48.30
2026-03-09 16:34:27,17.60,47.90
2026-03-09 16:35:27,17.60,47.70
2026-03-09 16:36:27,17.60,48.50
2026-03-09 16:37:27,17.60,49.80
2026-03-09 16:38:27,17.50,49.80
2026-03-09 16:39:27,17.50,49.20
2026-03-09 16:40:27,17.60,48.50
2026-03-09 16:41:27,17.60,48.40
2026-03-09 16:42:27,17.60,48.20
2026-03-09 16:43:27,17.60,48.20
2026-03-09 16:44:27,17.60,48.60
2026-03-09 16:45:27,17.60,48.90
2026-03-09 16:46:27,17.60,48.70
2026-03-09 16:47:27,17.60,49.10
2026-03-09 16:48:27,17.60,49.10
2026-03-09 16:49:27,17.60,49.50
2026-03-09 16:50:27,17.60,49.60
2026-03-09 16:51:28,17.60,49.50
2026-03-09 16:52:27,17.60,49.70
2026-03-09 16:53:28,17.60,49.70
2026-03-09 16:54:27,17.60,49.40
2026-03-09 16:55:27,17.60,49.60
2026-03-09 16:56:27,17.60,49.90
2026-03-09 16:57:28,17.60,50.00
2026-03-09 16:58:27,17.60,50.30
2026-03-09 16:59:28,17.60,50.30
2026-03-09 17:00:27,17.50,50.30
2026-03-09 17:01:28,17.60,50.10
2026-03-09 17:02:27,17.50,50.50
2026-03-09 17:03:29,17.50,50.50
2026-03-09 17:04:27,17.60,48.80
2026-03-09 17:05:28,17.60,48.60
2026-03-09 17:06:27,17.70,48.30
2026-03-09 17:07:29,17.70,48.30
2026-03-09 17:08:27,17.60,49.00
2026-03-09 17:09:29,17.60,49.70
2026-03-09 17:10:27,17.60,49.70
2026-03-09 17:11:29,17.60,49.50
2026-03-09 17:12:27,17.60,49.80
2026-03-09 17:13:29,17.60,49.90
2026-03-09 17:14:27,17.50,50.30
2026-03-09 17:15:28,17.50,50.40
2026-03-09 17:16:27,17.50,49.90
2026-03-09 17:17:30,17.50,49.90
2026-03-09 17:18:27,17.60,49.30
2026-03-09 17:19:29,17.60,49.40
2026-03-09 17:20:27,17.60,49.40
2026-03-09 17:21:30,17.60,49.20
2026-03-09 17:22:27,17.50,49.60
2026-03-09 17:23:29,17.50,49.60
2026-03-09 17:24:27,17.60,48.90
2026-03-09 17:25:29,17.50,49.20
2026-03-09 17:26:27,17.30,49.50
2026-03-09 17:27:30,17.30,49.50
2026-03-09 17:28:27,17.40,49.40
2026-03-09 17:29:30,17.40,49.40
2026-03-09 17:30:27,17.50,49.30
2026-03-09 17:31:30,17.50,48.80
2026-03-09 17:32:27,17.60,47.90
2026-03-09 17:33:31,17.60,48.00
2026-03-09 17:34:27,17.60,48.20
2026-03-09 17:35:31,17.60,48.50
2026-03-09 17:36:27,17.60,48.30
2026-03-09 17:37:30,17.60,48.10
2026-03-09 17:38:27,17.60,48.40
2026-03-09 17:39:31,17.60,48.60
2026-03-09 17:40:27,17.60,49.10
2026-03-09 17:41:30,17.50,49.10
2026-03-09 17:42:27,17.30,49.20
2026-03-09 17:43:31,17.30,49.30
2026-03-09 17:44:27,17.30,49.10
2026-03-09 17:45:31,17.30,48.90
2026-03-09 17:46:27,17.20,49.10
2026-03-09 17:47:31,17.30,49.00
2026-03-09 17:48:27,17.20,49.00
2026-03-09 17:49:31,17.20,49.00
2026-03-09 17:50:27,17.30,48.80
2026-03-09 17:51:31,17.30,48.60
2026-03-09 17:52:27,17.40,48.40
2026-03-09 17:53:33,17.50,48.40
2026-03-09 17:54:27,17.50,48.20
2026-03-09 17:55:32,17.50,48.10
2026-03-09 17:56:27,17.50,48.00
2026-03-09 17:57:32,17.50,47.80
2026-03-09 17:58:27,17.60,47.90
2026-03-09 17:59:33,17.60,47.90
2026-03-09 18:00:27,17.60,48.10
2026-03-09 18:01:32,17.60,48.10
2026-03-09 18:02:27,17.60,48.40
2026-03-09 18:03:32,17.50,48.70
2026-03-09 18:04:27,17.50,48.50
2026-03-09 18:05:33,17.60,48.50
2026-03-09 18:06:27,17.50,48.60
2026-03-09 18:07:33,17.50,48.50
2026-03-09 18:08:27,17.50,48.50
2026-03-09 18:09:33,17.50,48.40
2026-03-09 18:10:27,17.50,48.70
2026-03-09 18:11:33,17.50,48.70
2026-03-09 18:12:27,17.50,48.90
2026-03-09 18:13:33,17.50,48.90
2026-03-09 18:14:27,17.50,49.00
2026-03-09 18:15:33,17.50,49.10
2026-03-09 18:16:27,17.50,49.30
2026-03-09 18:17:33,17.50,49.30
2026-03-09 18:18:27,17.40,49.50
2026-03-09 18:19:35,17.40,49.60
2026-03-09 18:20:27,17.40,49.60
2026-03-09 18:21:34,17.40,49.60
2026-03-09 18:22:27,17.50,49.60
2026-03-09 18:23:34,17.40,49.60
2026-03-09 18:24:27,17.40,49.60
2026-03-09 18:25:34,17.40,49.50
2026-03-09 18:26:27,17.40,49.50
2026-03-09 18:27:34,17.40,49.50
2026-03-09 18:28:27,17.40,49.50
2026-03-09 18:29:35,17.40,49.60
2026-03-09 18:30:27,17.40,50.00
2026-03-09 18:31:35,17.40,50.00
2026-03-09 18:32:27,17.50,49.90
2026-03-09 18:33:35,17.50,49.80
2026-03-09 18:34:27,17.50,49.80
2026-03-09 18:35:35,17.50,49.80
2026-03-09 18:36:27,17.50,49.80
2026-03-09 18:37:35,17.50,49.90
2026-03-09 18:38:27,17.50,50.00
2026-03-09 18:39:35,17.50,50.00
2026-03-09 18:40:27,17.50,50.20
2026-03-09 18:41:35,17.40,50.30
2026-03-09 18:42:27,17.50,50.20
2026-03-09 18:43:36,17.40,50.20
2026-03-09 18:44:27,17.40,50.30
2026-03-09 18:45:36,17.40,50.40
2026-03-09 18:46:27,17.30,50.40
2026-03-09 18:47:36,17.30,50.40
2026-03-09 18:48:27,17.20,50.60
2026-03-09 18:49:36,17.20,50.60
2026-03-09 18:50:27,17.20,50.60
2026-03-09 18:51:36,17.20,50.60
2026-03-09 18:52:27,17.30,50.20
2026-03-09 18:53:36,17.30,50.30
2026-03-09 18:54:27,17.40,50.20
2026-03-09 18:55:36,17.30,50.30
2026-03-09 18:56:27,17.40,50.30
2026-03-09 18:57:36,17.40,50.30
2026-03-09 18:58:27,17.40,50.30
2026-03-09 18:59:36,17.40,50.40
2026-03-09 19:00:27,17.40,50.30
2026-03-09 19:01:36,17.40,50.30
2026-03-09 19:02:27,17.40,50.20
2026-03-09 19:03:37,17.30,50.10
2026-03-09 19:04:27,17.40,50.30
2026-03-09 19:05:37,17.40,50.40
2026-03-09 19:06:27,17.40,50.30
2026-03-09 19:07:37,17.40,50.20
2026-03-09 19:08:27,17.40,49.80
2026-03-09 19:09:37,17.40,49.80
2026-03-09 19:10:27,17.40,50.00
2026-03-09 19:11:37,17.40,49.90
2026-03-09 19:12:27,17.40,50.00
2026-03-09 19:13:37,17.40,50.00
2026-03-09 19:14:27,17.40,50.20
2026-03-09 19:15:38,17.40,50.30
2026-03-09 19:16:27,17.30,50.20
2026-03-09 19:17:38,17.40,50.00
2026-03-09 19:18:27,17.40,49.90
2026-03-09 19:19:38,17.50,49.90
2026-03-09 19:20:27,17.40,50.00
2026-03-09 19:21:38,17.40,50.00
2026-03-09 19:22:27,17.40,50.20
2026-03-09 19:23:39,17.30,50.20
2026-03-09 19:24:27,17.40,50.20
2026-03-09 19:25:39,17.40,50.20
2026-03-09 19:26:27,17.30,50.40
2026-03-09 19:27:39,17.30,50.40
2026-03-09 19:28:27,17.20,50.60
2026-03-09 19:29:39,17.20,50.60
2026-03-09 19:30:27,17.30,50.70
2026-03-09 19:31:39,17.30,50.60
2026-03-09 19:32:27,17.30,50.60
2026-03-09 19:33:39,17.30,50.60
2026-03-09 19:34:27,17.30,50.70
2026-03-09 19:35:39,17.30,50.70
2026-03-09 19:36:27,17.20,50.90
2026-03-09 19:37:39,17.10,51.00
2026-03-09 19:38:27,17.00,51.30
2026-03-09 19:39:39,17.00,51.40
2026-03-09 19:40:27,16.90,51.50
2026-03-09 19:41:38,17.00,51.60
2026-03-09 19:42:27,17.10,51.60
2026-03-09 19:43:39,17.20,51.80
2026-03-09 19:44:27,17.20,51.80
2026-03-09 19:45:39,17.20,51.80
2026-03-09 19:46:27,17.20,52.20
2026-03-09 19:47:39,17.20,52.30
2026-03-09 19:48:27,17.20,52.70
2026-03-09 19:49:39,17.20,52.70
2026-03-09 19:50:27,17.10,52.50
2026-03-09 19:51:39,17.10,52.50
2026-03-09 19:52:27,17.00,52.90
2026-03-09 19:53:39,17.10,52.80
2026-03-09 19:54:27,17.00,53.00
2026-03-09 19:55:39,17.00,53.10
2026-03-09 19:56:27,17.00,53.30
2026-03-09 19:57:39,17.00,53.40
2026-03-09 19:58:27,17.00,53.40
2026-03-09 19:59:39,17.10,53.40
2026-03-09 20:00:27,17.30,53.40
2026-03-09 20:01:39,17.30,53.30
2026-03-09 20:02:27,17.40,53.20
2026-03-09 20:03:39,17.40,53.30
2026-03-09 20:04:27,17.50,53.30
2026-03-09 20:05:39,17.50,53.30
2026-03-09 20:06:27,17.50,53.40
2026-03-09 20:07:39,17.60,53.30
2026-03-09 20:08:27,17.60,53.30
2026-03-09 20:09:39,17.60,53.30
2026-03-09 20:10:27,17.60,53.30
2026-03-09 20:11:39,17.70,53.30
2026-03-09 20:12:27,17.70,53.30
2026-03-09 20:13:39,17.70,53.30
2026-03-09 20:14:27,17.70,53.30
2026-03-09 20:15:39,17.70,53.40
2026-03-09 20:16:27,17.80,53.40
2026-03-09 20:17:38,17.70,53.60
2026-03-09 20:18:27,17.80,53.50
2026-03-09 20:19:38,17.80,53.40
2026-03-09 20:20:27,17.80,53.50
2026-03-09 20:21:38,17.80,53.50
2026-03-09 20:22:27,17.80,53.50
2026-03-09 20:23:38,17.80,53.50
2026-03-09 20:24:27,17.80,53.60
2026-03-09 20:25:38,17.80,53.60
2026-03-09 20:26:27,17.80,53.60
2026-03-09 20:27:38,17.80,53.60
2026-03-09 20:28:27,17.90,53.70
2026-03-09 20:29:38,17.90,53.70
2026-03-09 20:30:27,17.90,53.70
2026-03-09 20:31:38,17.90,53.70
2026-03-09 20:32:27,17.90,53.70
2026-03-09 20:33:38,17.90,53.90
2026-03-09 20:34:27,17.90,53.80
2026-03-09 20:35:38,18.00,53.80
2026-03-09 20:36:27,18.00,53.70
2026-03-09 20:37:39,18.00,53.70
2026-03-09 20:38:27,18.00,53.80
2026-03-09 20:39:39,18.00,53.80
2026-03-09 20:40:27,18.00,53.70
2026-03-09 20:41:39,18.00,53.70
2026-03-09 20:42:27,18.00,53.70
2026-03-09 20:43:39,18.00,53.80
2026-03-09 20:44:27,18.10,53.60
2026-03-09 20:45:39,18.00,53.70
2026-03-09 20:46:27,18.00,53.70
2026-03-09 20:47:39,18.10,53.60
2026-03-09 20:48:27,18.10,53.50
2026-03-09 20:49:39,18.10,53.50
2026-03-09 20:50:27,18.00,53.70
2026-03-09 20:51:38,18.10,53.60
2026-03-09 20:52:27,18.00,53.70
2026-03-09 20:53:38,18.00,53.60
2026-03-09 20:54:27,18.00,53.60
2026-03-09 20:55:39,18.10,53.50
2026-03-09 20:56:27,18.00,53.60
2026-03-09 20:57:39,18.10,53.60
2026-03-09 20:58:27,18.00,53.80
2026-03-09 20:59:39,18.00,53.80
2026-03-09 21:00:27,18.10,53.50
2026-03-09 21:01:39,18.10,53.60
2026-03-09 21:02:27,18.10,53.40
2026-03-09 21:03:39,18.10,53.50
2026-03-09 21:04:27,18.10,53.60
2026-03-09 21:05:38,18.10,53.60
2026-03-09 21:06:27,18.10,53.40
2026-03-09 21:07:38,18.10,53.40
2026-03-09 21:08:27,18.10,53.50
2026-03-09 21:09:39,18.10,53.50
2026-03-09 21:10:27,18.10,53.50
2026-03-09 21:11:39,18.10,53.50
2026-03-09 21:12:27,18.10,53.10
2026-03-09 21:13:39,18.10,53.10
2026-03-09 21:14:27,18.10,53.10
2026-03-09 21:15:39,18.10,52.90
2026-03-09 21:16:27,18.10,53.20
2026-03-09 21:17:39,18.10,53.30
2026-03-09 21:18:27,18.10,53.30
2026-03-09 21:19:39,18.10,53.50
2026-03-09 21:20:27,18.10,53.20
2026-03-09 21:21:39,18.10,53.20
2026-03-09 21:22:27,18.10,53.30
2026-03-09 21:23:39,18.10,53.10
2026-03-09 21:24:27,18.10,53.10
2026-03-09 21:25:39,18.10,53.10
2026-03-09 21:26:27,18.00,53.20
2026-03-09 21:27:38,18.00,53.20
2026-03-09 21:28:27,18.00,53.50
2026-03-09 21:29:38,18.10,53.40
2026-03-09 21:30:27,18.00,53.30
2026-03-09 21:31:38,18.10,53.20
2026-03-09 21:32:27,18.10,52.90
2026-03-09 21:33:38,18.10,53.00
2026-03-09 21:34:27,18.10,53.20
2026-03-09 21:35:39,18.10,53.30
2026-03-09 21:36:27,18.00,53.10
2026-03-09 21:37:38,18.10,52.80
2026-03-09 21:38:27,18.10,53.70
2026-03-09 21:39:39,18.10,53.40
2026-03-09 21:40:27,18.10,53.30
2026-03-09 21:41:39,18.10,53.90
2026-03-09 21:42:27,18.10,53.40
2026-03-09 21:43:39,18.10,53.50
2026-03-09 21:44:27,18.00,53.70
2026-03-09 21:45:39,18.00,53.70
2026-03-09 21:46:27,18.10,53.70
2026-03-09 21:47:40,18.10,53.40
2026-03-09 21:48:27,18.10,53.80
2026-03-09 21:49:39,18.10,53.70
2026-03-09 21:50:27,18.10,53.70
2026-03-09 21:51:39,18.10,53.70
2026-03-09 21:52:27,18.00,53.90
2026-03-09 21:53:39,18.10,53.80
2026-03-09 21:54:27,18.10,53.90
2026-03-09 21:55:39,18.00,54.00
2026-03-09 21:56:27,18.00,54.00
2026-03-09 21:57:39,18.00,54.10
2026-03-09 21:58:27,18.10,54.00
2026-03-09 21:59:39,18.10,54.00
2026-03-09 22:00:27,18.10,54.10
2026-03-09 22:01:39,18.10,54.10
2026-03-09 22:02:27,18.10,54.10
2026-03-09 22:03:39,18.10,54.10
2026-03-09 22:04:27,18.10,54.10
2026-03-09 22:05:39,18.10,54.00
2026-03-09 22:06:27,18.10,54.00
2026-03-09 22:07:39,18.10,54.10
2026-03-09 22:08:27,18.10,54.20
2026-03-09 22:09:39,18.10,54.20
2026-03-09 22:10:27,18.10,53.90
2026-03-09 22:11:39,18.10,54.10
2026-03-09 22:12:27,18.10,54.10
2026-03-09 22:13:39,18.10,54.10
2026-03-09 22:14:27,18.20,54.40
2026-03-09 22:15:39,18.20,54.20
2026-03-09 22:16:27,18.20,53.40
2026-03-09 22:17:39,18.10,53.50
2026-03-09 22:18:27,18.20,53.70
2026-03-09 22:19:40,18.20,53.90
2026-03-09 22:20:27,18.20,54.10
2026-03-09 22:21:40,18.20,54.20
2026-03-09 22:22:27,18.20,54.20
2026-03-09 22:23:40,18.20,54.20
2026-03-09 22:24:27,18.20,54.00
2026-03-09 22:25:40,18.20,54.10
2026-03-09 22:26:27,18.20,54.20
2026-03-09 22:27:40,18.20,54.10
2026-03-09 22:28:27,18.20,54.10
2026-03-09 22:29:39,18.20,54.10
2026-03-09 22:30:27,18.20,53.90
2026-03-09 22:31:39,18.20,54.10
2026-03-09 22:32:27,18.20,54.20
2026-03-09 22:33:38,18.20,54.20
2026-03-09 22:34:27,18.10,54.30
2026-03-09 22:35:39,18.10,54.40
2026-03-09 22:36:27,18.10,54.40
2026-03-09 22:37:39,18.10,54.40
2026-03-09 22:38:27,18.20,54.40
2026-03-09 22:39:39,18.10,54.40
2026-03-09 22:40:27,18.20,54.50
2026-03-09 22:41:39,18.20,54.50
2026-03-09 22:42:27,18.20,54.40
2026-03-09 22:43:39,18.20,54.50
2026-03-09 22:44:27,18.20,54.30
2026-03-09 22:45:39,18.20,54.20
2026-03-09 22:46:27,18.20,54.40
2026-03-09 22:47:39,18.20,54.40
2026-03-09 22:48:27,18.20,54.10
2026-03-09 22:49:39,18.20,54.20
2026-03-09 22:50:27,18.20,54.30
2026-03-09 22:51:39,18.20,54.30
2026-03-09 22:52:27,18.20,54.40
2026-03-09 22:53:39,18.20,54.40
2026-03-09 22:54:27,18.20,54.40
2026-03-09 22:55:39,18.20,54.40
2026-03-09 22:56:27,18.20,54.40
2026-03-09 22:57:40,18.20,54.50
2026-03-09 22:58:27,18.20,54.10
2026-03-09 22:59:39,18.20,54.10
2026-03-09 23:00:27,17.90,53.50
2026-03-09 23:01:40,17.80,53.70
2026-03-09 23:02:27,17.80,54.40
2026-03-09 23:03:40,17.80,54.10
2026-03-09 23:04:27,17.90,54.20
2026-03-09 23:05:40,17.90,54.10
2026-03-09 23:06:27,17.90,54.30
2026-03-09 23:07:40,17.90,54.30
2026-03-09 23:08:27,18.00,54.30
2026-03-09 23:09:40,17.90,54.30
2026-03-09 23:10:27,18.00,54.40
2026-03-09 23:11:39,18.00,54.40
2026-03-09 23:12:27,18.10,54.00
2026-03-09 23:13:40,18.10,54.00
2026-03-09 23:14:27,18.10,54.00
2026-03-09 23:15:40,18.10,54.20
2026-03-09 23:16:27,18.10,54.30
2026-03-09 23:17:40,18.10,54.20
2026-03-09 23:18:27,18.10,54.10
2026-03-09 23:19:40,18.00,54.20
2026-03-09 23:20:27,18.00,54.30
2026-03-09 23:21:40,17.90,54.30
2026-03-09 23:22:27,17.90,54.70
2026-03-09 23:23:40,17.90,54.70
2026-03-09 23:24:27,17.90,54.70
2026-03-09 23:25:40,17.90,54.60
2026-03-09 23:26:27,17.90,54.60
2026-03-09 23:27:39,17.90,54.80
2026-03-09 23:28:27,17.90,55.10
2026-03-09 23:29:40,17.90,54.90
2026-03-09 23:30:27,17.90,55.20
2026-03-09 23:31:40,17.80,55.30
2026-03-09 23:32:27,17.60,55.40
2026-03-09 23:33:40,17.60,55.40
2026-03-09 23:34:27,17.40,55.60
2026-03-09 23:35:40,17.30,55.80
2026-03-09 23:36:27,17.30,57.10
2026-03-09 23:37:40,17.30,56.80
2026-03-09 23:38:27,17.50,56.60
2026-03-09 23:39:40,17.60,56.50
2026-03-09 23:40:27,17.60,56.40
2026-03-09 23:41:40,17.60,56.10
2026-03-09 23:42:27,17.70,56.00
2026-03-09 23:43:40,17.80,56.00
2026-03-09 23:44:27,17.80,56.00
2026-03-09 23:45:40,17.80,56.00
2026-03-09 23:46:27,17.80,56.20
2026-03-09 23:47:39,17.80,56.10
2026-03-09 23:48:27,17.80,56.10
2026-03-09 23:49:39,17.90,56.00
2026-03-09 23:50:27,17.80,56.20
2026-03-09 23:51:39,17.90,56.20
2026-03-09 23:52:27,17.90,56.20
2026-03-09 23:53:39,17.90,56.10
2026-03-09 23:54:27,17.90,56.40
2026-03-09 23:55:39,18.00,56.20
2026-03-09 23:56:27,18.00,56.20
2026-03-09 23:57:39,18.00,56.20
2026-03-09 23:58:27,18.00,56.30
2026-03-09 23:59:39,18.00,56.30
2026-03-10 00:00:27,18.00,56.20
2026-03-10 00:01:40,18.00,56.20
2026-03-10 00:02:27,18.00,56.00
2026-03-10 00:03:39,18.00,56.10
2026-03-10 00:04:27,18.00,56.10
2026-03-10 00:05:40,18.00,56.30
2026-03-10 00:06:27,18.10,56.00
2026-03-10 00:07:40,18.10,56.00
2026-03-10 00:08:27,18.00,56.10
2026-03-10 00:09:40,18.00,56.20
2026-03-10 00:10:27,18.10,56.10
2026-03-10 00:11:40,18.00,56.30
2026-03-10 00:12:27,18.10,56.10
2026-03-10 00:13:40,18.10,56.10
2026-03-10 00:14:27,18.00,56.30
2026-03-10 00:15:40,18.00,56.20
2026-03-10 00:16:27,17.90,56.30
2026-03-10 00:17:40,17.90,56.30
2026-03-10 00:18:27,17.90,56.40
2026-03-10 00:19:40,17.90,56.40
2026-03-10 00:20:27,17.90,56.50
2026-03-10 00:21:40,17.90,56.40
2026-03-10 00:22:27,17.90,56.80
2026-03-10 00:23:40,17.90,56.90
2026-03-10 00:24:27,17.90,56.80
2026-03-10 00:25:40,17.90,56.70
2026-03-10 00:26:27,17.90,56.80
2026-03-10 00:27:40,17.90,56.80
2026-03-10 00:28:27,18.00,56.80
2026-03-10 00:29:40,18.00,56.80
2026-03-10 00:30:27,18.00,56.80
2026-03-10 00:31:40,18.00,56.80
2026-03-10 00:32:27,18.10,56.70
2026-03-10 00:33:40,18.10,56.60
2026-03-10 00:34:27,18.00,56.60
2026-03-10 00:35:40,18.00,56.50
2026-03-10 00:36:27,18.00,56.90
2026-03-10 00:37:40,18.00,57.00
2026-03-10 00:38:27,18.00,56.90
2026-03-10 00:39:40,18.00,56.90
2026-03-10 00:40:27,18.00,57.00
2026-03-10 00:41:40,18.00,57.00
2026-03-10 00:42:27,18.00,56.90
2026-03-10 00:43:40,18.00,57.00
2026-03-10 00:44:27,18.10,56.80
2026-03-10 00:45:41,18.10,56.80
2026-03-10 00:46:27,18.10,56.90
2026-03-10 00:47:41,18.10,56.80
2026-03-10 00:48:27,18.10,56.60
2026-03-10 00:49:41,18.10,56.70
2026-03-10 00:50:27,18.00,56.80
2026-03-10 00:51:41,18.00,56.80
2026-03-10 00:52:27,18.00,56.80
2026-03-10 00:53:39,18.00,57.00
2026-03-10 00:54:27,18.00,56.90
2026-03-10 00:55:39,18.00,57.00
2026-03-10 00:56:27,18.00,56.70
2026-03-10 00:57:40,18.00,56.60
2026-03-10 00:58:27,18.00,56.50
2026-03-10 00:59:40,18.00,56.50
2026-03-10 01:00:27,17.90,56.80
2026-03-10 01:01:40,17.90,56.70
2026-03-10 01:02:27,17.80,56.60
2026-03-10 01:03:40,17.70,56.70
2026-03-10 01:04:27,17.50,56.90
2026-03-10 01:05:40,17.50,57.00
2026-03-10 01:06:27,17.40,57.20
2026-03-10 01:07:40,17.30,57.30
2026-03-10 01:08:27,17.30,57.40
2026-03-10 01:09:40,17.20,57.60
2026-03-10 01:10:27,17.20,57.70
2026-03-10 01:11:40,17.20,57.70
2026-03-10 01:12:27,17.10,57.90
2026-03-10 01:13:40,17.10,57.90
2026-03-10 01:14:27,17.00,58.00
2026-03-10 01:15:40,17.00,58.10
2026-03-10 01:16:27,16.90,58.20
2026-03-10 01:17:41,16.90,58.20
2026-03-10 01:18:27,16.90,58.30
2026-03-10 01:19:41,16.90,58.40
2026-03-10 01:20:27,16.90,58.50
2026-03-10 01:21:40,16.90,58.40
2026-03-10 01:22:27,16.90,58.40
2026-03-10 01:23:41,16.90,58.40
2026-03-10 01:24:27,16.80,58.50
2026-03-10 01:25:41,16.80,58.50
2026-03-10 01:26:27,16.80,58.50
2026-03-10 01:27:40,16.80,58.50
2026-03-10 01:28:27,16.70,58.70
2026-03-10 01:29:40,16.70,58.80
2026-03-10 01:30:27,16.70,58.90
2026-03-10 01:31:40,16.70,58.90
2026-03-10 01:32:27,16.70,58.90
2026-03-10 01:33:40,16.60,58.90
2026-03-10 01:34:27,16.60,59.00
2026-03-10 01:35:40,16.60,59.00
2026-03-10 01:36:27,16.50,59.10
2026-03-10 01:37:40,16.50,59.20
2026-03-10 01:38:27,16.50,59.20
2026-03-10 01:39:40,16.50,59.20
2026-03-10 01:40:27,16.50,59.30
2026-03-10 01:41:41,16.50,59.30
2026-03-10 01:42:27,16.40,59.30
2026-03-10 01:43:41,16.50,59.30
2026-03-10 01:44:27,16.40,59.50
2026-03-10 01:45:40,16.50,59.50
2026-03-10 01:46:27,16.40,59.50
2026-03-10 01:47:40,16.40,59.50
2026-03-10 01:48:27,16.40,59.50
2026-03-10 01:49:40,16.40,59.60
2026-03-10 01:50:27,16.40,59.60
2026-03-10 01:51:40,16.40,59.60
2026-03-10 01:52:27,16.40,59.60
2026-03-10 01:53:40,16.40,59.60
2026-03-10 01:54:27,16.40,59.70
2026-03-10 01:55:41,16.30,59.70
2026-03-10 01:56:27,16.30,59.80
2026-03-10 01:57:41,16.40,59.80
2026-03-10 01:58:27,16.30,59.90
2026-03-10 01:59:41,16.30,59.90
2026-03-10 02:00:27,16.30,60.00
2026-03-10 02:01:41,16.40,60.00
2026-03-10 02:02:27,16.30,60.10
2026-03-10 02:03:41,16.30,60.20
2026-03-10 02:04:27,16.30,60.20
2026-03-10 02:05:39,16.30,60.20
2026-03-10 02:06:27,16.30,60.40
2026-03-10 02:07:40,16.30,60.30
2026-03-10 02:08:27,16.30,60.30
2026-03-10 02:09:40,16.30,60.50
2026-03-10 02:10:27,16.30,60.50
2026-03-10 02:11:40,16.30,60.50
2026-03-10 02:12:27,16.30,60.70
2026-03-10 02:13:40,16.30,60.60
2026-03-10 02:14:27,16.20,60.90
2026-03-10 02:15:40,16.20,60.90
2026-03-10 02:16:27,16.20,61.00
2026-03-10 02:17:40,16.20,60.90
2026-03-10 02:18:27,16.20,61.10
2026-03-10 02:19:40,16.20,61.10
2026-03-10 02:20:27,16.20,61.10
2026-03-10 02:21:40,16.20,61.10
2026-03-10 02:22:27,16.20,61.20
2026-03-10 02:23:41,16.20,61.30
2026-03-10 02:24:27,16.20,61.40
2026-03-10 02:25:41,16.20,61.40
2026-03-10 02:26:27,16.10,61.40
2026-03-10 02:27:41,16.10,61.40
2026-03-10 02:28:27,16.10,61.60
2026-03-10 02:29:41,16.10,61.60
2026-03-10 02:30:27,16.10,61.60
2026-03-10 02:31:41,16.10,61.60
2026-03-10 02:32:27,16.10,61.70
2026-03-10 02:33:41,16.00,61.80
2026-03-10 02:34:27,16.10,61.70
2026-03-10 02:35:41,16.10,61.70
2026-03-10 02:36:27,16.00,61.80
2026-03-10 02:37:40,16.10,61.70
2026-03-10 02:38:27,16.10,61.80
2026-03-10 02:39:41,16.00,61.90
2026-03-10 02:40:27,16.00,61.90
2026-03-10 02:41:41,16.10,61.80
2026-03-10 02:42:27,16.00,61.90
2026-03-10 02:43:41,16.00,62.00
2026-03-10 02:44:27,16.00,61.90
2026-03-10 02:45:41,16.00,61.90
2026-03-10 02:46:27,16.00,61.90
2026-03-10 02:47:41,16.00,62.00
2026-03-10 02:48:27,16.00,61.90
2026-03-10 02:49:41,16.00,61.90
2026-03-10 02:50:27,16.00,62.00
2026-03-10 02:51:41,16.00,62.10
2026-03-10 02:52:27,16.00,62.00
2026-03-10 02:53:40,16.00,62.00
2026-03-10 02:54:27,16.00,62.00
2026-03-10 02:55:40,16.00,62.00
2026-03-10 02:56:27,16.10,62.00
2026-03-10 02:57:41,16.00,62.00
2026-03-10 02:58:27,16.10,62.00
2026-03-10 02:59:41,16.00,62.10
2026-03-10 03:00:27,16.10,62.00
2026-03-10 03:01:41,16.10,62.00
2026-03-10 03:02:27,16.20,61.90
2026-03-10 03:03:41,16.20,61.90
2026-03-10 03:04:27,16.20,61.90
2026-03-10 03:05:41,16.10,61.90
2026-03-10 03:06:27,16.10,62.00
2026-03-10 03:07:41,16.10,62.10
2026-03-10 03:08:27,16.10,62.10
2026-03-10 03:09:41,16.20,62.20
2026-03-10 03:10:27,16.20,62.00
2026-03-10 03:11:40,16.20,62.00
2026-03-10 03:12:27,16.20,62.00
2026-03-10 03:13:40,16.20,62.10
2026-03-10 03:14:27,16.20,62.00
2026-03-10 03:15:40,16.30,61.90
2026-03-10 03:16:27,16.30,61.80
2026-03-10 03:17:40,16.30,61.90
2026-03-10 03:18:27,16.30,61.80
2026-03-10 03:19:40,16.30,61.80
2026-03-10 03:20:27,16.30,61.80
2026-03-10 03:21:40,16.30,61.80
2026-03-10 03:22:27,16.30,61.80
2026-03-10 03:23:40,16.30,61.80
2026-03-10 03:24:27,16.20,61.90
2026-03-10 03:25:40,16.20,61.90
2026-03-10 03:26:27,16.20,62.00
2026-03-10 03:27:40,16.20,62.00
2026-03-10 03:28:27,16.20,62.00
2026-03-10 03:29:40,16.20,62.10
2026-03-10 03:30:27,16.20,62.10
2026-03-10 03:31:41,16.20,62.10
2026-03-10 03:32:27,16.20,62.10
2026-03-10 03:33:41,16.30,62.00
2026-03-10 03:34:27,16.30,62.20
2026-03-10 03:35:41,16.30,62.10
2026-03-10 03:36:27,16.30,62.10
2026-03-10 03:37:41,16.30,62.00
2026-03-10 03:38:27,16.20,62.20
2026-03-10 03:39:41,16.20,62.20
2026-03-10 03:40:27,16.20,62.30
2026-03-10 03:41:41,16.20,62.20
2026-03-10 03:42:27,16.20,62.30
2026-03-10 03:43:41,16.20,62.30
2026-03-10 03:44:27,16.20,62.30
2026-03-10 03:45:41,16.20,62.30
2026-03-10 03:46:27,16.20,62.30
2026-03-10 03:47:40,16.30,62.20
2026-03-10 03:48:27,16.30,62.20
2026-03-10 03:49:41,16.20,62.30
2026-03-10 03:50:27,16.30,62.20
2026-03-10 03:51:41,16.30,62.30
2026-03-10 03:52:27,16.30,62.20
2026-03-10 03:53:41,16.30,62.30
2026-03-10 03:54:27,16.30,62.30
2026-03-10 03:55:41,16.30,62.30
2026-03-10 03:56:27,16.30,62.20
2026-03-10 03:57:41,16.30,62.20
2026-03-10 03:58:27,16.20,62.30
2026-03-10 03:59:40,16.20,62.30
2026-03-10 04:00:27,16.20,62.40
2026-03-10 04:01:40,16.20,62.50
2026-03-10 04:02:27,16.20,62.40
2026-03-10 04:03:41,16.20,62.50
2026-03-10 04:04:27,16.20,62.40
2026-03-10 04:05:41,16.20,62.50
2026-03-10 04:06:27,16.20,62.60
2026-03-10 04:07:41,16.20,62.60
2026-03-10 04:08:27,16.20,62.60
2026-03-10 04:09:41,16.20,62.60
2026-03-10 04:10:27,16.30,62.50
2026-03-10 04:11:41,16.30,62.50
2026-03-10 04:12:27,16.30,62.50
2026-03-10 04:13:41,16.30,62.50
2026-03-10 04:14:27,16.30,62.50
2026-03-10 04:15:41,16.30,62.50
2026-03-10 04:16:27,16.30,62.50
2026-03-10 04:17:41,16.30,62.50
2026-03-10 04:18:27,16.30,62.50
2026-03-10 04:19:40,16.30,62.50
2026-03-10 04:20:27,16.30,62.50
2026-03-10 04:21:40,16.30,62.50
2026-03-10 04:22:27,16.30,62.50
2026-03-10 04:23:40,16.20,62.60
2026-03-10 04:24:27,16.30,62.60
2026-03-10 04:25:40,16.20,62.70
2026-03-10 04:26:27,16.30,62.60
2026-03-10 04:27:40,16.30,62.60
2026-03-10 04:28:27,16.30,62.50
2026-03-10 04:29:40,16.30,62.50
2026-03-10 04:30:27,16.30,62.60
2026-03-10 04:31:40,16.30,62.60
2026-03-10 04:32:27,16.20,62.60
2026-03-10 04:33:41,16.20,62.70
2026-03-10 04:34:27,16.20,62.60
2026-03-10 04:35:41,16.20,62.60
2026-03-10 04:36:27,16.20,62.60
2026-03-10 04:37:41,16.20,62.60
2026-03-10 04:38:27,16.20,62.70
2026-03-10 04:39:41,16.20,62.70
2026-03-10 04:40:27,16.20,62.80
2026-03-10 04:41:41,16.20,62.70
2026-03-10 04:42:27,16.10,62.70
2026-03-10 04:43:41,16.20,62.70
2026-03-10 04:44:27,16.10,62.70
2026-03-10 04:45:41,16.20,62.90
2026-03-10 04:46:27,16.20,63.00
2026-03-10 04:47:41,16.20,63.00
2026-03-10 04:48:27,16.20,62.90
2026-03-10 04:49:41,16.30,62.80
2026-03-10 04:50:27,16.20,62.90
2026-03-10 04:51:41,16.20,62.90
2026-03-10 04:52:27,16.20,62.90
2026-03-10 04:53:41,16.20,62.80
2026-03-10 04:54:27,16.20,62.80
2026-03-10 04:55:41,16.20,62.80
2026-03-10 04:56:27,16.20,62.90
2026-03-10 04:57:41,16.20,62.90
2026-03-10 04:58:27,16.20,62.90
2026-03-10 04:59:41,16.20,62.90
2026-03-10 05:00:27,16.20,63.00
2026-03-10 05:01:41,16.20,63.00
2026-03-10 05:02:27,16.20,62.90
2026-03-10 05:03:41,16.20,62.80
2026-03-10 05:04:27,16.10,63.00
2026-03-10 05:05:41,16.20,63.00
2026-03-10 05:06:27,16.20,63.10
2026-03-10 05:07:41,16.20,63.10
2026-03-10 05:08:27,16.20,63.20
2026-03-10 05:09:41,16.20,63.20
2026-03-10 05:10:27,16.20,63.10
2026-03-10 05:11:41,16.20,63.10
2026-03-10 05:12:27,16.30,63.10
2026-03-10 05:13:41,16.30,63.10
2026-03-10 05:14:27,16.30,63.00
2026-03-10 05:15:41,16.30,62.90
2026-03-10 05:16:27,16.30,62.80
2026-03-10 05:17:41,16.30,62.70
2026-03-10 05:18:27,16.30,62.90
2026-03-10 05:19:41,16.30,62.90
2026-03-10 05:20:27,16.30,62.90
2026-03-10 05:21:41,16.30,62.90
2026-03-10 05:22:27,16.30,62.90
2026-03-10 05:23:41,16.30,62.90
2026-03-10 05:24:27,16.30,62.90
2026-03-10 05:25:41,16.30,63.00
2026-03-10 05:26:27,16.30,63.10
2026-03-10 05:27:40,16.30,63.10
2026-03-10 05:28:27,16.30,63.10
2026-03-10 05:29:40,16.30,63.00
2026-03-10 05:30:27,16.30,62.90
2026-03-10 05:31:40,16.30,62.80
2026-03-10 05:32:27,16.30,62.90
2026-03-10 05:33:40,16.30,62.90
2026-03-10 05:34:27,16.30,62.90
2026-03-10 05:35:40,16.30,62.80
2026-03-10 05:36:27,16.30,62.90
2026-03-10 05:37:40,16.30,62.80
2026-03-10 05:38:27,16.30,62.80
2026-03-10 05:39:41,16.20,62.90
2026-03-10 05:40:27,16.20,63.00
2026-03-10 05:41:41,16.20,63.00
2026-03-10 05:42:27,16.20,62.80
2026-03-10 05:43:41,16.20,62.90
2026-03-10 05:44:27,16.20,62.90
2026-03-10 05:45:41,16.20,63.00
2026-03-10 05:46:27,16.20,63.00
2026-03-10 05:47:41,16.20,63.00
2026-03-10 05:48:27,16.30,62.90
2026-03-10 05:49:41,16.20,63.00
2026-03-10 05:50:27,16.30,63.00
2026-03-10 05:51:41,16.30,62.90
2026-03-10 05:52:27,16.20,62.90
2026-03-10 05:53:41,16.30,62.80
2026-03-10 05:54:27,16.20,62.80
2026-03-10 05:55:41,16.20,62.80
2026-03-10 05:56:27,16.20,62.80
2026-03-10 05:57:41,16.20,62.90
2026-03-10 05:58:27,16.20,62.80
2026-03-10 05:59:41,16.20,62.90
2026-03-10 06:00:27,16.20,62.90
2026-03-10 06:01:41,16.20,63.00
2026-03-10 06:02:27,16.20,63.00
2026-03-10 06:03:40,16.20,63.00
2026-03-10 06:04:27,16.20,63.00
2026-03-10 06:05:41,16.20,63.00
2026-03-10 06:06:27,16.20,63.00
2026-03-10 06:07:41,16.20,63.10
2026-03-10 06:08:27,16.20,63.20
2026-03-10 06:09:41,16.20,63.10
2026-03-10 06:10:27,16.20,63.20
2026-03-10 06:11:41,16.20,63.20
2026-03-10 06:12:27,16.30,63.10
2026-03-10 06:13:41,16.30,63.10
2026-03-10 06:14:27,16.20,63.20
2026-03-10 06:15:41,16.20,63.20
2026-03-10 06:16:27,16.30,63.10
2026-03-10 06:17:41,16.30,63.00
2026-03-10 06:18:27,16.30,63.00
2026-03-10 06:19:41,16.20,63.00
2026-03-10 06:20:27,16.20,63.00
2026-03-10 06:21:41,16.20,63.00
2026-03-10 06:22:27,16.20,63.00
2026-03-10 06:23:41,16.20,63.10
2026-03-10 06:24:27,16.20,63.10
2026-03-10 06:25:42,16.20,63.20
2026-03-10 06:26:27,16.20,63.20
2026-03-10 06:27:41,16.20,63.20
2026-03-10 06:28:27,16.20,63.20
2026-03-10 06:29:41,16.20,63.20
2026-03-10 06:30:27,16.20,63.20
2026-03-10 06:31:41,16.20,63.20
2026-03-10 06:32:27,16.20,63.20
2026-03-10 06:33:41,16.20,63.20
2026-03-10 06:34:27,16.20,63.20
2026-03-10 06:35:42,16.10,63.30
2026-03-10 06:36:27,16.20,63.30
2026-03-10 06:37:41,16.20,63.30
2026-03-10 06:38:27,16.20,63.30
2026-03-10 06:39:40,16.20,63.30
2026-03-10 06:40:27,16.20,63.30
2026-03-10 06:41:40,16.10,63.40
2026-03-10 06:42:27,16.10,63.40
2026-03-10 06:43:41,16.10,63.50
2026-03-10 06:44:27,16.10,63.40
2026-03-10 06:45:41,16.10,63.40
2026-03-10 06:46:27,16.10,63.30
2026-03-10 06:47:41,16.10,63.40
2026-03-10 06:48:27,16.10,63.40
2026-03-10 06:49:41,16.10,63.40
2026-03-10 06:50:27,16.10,63.50
2026-03-10 06:51:41,16.10,63.40
2026-03-10 06:52:27,16.10,63.50
2026-03-10 06:53:41,16.00,63.60
2026-03-10 06:54:27,16.00,63.50
2026-03-10 06:55:41,16.00,63.50
2026-03-10 06:56:27,16.00,63.40
2026-03-10 06:57:42,16.00,63.40
2026-03-10 06:58:27,16.00,63.30
2026-03-10 06:59:42,16.00,63.40
2026-03-10 07:00:27,16.00,63.50
2026-03-10 07:01:42,16.00,63.50
2026-03-10 07:02:27,16.00,63.50
2026-03-10 07:03:42,16.00,63.50
2026-03-10 07:04:27,16.00,63.50
2026-03-10 07:05:42,16.00,63.60
2026-03-10 07:06:27,16.00,63.70
2026-03-10 07:07:42,16.00,63.70
2026-03-10 07:08:27,16.10,63.70
2026-03-10 07:09:42,16.10,63.60
2026-03-10 07:10:27,16.10,63.60
2026-03-10 07:11:41,16.00,63.70
2026-03-10 07:12:27,16.00,63.70
2026-03-10 07:13:41,16.00,63.80
2026-03-10 07:14:27,16.00,63.80
2026-03-10 07:15:41,16.00,63.90
2026-03-10 07:16:27,16.00,64.00
2026-03-10 07:17:42,16.00,64.00
2026-03-10 07:18:27,16.00,63.90
2026-03-10 07:19:41,16.00,63.90
2026-03-10 07:20:27,16.00,64.00
2026-03-10 07:21:41,16.00,64.10
2026-03-10 07:22:27,16.00,64.10
2026-03-10 07:23:41,16.00,64.20
2026-03-10 07:24:27,16.00,64.30
2026-03-10 07:25:41,16.00,64.30
2026-03-10 07:26:27,16.00,64.40
2026-03-10 07:27:41,16.00,64.30
2026-03-10 07:28:27,16.10,64.30
2026-03-10 07:29:41,16.10,64.30
2026-03-10 07:30:27,16.10,64.40
2026-03-10 07:31:41,16.10,64.40
2026-03-10 07:32:27,16.10,64.60
2026-03-10 07:33:41,16.10,64.60
2026-03-10 07:34:27,16.20,64.50
2026-03-10 07:35:42,16.10,64.50
2026-03-10 07:36:27,16.10,64.50
2026-03-10 07:37:42,16.10,64.50
2026-03-10 07:38:27,16.00,64.60
2026-03-10 07:39:42,16.00,64.50
2026-03-10 07:40:27,16.00,64.50
2026-03-10 07:41:42,16.00,64.60
2026-03-10 07:42:27,16.00,64.60
2026-03-10 07:43:42,15.90,64.70
2026-03-10 07:44:27,15.80,64.90
2026-03-10 07:45:41,15.80,64.90
2026-03-10 07:46:27,15.90,64.70
2026-03-10 07:47:41,15.80,64.60
2026-03-10 07:48:27,15.80,64.50
2026-03-10 07:49:41,15.80,64.50
2026-03-10 07:50:27,15.80,64.50
2026-03-10 07:51:41,15.80,64.50
2026-03-10 07:52:27,15.80,64.50
2026-03-10 07:53:41,15.80,64.50
2026-03-10 07:54:27,15.80,64.60
2026-03-10 07:55:41,15.80,64.60
2026-03-10 07:56:27,15.80,64.70
2026-03-10 07:57:41,15.80,64.90
2026-03-10 07:58:27,15.80,65.00
2026-03-10 07:59:41,15.80,65.10
2026-03-10 08:00:27,15.80,65.30
2026-03-10 08:01:41,15.80,65.30
2026-03-10 08:02:27,15.70,65.50
2026-03-10 08:03:41,15.80,65.40
2026-03-10 08:04:27,15.80,65.50
2026-03-10 08:05:42,15.80,65.50
2026-03-10 08:06:27,15.70,65.70
2026-03-10 08:07:42,15.70,65.70
2026-03-10 08:08:27,15.60,66.10
2026-03-10 08:09:42,15.60,66.20
2026-03-10 08:10:27,15.60,66.40
2026-03-10 08:11:42,15.60,66.40
2026-03-10 08:12:27,15.60,66.50
2026-03-10 08:13:42,15.60,66.50
2026-03-10 08:14:27,15.60,66.40
2026-03-10 08:15:42,15.70,66.40
2026-03-10 08:16:27,15.60,66.40
2026-03-10 08:17:42,15.50,66.50
2026-03-10 08:18:27,15.50,66.80
2026-03-10 08:19:41,15.40,66.80
2026-03-10 08:20:27,15.40,66.80
2026-03-10 08:21:41,15.50,66.80
2026-03-10 08:22:27,15.60,66.50
2026-03-10 08:23:42,15.60,66.40
2026-03-10 08:24:27,15.50,66.80
2026-03-10 08:25:41,15.40,66.90
2026-03-10 08:26:27,15.40,66.80
2026-03-10 08:27:42,15.30,66.50
2026-03-10 08:28:27,15.40,66.40
2026-03-10 08:29:42,15.40,66.30
2026-03-10 08:30:27,15.20,66.10
2026-03-10 08:31:42,15.20,66.20
2026-03-10 08:32:27,15.20,66.40
2026-03-10 08:33:41,15.20,66.40
2026-03-10 08:34:27,15.20,66.80
2026-03-10 08:35:41,15.20,66.80
2026-03-10 08:36:27,15.30,66.60
2026-03-10 08:37:41,15.30,66.60
2026-03-10 08:38:27,15.20,66.90
2026-03-10 08:39:41,15.20,67.00
2026-03-10 08:40:27,15.20,67.10
2026-03-10 08:41:41,15.20,67.20
2026-03-10 08:42:27,15.20,66.90
2026-03-10 08:43:42,15.20,66.90
2026-03-10 08:44:27,15.20,66.70
2026-03-10 08:45:42,15.20,66.70
2026-03-10 08:46:27,15.30,66.50
2026-03-10 08:47:42,15.30,66.40
2026-03-10 08:48:27,15.20,66.70
2026-03-10 08:49:42,15.30,66.60
2026-03-10 08:50:27,15.30,66.50
2026-03-10 08:51:41,15.30,66.60
2026-03-10 08:52:27,15.40,66.50
2026-03-10 08:53:40,15.40,66.40
2026-03-10 08:54:27,15.30,66.40
2026-03-10 08:55:41,15.30,66.40
2026-03-10 08:56:27,15.30,66.50
2026-03-10 08:57:41,15.30,66.60
2026-03-10 08:58:27,15.40,66.60
2026-03-10 08:59:41,15.40,66.70
2026-03-10 09:00:27,15.40,66.90
2026-03-10 09:01:41,15.30,67.10
2026-03-10 09:02:27,15.30,67.30
2026-03-10 09:03:41,15.20,67.40
2026-03-10 09:04:27,15.20,67.30
2026-03-10 09:05:41,15.30,67.20
2026-03-10 09:06:27,15.30,67.10
2026-03-10 09:07:41,15.40,67.00
2026-03-10 09:08:27,15.40,66.80
2026-03-10 09:09:41,15.40,66.80
2026-03-10 09:10:27,15.40,66.40
2026-03-10 09:11:41,15.50,66.30
2026-03-10 09:12:27,15.50,66.30
2026-03-10 09:13:41,15.50,66.30
2026-03-10 09:14:27,15.50,66.20
2026-03-10 09:15:41,15.50,66.20
2026-03-10 09:16:27,15.60,66.10
2026-03-10 09:17:41,15.50,66.10
2026-03-10 09:18:27,15.50,66.20
2026-03-10 09:19:41,15.60,66.10
2026-03-10 09:20:27,15.60,66.10
2026-03-10 09:21:41,15.60,66.10
2026-03-10 09:22:27,15.60,66.10
2026-03-10 09:23:41,15.60,66.10
2026-03-10 09:24:27,15.70,65.90
2026-03-10 09:25:41,15.70,65.90
2026-03-10 09:26:27,15.70,65.80
2026-03-10 09:27:41,15.70,65.80
2026-03-10 09:28:27,15.70,65.90
2026-03-10 09:29:40,15.70,65.80
2026-03-10 09:30:27,15.70,65.90
2026-03-10 09:31:41,15.70,65.90
2026-03-10 09:32:27,15.70,66.20
2026-03-10 09:33:41,15.70,66.20
2026-03-10 09:34:27,15.60,66.40
2026-03-10 09:35:41,15.60,66.40
2026-03-10 09:36:27,15.50,66.60
2026-03-10 09:37:41,15.60,66.60
2026-03-10 09:38:27,15.70,66.60
2026-03-10 09:39:41,15.70,66.60
2026-03-10 09:40:27,15.70,66.60
2026-03-10 09:41:41,15.70,66.50
2026-03-10 09:42:27,15.80,66.30
2026-03-10 09:43:41,15.80,66.30
2026-03-10 09:44:27,15.90,66.00
2026-03-10 09:45:41,15.90,65.90
2026-03-10 09:46:27,15.90,65.70
2026-03-10 09:47:41,15.90,65.70
2026-03-10 09:48:27,16.00,65.70
2026-03-10 09:49:41,16.00,65.60
2026-03-10 09:50:27,16.00,65.60
2026-03-10 09:51:41,16.00,65.60
2026-03-10 09:52:27,16.00,65.60
2026-03-10 09:53:41,16.00,65.60
2026-03-10 09:54:27,15.90,65.80
2026-03-10 09:55:41,15.90,65.80
2026-03-10 09:56:27,15.90,65.80
2026-03-10 09:57:41,15.90,65.80
2026-03-10 09:58:27,15.90,65.80
2026-03-10 09:59:41,16.00,65.80
2026-03-10 10:00:27,16.00,65.70
2026-03-10 10:01:41,16.00,65.60
2026-03-10 10:02:27,16.00,65.60
2026-03-10 10:03:41,16.10,65.40
2026-03-10 10:04:27,16.10,65.40
2026-03-10 10:05:41,16.20,65.40
2026-03-10 10:06:27,16.10,65.30
2026-03-10 10:07:40,16.20,65.30
2026-03-10 10:08:27,16.20,65.20
2026-03-10 10:09:40,16.10,65.20
2026-03-10 10:10:27,16.10,65.40
2026-03-10 10:11:41,16.20,65.40
2026-03-10 10:12:27,16.20,65.30
2026-03-10 10:13:41,16.20,65.30
2026-03-10 10:14:27,16.20,65.00
2026-03-10 10:15:41,16.20,65.00
2026-03-10 10:16:27,16.20,65.00
2026-03-10 10:17:41,16.20,65.20
2026-03-10 10:18:27,16.20,65.20
2026-03-10 10:19:41,16.20,65.20
2026-03-10 10:20:27,16.20,65.00
2026-03-10 10:21:41,16.30,64.40
2026-03-10 10:22:27,16.30,64.10
2026-03-10 10:23:41,16.30,64.20
2026-03-10 10:24:27,16.30,64.00
2026-03-10 10:25:41,16.30,64.10
2026-03-10 10:26:27,16.30,64.30
2026-03-10 10:27:41,16.30,64.30
2026-03-10 10:28:27,16.30,64.00
2026-03-10 10:29:41,16.40,64.00
2026-03-10 10:30:27,16.40,64.00
2026-03-10 10:31:42,16.40,64.10
2026-03-10 10:32:27,16.40,64.20
2026-03-10 10:33:41,16.40,64.20
2026-03-10 10:34:27,16.40,64.20
2026-03-10 10:35:42,16.40,64.20
2026-03-10 10:36:27,16.50,64.10
2026-03-10 10:37:41,16.50,64.00
2026-03-10 10:38:27,16.50,63.80
2026-03-10 10:39:41,16.50,63.80
2026-03-10 10:40:27,16.50,63.70
2026-03-10 10:41:41,16.50,63.70
2026-03-10 10:42:27,16.60,63.60
2026-03-10 10:43:41,16.60,63.60
2026-03-10 10:44:27,16.60,63.40
2026-03-10 10:45:41,16.60,63.00
2026-03-10 10:46:27,16.50,62.70
2026-03-10 10:47:41,16.50,62.30
2026-03-10 10:48:27,16.40,62.30
2026-03-10 10:49:41,16.40,62.30
2026-03-10 10:50:27,16.40,62.60
2026-03-10 10:51:41,16.50,62.70
2026-03-10 10:52:27,16.50,63.00
2026-03-10 10:53:41,16.60,62.90
2026-03-10 10:54:27,16.60,62.90
2026-03-10 10:55:42,16.70,62.90
2026-03-10 10:56:27,16.70,62.80
2026-03-10 10:57:41,16.70,62.80
2026-03-10 10:58:27,16.70,62.80
2026-03-10 10:59:41,16.70,62.70
2026-03-10 11:00:27,16.80,62.60
2026-03-10 11:01:42,16.70,62.80
2026-03-10 11:02:27,16.80,62.60
2026-03-10 11:03:42,16.70,62.70
2026-03-10 11:04:27,16.80,61.70
2026-03-10 11:05:42,16.80,61.70
2026-03-10 11:06:27,16.80,61.80
2026-03-10 11:07:42,16.80,61.80
2026-03-10 11:08:27,16.80,61.70
2026-03-10 11:09:42,16.80,61.70
2026-03-10 11:10:27,16.90,61.90
2026-03-10 11:11:42,16.90,61.90
2026-03-10 11:12:27,16.90,62.00
2026-03-10 11:13:42,16.90,62.00
2026-03-10 11:14:27,16.90,62.00
2026-03-10 11:15:40,16.90,62.10
2026-03-10 11:16:27,16.90,62.00
2026-03-10 11:17:41,16.90,62.00
2026-03-10 11:18:27,17.00,62.00
2026-03-10 11:19:41,17.00,62.00
2026-03-10 11:20:27,17.00,61.90
2026-03-10 11:21:41,17.00,61.90
2026-03-10 11:22:27,17.00,61.80
2026-03-10 11:23:41,17.00,61.90
2026-03-10 11:24:27,17.00,61.90
2026-03-10 11:25:41,17.00,61.90
2026-03-10 11:26:27,17.00,61.60
2026-03-10 11:27:41,17.00,61.40
2026-03-10 11:28:27,17.10,61.10
2026-03-10 11:29:41,17.10,61.10
2026-03-10 11:30:27,17.10,61.00
2026-03-10 11:31:41,17.20,61.20
2026-03-10 11:32:27,17.20,60.40
2026-03-10 11:33:41,17.20,59.70
2026-03-10 11:34:27,17.20,58.40
2026-03-10 11:35:41,17.20,58.40
2026-03-10 11:36:27,17.20,57.70
2026-03-10 11:37:42,17.20,57.80
2026-03-10 11:38:27,17.20,57.90
2026-03-10 11:39:42,17.20,58.00
2026-03-10 11:40:27,17.20,58.00
2026-03-10 11:41:42,17.30,57.10
2026-03-10 11:42:27,17.30,56.00
2026-03-10 11:43:42,17.30,56.50
2026-03-10 11:44:27,17.30,56.80
2026-03-10 11:45:42,17.20,57.10
2026-03-10 11:46:27,17.20,57.30
2026-03-10 11:47:41,17.30,57.40
2026-03-10 11:48:27,17.30,57.40
2026-03-10 11:49:41,17.30,57.40
2026-03-10 11:50:27,17.30,57.60
2026-03-10 11:51:41,17.30,57.60
2026-03-10 11:52:27,17.30,57.50
2026-03-10 11:53:41,17.30,57.50
2026-03-10 11:54:27,17.40,57.80
2026-03-10 11:55:41,17.40,57.80
2026-03-10 11:56:27,17.40,57.50
2026-03-10 11:57:42,17.50,57.40
2026-03-10 11:58:27,17.40,57.60
2026-03-10 11:59:42,17.50,57.50
2026-03-10 12:00:27,17.50,57.40
2026-03-10 12:01:42,17.50,57.60
2026-03-10 12:02:27,17.50,57.60
2026-03-10 12:03:42,17.50,57.60
2026-03-10 12:04:27,17.50,57.80
2026-03-10 12:05:41,17.50,57.80
2026-03-10 12:06:27,17.60,57.60
2026-03-10 12:07:41,17.60,57.40
2026-03-10 12:08:27,17.60,57.20
2026-03-10 12:09:42,17.70,57.30
2026-03-10 12:10:27,17.60,56.80
2026-03-10 12:11:42,17.70,56.70
2026-03-10 12:12:27,17.80,56.30
2026-03-10 12:13:42,17.80,56.00
2026-03-10 12:14:27,17.70,56.10
2026-03-10 12:15:42,17.80,56.10
2026-03-10 12:16:27,17.80,56.30
2026-03-10 12:17:42,17.80,56.30
2026-03-10 12:18:27,17.80,56.50
2026-03-10 12:19:41,17.80,56.60
2026-03-10 12:20:27,17.80,56.70
2026-03-10 12:21:40,17.80,56.90
2026-03-10 12:22:27,17.80,56.80
2026-03-10 12:23:40,17.80,57.10
2026-03-10 12:24:27,17.80,57.10
2026-03-10 12:25:40,17.80,57.00
2026-03-10 12:26:27,17.80,56.90
2026-03-10 12:27:41,17.80,56.90
2026-03-10 12:28:27,17.80,57.00
2026-03-10 12:29:41,17.80,56.90
2026-03-10 12:30:27,17.80,56.60
2026-03-10 12:31:41,17.70,56.70
2026-03-10 12:32:27,17.80,56.60
2026-03-10 12:33:41,17.80,56.40
2026-03-10 12:34:27,17.80,56.30
2026-03-10 12:35:41,17.80,56.20
2026-03-10 12:36:27,17.80,56.20
2026-03-10 12:37:41,17.80,56.30
2026-03-10 12:38:27,17.80,56.70
2026-03-10 12:39:41,17.80,56.60
2026-03-10 12:40:27,17.60,56.50
2026-03-10 12:41:41,17.60,56.70
2026-03-10 12:42:27,17.80,56.20
2026-03-10 12:43:41,17.80,56.30
2026-03-10 12:44:27,17.80,56.60
2026-03-10 12:45:41,17.70,56.80
2026-03-10 12:46:27,17.80,57.10
2026-03-10 12:47:41,17.80,57.10
2026-03-10 12:48:27,17.80,56.90
2026-03-10 12:49:41,17.90,56.70
2026-03-10 12:50:27,17.90,56.60
2026-03-10 12:51:41,18.00,56.50
2026-03-10 12:52:27,18.00,55.30
2026-03-10 12:53:41,18.00,55.40
2026-03-10 12:54:27,18.00,55.70
2026-03-10 12:55:41,18.00,55.90
2026-03-10 12:56:27,18.00,55.90
2026-03-10 12:57:41,18.00,55.90
2026-03-10 12:58:27,18.00,56.30
2026-03-10 12:59:41,18.00,56.20
2026-03-10 13:00:27,18.00,55.90
2026-03-10 13:01:41,18.00,55.50
2026-03-10 13:02:27,18.00,54.80
2026-03-10 13:03:41,18.00,54.80
2026-03-10 13:04:27,18.00,54.80
2026-03-10 13:05:41,18.00,54.70
2026-03-10 13:06:27,18.00,54.70
2026-03-10 13:07:41,18.00,54.90
2026-03-10 13:08:27,18.00,55.40
2026-03-10 13:09:41,18.00,55.10
2026-03-10 13:10:27,18.00,55.10
2026-03-10 13:11:41,18.00,55.20
2026-03-10 13:12:27,18.00,55.40
2026-03-10 13:13:41,18.10,55.10
2026-03-10 13:14:27,18.10,54.50
2026-03-10 13:15:41,18.10,54.20
2026-03-10 13:16:27,18.40,53.70
2026-03-10 13:17:42,18.50,53.70
2026-03-10 13:18:27,18.50,53.20
2026-03-10 13:19:41,18.50,53.00
2026-03-10 13:20:27,18.50,53.40
2026-03-10 13:21:41,18.60,53.30
2026-03-10 13:22:27,18.60,53.40
2026-03-10 13:23:41,18.60,53.40
2026-03-10 13:24:27,18.70,53.30
2026-03-10 13:25:42,18.80,52.90
2026-03-10 13:26:27,18.80,52.80
2026-03-10 13:27:42,18.80,53.00
2026-03-10 13:28:27,18.90,53.20
2026-03-10 13:29:40,18.90,53.20
2026-03-10 13:30:27,18.90,53.20
2026-03-10 13:31:41,18.90,53.30
2026-03-10 13:32:27,18.90,53.30
2026-03-10 13:33:41,19.00,53.30
2026-03-10 13:34:27,19.00,53.20
2026-03-10 13:35:41,19.00,53.20
2026-03-10 13:36:27,19.10,53.20
2026-03-10 13:37:41,19.10,53.10
2026-03-10 13:38:27,19.10,53.00
2026-03-10 13:39:41,19.20,52.90
2026-03-10 13:40:27,19.30,52.70
2026-03-10 13:41:41,19.40,52.60
2026-03-10 13:42:27,19.40,52.60
2026-03-10 13:43:41,19.40,52.60
2026-03-10 13:44:27,19.40,52.40
2026-03-10 13:45:41,19.50,52.30
2026-03-10 13:46:27,19.30,52.50
2026-03-10 13:47:41,19.30,52.60
2026-03-10 13:48:27,19.10,52.90
2026-03-10 13:49:41,19.00,53.10
2026-03-10 13:50:27,19.00,53.20
2026-03-10 13:51:41,18.90,53.00
2026-03-10 13:52:27,18.90,53.20
2026-03-10 13:53:41,18.90,53.10
2026-03-10 13:54:27,19.30,52.70
2026-03-10 13:55:41,19.20,52.50
2026-03-10 13:56:27,19.20,52.20
2026-03-10 13:57:41,19.30,52.10
2026-03-10 13:58:27,19.20,51.90
2026-03-10 13:59:41,19.20,51.90
2026-03-10 14:00:27,19.10,51.40
2026-03-10 14:01:41,19.10,51.30
2026-03-10 14:02:27,19.10,51.20
2026-03-10 14:03:41,19.10,51.00
2026-03-10 14:04:27,19.10,51.00
2026-03-10 14:05:41,19.20,50.90
2026-03-10 14:06:27,19.30,50.50
2026-03-10 14:07:41,19.30,50.50
2026-03-10 14:08:27,19.40,50.40
2026-03-10 14:09:41,19.50,50.30
2026-03-10 14:10:27,19.60,50.00
2026-03-10 14:11:41,19.60,50.00
2026-03-10 14:12:27,19.60,49.90
2026-03-10 14:13:41,19.60,50.00
2026-03-10 14:14:27,19.90,49.40
2026-03-10 14:15:41,20.00,49.10
2026-03-10 14:16:27,20.40,48.10
2026-03-10 14:17:41,20.60,47.60
2026-03-10 14:18:27,20.90,46.80
2026-03-10 14:19:41,21.00,46.50
2026-03-10 14:20:27,21.10,45.80
2026-03-10 14:21:41,21.20,45.50
2026-03-10 14:22:27,21.20,45.20
2026-03-10 14:23:41,21.40,45.10
2026-03-10 14:24:27,21.70,44.50
2026-03-10 14:25:41,21.70,44.40
2026-03-10 14:26:27,21.20,45.10
2026-03-10 14:27:41,21.00,45.60
2026-03-10 14:28:27,20.40,46.40
2026-03-10 14:29:41,20.20,46.70
2026-03-10 14:30:27,20.00,46.90
2026-03-10 14:31:41,19.90,47.30
2026-03-10 14:32:27,19.80,47.70
2026-03-10 14:33:41,19.70,48.10
2026-03-10 14:34:27,19.50,48.60
2026-03-10 14:35:40,19.50,48.80
2026-03-10 14:36:27,19.40,49.20
2026-03-10 14:37:40,19.30,49.10
2026-03-10 14:38:27,19.40,49.40
2026-03-10 14:39:40,19.40,49.20
2026-03-10 14:40:27,19.40,49.10
2026-03-10 14:41:41,19.40,48.80
2026-03-10 14:42:27,19.40,48.80
2026-03-10 14:43:40,19.30,48.80
2026-03-10 14:44:27,19.30,48.70
2026-03-10 14:45:41,19.30,48.80
2026-03-10 14:46:27,19.20,49.00
2026-03-10 14:47:41,19.10,49.10
2026-03-10 14:48:27,19.10,49.20
2026-03-10 14:49:40,19.10,49.30
2026-03-10 14:50:27,19.10,49.40
2026-03-10 14:51:40,19.20,49.30
2026-03-10 14:52:27,19.20,49.30
2026-03-10 14:53:41,19.20,49.30
2026-03-10 14:54:27,19.00,49.80
2026-03-10 14:55:41,19.00,49.80
2026-03-10 14:56:27,19.00,50.00
2026-03-10 14:57:41,19.00,50.00
2026-03-10 14:58:27,19.00,50.10
2026-03-10 14:59:41,19.00,50.30
2026-03-10 15:00:27,18.90,50.40
2026-03-10 15:01:41,18.90,50.40
2026-03-10 15:02:27,18.90,50.40
2026-03-10 15:03:41,18.90,50.50
2026-03-10 15:04:27,18.90,50.70
2026-03-10 15:05:41,18.90,50.70
2026-03-10 15:06:27,18.80,50.80
2026-03-10 15:07:40,18.90,50.80
2026-03-10 15:08:27,18.80,51.20
2026-03-10 15:09:41,18.70,51.20
2026-03-10 15:10:27,18.70,51.20
2026-03-10 15:11:41,18.70,51.10
2026-03-10 15:12:27,18.80,50.70
2026-03-10 15:13:41,18.80,50.60
2026-03-10 15:14:27,18.80,50.50
2026-03-10 15:15:40,18.80,50.40
2026-03-10 15:16:27,18.80,50.30
2026-03-10 15:17:41,18.90,50.30
2026-03-10 15:18:27,18.90,49.70
2026-03-10 15:19:41,18.90,49.70
2026-03-10 15:20:27,18.90,49.70
2026-03-10 15:21:40,19.00,49.50
2026-03-10 15:22:27,19.00,49.60
2026-03-10 15:23:40,19.00,49.60
2026-03-10 15:24:27,18.90,50.10
2026-03-10 15:25:40,18.80,50.00
2026-03-10 15:26:27,18.90,49.70
2026-03-10 15:27:40,18.90,49.70
2026-03-10 15:28:27,18.80,49.90
2026-03-10 15:29:41,18.80,49.90
2026-03-10 15:30:27,18.90,49.70
2026-03-10 15:31:41,18.90,49.70
2026-03-10 15:32:27,18.90,49.80
2026-03-10 15:33:41,18.90,49.90
2026-03-10 15:34:27,18.90,49.90
2026-03-10 15:35:41,18.90,49.90
2026-03-10 15:36:27,18.90,49.90
2026-03-10 15:37:41,18.90,49.90
2026-03-10 15:38:27,18.90,49.70
2026-03-10 15:39:41,18.90,49.70
2026-03-10 15:40:27,18.90,50.00
2026-03-10 15:41:41,18.80,50.00
2026-03-10 15:42:27,18.80,50.40
2026-03-10 15:43:40,18.70,50.50
2026-03-10 15:44:27,18.70,50.60
2026-03-10 15:45:40,18.70,50.80
2026-03-10 15:46:27,18.70,50.70
2026-03-10 15:47:40,18.70,50.80
2026-03-10 15:48:27,18.60,51.10
2026-03-10 15:49:40,18.60,51.10
2026-03-10 15:50:27,18.60,51.10
2026-03-10 15:51:40,18.60,51.20
2026-03-10 15:52:27,18.70,50.90
2026-03-10 15:53:40,18.70,51.00
2026-03-10 15:54:27,18.70,50.30
2026-03-10 15:55:40,18.70,50.30
2026-03-10 15:56:27,18.70,50.40
2026-03-10 15:57:40,18.70,50.30
2026-03-10 15:58:27,18.80,50.00
2026-03-10 15:59:40,18.80,50.00
2026-03-10 16:00:27,18.90,49.80
2026-03-10 16:01:40,18.90,49.70
2026-03-10 16:02:27,18.90,49.70
2026-03-10 16:03:40,18.90,49.70
2026-03-10 16:04:27,18.80,49.90
2026-03-10 16:05:40,18.80,50.00
2026-03-10 16:06:27,18.70,50.50
2026-03-10 16:07:40,18.60,50.50
2026-03-10 16:08:27,18.60,51.00
2026-03-10 16:09:40,18.60,51.00
2026-03-10 16:10:27,18.50,51.20
2026-03-10 16:11:40,18.50,51.30
2026-03-10 16:12:27,18.40,51.50
2026-03-10 16:13:40,18.40,51.60
2026-03-10 16:14:27,18.40,51.70
2026-03-10 16:15:40,18.40,51.60
2026-03-10 16:16:27,18.40,51.80
2026-03-10 16:17:40,18.40,51.80
2026-03-10 16:18:27,18.40,51.90
2026-03-10 16:19:40,18.40,52.00
2026-03-10 16:20:27,18.40,52.10
2026-03-10 16:21:40,18.30,52.20
2026-03-10 16:22:27,18.40,51.70
2026-03-10 16:23:40,18.40,51.20
2026-03-10 16:24:27,18.40,51.60
2026-03-10 16:25:40,18.40,51.60
2026-03-10 16:26:27,18.40,51.60
2026-03-10 16:27:40,18.40,51.60
2026-03-10 16:28:27,18.30,52.20
2026-03-10 16:29:40,18.40,52.10
2026-03-10 16:30:27,18.40,51.90
2026-03-10 16:31:40,18.40,51.70
2026-03-10 16:32:27,18.40,52.00
2026-03-10 16:33:40,18.40,51.90
2026-03-10 16:34:27,18.30,52.30
2026-03-10 16:35:40,18.30,52.40
2026-03-10 16:36:27,18.30,52.30
2026-03-10 16:37:40,18.30,52.30
2026-03-10 16:38:27,18.10,52.50
2026-03-10 16:39:40,18.10,52.30
2026-03-10 16:40:27,18.00,52.30
2026-03-10 16:41:40,18.00,52.30
2026-03-10 16:42:27,18.00,52.30
2026-03-10 16:43:40,18.10,52.20
2026-03-10 16:44:27,18.00,52.30
2026-03-10 16:45:40,18.00,52.40
2026-03-10 16:46:27,17.90,52.70
2026-03-10 16:47:41,17.90,52.70
2026-03-10 16:48:27,17.90,52.80
2026-03-10 16:49:40,17.90,52.80
2026-03-10 16:50:27,17.90,52.80
2026-03-10 16:51:40,17.80,52.80
2026-03-10 16:52:27,17.90,52.80
2026-03-10 16:53:39,17.90,52.80
2026-03-10 16:54:27,17.90,52.90
2026-03-10 16:55:39,17.90,53.00
2026-03-10 16:56:27,18.00,52.80
2026-03-10 16:57:40,18.00,52.80
2026-03-10 16:58:27,17.90,53.00
2026-03-10 16:59:40,17.90,53.00
2026-03-10 17:00:27,17.90,52.90
2026-03-10 17:01:40,17.80,52.90
2026-03-10 17:02:27,17.70,53.00
2026-03-10 17:03:40,17.80,52.90
2026-03-10 17:04:27,17.80,52.90
2026-03-10 17:05:40,17.80,52.90
2026-03-10 17:06:27,17.90,52.80
2026-03-10 17:07:40,17.90,52.80
2026-03-10 17:08:27,17.80,52.90
2026-03-10 17:09:40,17.80,52.90
2026-03-10 17:10:27,17.80,52.90
2026-03-10 17:11:40,17.90,52.90
2026-03-10 17:12:27,17.90,52.80
2026-03-10 17:13:40,17.80,52.80
2026-03-10 17:14:27,17.80,52.90
2026-03-10 17:15:40,17.80,52.80
2026-03-10 17:16:27,17.70,53.10
2026-03-10 17:17:40,17.70,53.10
2026-03-10 17:18:27,17.60,53.00
2026-03-10 17:19:40,17.60,53.00
2026-03-10 17:20:27,17.60,53.10
2026-03-10 17:21:40,17.70,53.10
2026-03-10 17:22:27,17.60,53.10
2026-03-10 17:23:40,17.70,53.10
2026-03-10 17:24:27,17.60,53.10
2026-03-10 17:25:39,17.70,53.10
2026-03-10 17:26:27,17.70,53.10
2026-03-10 17:27:39,17.60,53.10
2026-03-10 17:28:27,17.70,53.10
2026-03-10 17:29:40,17.60,53.20
2026-03-10 17:30:27,17.70,53.10
2026-03-10 17:31:40,17.70,53.10
2026-03-10 17:32:27,17.70,53.10
2026-03-10 17:33:40,17.80,53.00
2026-03-10 17:34:27,17.70,53.10
2026-03-10 17:35:40,17.70,53.10
2026-03-10 17:36:27,17.70,53.10
2026-03-10 17:37:40,17.70,53.10
2026-03-10 17:38:27,17.70,53.20
2026-03-10 17:39:40,17.70,53.20
2026-03-10 17:40:27,17.80,53.10
2026-03-10 17:41:39,17.90,53.20
2026-03-10 17:42:27,17.90,53.60
2026-03-10 17:43:40,18.00,53.80
2026-03-10 17:44:27,18.00,53.70
2026-03-10 17:45:40,18.00,53.50
2026-03-10 17:46:27,18.00,53.70
2026-03-10 17:47:40,18.00,53.80
2026-03-10 17:48:27,18.00,53.60
2026-03-10 17:49:40,18.00,53.50
2026-03-10 17:50:27,18.00,53.90
2026-03-10 17:51:40,17.90,54.10
2026-03-10 17:52:27,17.90,54.10
2026-03-10 17:53:40,17.90,53.90
2026-03-10 17:54:27,17.80,53.80
2026-03-10 17:55:40,17.80,53.60
2026-03-10 17:56:27,17.80,53.50
2026-03-10 17:57:40,17.80,53.60
2026-03-10 17:58:27,17.80,53.60
2026-03-10 17:59:38,17.80,53.50
2026-03-10 18:00:27,17.80,53.40
2026-03-10 18:01:39,17.80,53.30
2026-03-10 18:02:27,17.80,53.30
2026-03-10 18:03:39,17.80,53.30
2026-03-10 18:04:27,17.90,53.30
2026-03-10 18:05:39,17.80,53.20
2026-03-10 18:06:27,17.80,53.30
2026-03-10 18:07:39,17.90,53.30
2026-03-10 18:08:27,17.90,53.20
2026-03-10 18:09:39,17.90,53.30
2026-03-10 18:10:27,17.90,53.30
2026-03-10 18:11:39,17.90,53.40
2026-03-10 18:12:27,17.80,53.30
2026-03-10 18:13:39,17.80,53.40
2026-03-10 18:14:27,17.90,53.40
2026-03-10 18:15:39,17.90,53.50
2026-03-10 18:16:27,17.90,53.40
2026-03-10 18:17:39,17.90,53.50
2026-03-10 18:18:27,17.80,53.40
2026-03-10 18:19:39,17.80,53.30
2026-03-10 18:20:27,17.90,53.40
2026-03-10 18:21:40,17.90,53.50
2026-03-10 18:22:27,17.80,53.20
2026-03-10 18:23:40,17.80,53.30
2026-03-10 18:24:27,17.80,53.30
2026-03-10 18:25:40,17.80,53.30
2026-03-10 18:26:27,17.80,53.20
2026-03-10 18:27:40,17.80,53.20
2026-03-10 18:28:27,17.80,52.90
2026-03-10 18:29:40,17.80,52.80
2026-03-10 18:30:27,17.80,52.90
2026-03-10 18:31:40,17.80,52.90
2026-03-10 18:32:27,17.90,53.00
2026-03-10 18:33:39,17.90,53.00
2026-03-10 18:34:27,18.00,52.90
2026-03-10 18:35:40,18.00,52.90
2026-03-10 18:36:27,17.90,52.80
2026-03-10 18:37:40,17.90,52.80
2026-03-10 18:38:27,17.90,52.60
2026-03-10 18:39:40,17.90,52.60
2026-03-10 18:40:27,17.90,52.70
2026-03-10 18:41:40,17.90,52.70
2026-03-10 18:42:27,17.90,52.80
2026-03-10 18:43:40,17.90,52.70
2026-03-10 18:44:27,17.90,52.70
2026-03-10 18:45:40,18.00,52.70
2026-03-10 18:46:27,18.00,52.70
2026-03-10 18:47:40,17.90,52.70
2026-03-10 18:48:27,18.00,52.70
2026-03-10 18:49:39,18.00,52.70
2026-03-10 18:50:27,18.00,52.80
2026-03-10 18:51:40,18.00,52.80
2026-03-10 18:52:27,18.00,52.80
2026-03-10 18:53:40,18.00,52.80
2026-03-10 18:54:27,18.00,52.90
2026-03-10 18:55:40,18.00,52.90
2026-03-10 18:56:27,18.00,52.90
2026-03-10 18:57:40,18.00,53.00
2026-03-10 18:58:27,18.00,52.80
2026-03-10 18:59:40,18.00,52.80
2026-03-10 19:00:27,17.90,52.70
2026-03-10 19:01:40,17.90,52.70
2026-03-10 19:02:27,17.90,52.80
2026-03-10 19:03:40,17.90,52.90
2026-03-10 19:04:27,17.90,52.90
2026-03-10 19:05:40,18.00,52.90
2026-03-10 19:06:27,18.00,53.00
2026-03-10 19:07:39,18.00,52.90
2026-03-10 19:08:27,18.00,53.00
2026-03-10 19:09:39,18.00,53.00
2026-03-10 19:10:27,18.00,53.00
2026-03-10 19:11:39,18.00,53.00
2026-03-10 19:12:27,18.10,52.90
2026-03-10 19:13:39,18.00,53.00
2026-03-10 19:14:27,18.00,53.00
2026-03-10 19:15:39,18.00,53.00
2026-03-10 19:16:27,17.90,53.10
2026-03-10 19:17:39,18.00,53.10
2026-03-10 19:18:27,17.90,53.20
2026-03-10 19:19:39,18.00,53.20
2026-03-10 19:20:27,17.90,53.30
2026-03-10 19:21:39,17.90,53.30
2026-03-10 19:22:27,17.90,53.30
2026-03-10 19:23:39,18.00,53.40
2026-03-10 19:24:27,18.10,53.30
2026-03-10 19:25:40,18.10,53.30
2026-03-10 19:26:27,18.00,53.40
2026-03-10 19:27:40,18.10,53.30
2026-03-10 19:28:27,18.10,53.10
2026-03-10 19:29:40,18.00,53.30
2026-03-10 19:30:27,18.00,53.40
2026-03-10 19:31:40,18.00,53.40
2026-03-10 19:32:27,18.00,53.40
2026-03-10 19:33:40,18.10,53.30
2026-03-10 19:34:27,18.10,53.30
2026-03-10 19:35:39,18.10,53.30
2026-03-10 19:36:27,18.10,53.30
2026-03-10 19:37:39,18.10,53.30
2026-03-10 19:38:27,18.00,53.30
2026-03-10 19:39:40,18.00,53.40
2026-03-10 19:40:27,18.00,53.30
2026-03-10 19:41:40,18.00,53.30
2026-03-10 19:42:27,18.10,53.40
2026-03-10 19:43:40,18.00,53.50
2026-03-10 19:44:27,18.10,53.50
2026-03-10 19:45:40,18.10,53.50
2026-03-10 19:46:27,18.00,53.50
2026-03-10 19:47:39,18.00,53.60
2026-03-10 19:48:27,17.90,53.70
2026-03-10 19:49:39,17.90,53.70
2026-03-10 19:50:27,17.90,53.70
2026-03-10 19:51:40,17.90,53.70
2026-03-10 19:52:27,18.00,53.80
2026-03-10 19:53:40,18.00,53.80
2026-03-10 19:54:27,17.90,53.90
2026-03-10 19:55:40,18.00,54.10
2026-03-10 19:56:27,17.90,54.00
2026-03-10 19:57:40,17.90,54.10
2026-03-10 19:58:27,18.00,54.10
2026-03-10 19:59:40,18.00,54.10
2026-03-10 20:00:27,17.90,54.10
2026-03-10 20:01:40,17.90,54.10
2026-03-10 20:02:27,17.80,54.30
2026-03-10 20:03:40,17.80,54.40
2026-03-10 20:04:27,17.80,54.40
2026-03-10 20:05:39,17.90,54.40
2026-03-10 20:06:27,17.90,54.40
2026-03-10 20:07:39,18.00,54.50
2026-03-10 20:08:27,18.00,54.40
2026-03-10 20:09:39,17.90,54.40
2026-03-10 20:10:27,18.00,54.90
2026-03-10 20:11:39,17.90,54.70
2026-03-10 20:12:27,18.00,54.70
2026-03-10 20:13:39,18.00,54.50
2026-03-10 20:14:27,17.90,54.50
2026-03-10 20:15:39,17.90,54.50
2026-03-10 20:16:27,18.00,54.50
2026-03-10 20:17:39,18.00,54.50
2026-03-10 20:18:27,18.00,54.40
2026-03-10 20:19:39,17.90,54.40
2026-03-10 20:20:27,17.90,54.30
2026-03-10 20:21:39,18.00,54.40
2026-03-10 20:22:27,17.90,54.40
2026-03-10 20:23:40,18.00,54.40
2026-03-10 20:24:27,17.90,54.30
2026-03-10 20:25:40,18.00,54.40
2026-03-10 20:26:27,17.80,54.50
2026-03-10 20:27:40,17.80,54.50
2026-03-10 20:28:27,17.90,54.50
2026-03-10 20:29:40,17.80,54.50
2026-03-10 20:30:27,17.80,54.60
2026-03-10 20:31:40,17.90,54.60
2026-03-10 20:32:27,17.90,54.60
2026-03-10 20:33:40,17.90,54.60
2026-03-10 20:34:27,18.00,54.50
2026-03-10 20:35:39,18.00,54.50
2026-03-10 20:36:27,18.10,54.40
2026-03-10 20:37:39,18.00,54.50
2026-03-10 20:38:27,17.90,54.60
2026-03-10 20:40:11,18.00,54.70
2026-03-10 20:40:32,18.00,54.70
2026-03-10 20:41:42,18.00,54.70
2026-03-10 20:42:55,18.00,54.80
2026-03-10 20:43:27,18.10,54.80
2026-03-10 20:44:40,18.10,54.90
2026-03-10 20:45:27,18.20,54.90
2026-03-10 20:46:39,18.20,54.90
2026-03-10 20:47:27,18.20,55.00
2026-03-10 20:48:40,18.20,55.00
2026-03-10 20:49:27,18.30,54.90
2026-03-10 20:50:39,18.30,54.90
2026-03-10 20:51:27,18.30,55.00
2026-03-10 20:52:40,18.30,55.10
2026-03-10 23:08:31,20.88,54.64
2026-03-10 23:09:32,20.39,54.22
2026-03-10 23:10:31,19.56,52.91
2026-03-10 23:11:31,19.17,51.66
2026-03-10 23:12:31,19.00,50.27
2026-03-10 23:13:32,19.02,49.36
2026-03-10 23:14:32,19.25,48.00
2026-03-10 23:15:31,19.90,46.43
2026-03-10 23:16:31,20.58,45.60
2026-03-10 23:17:32,21.09,45.24
2026-03-10 23:18:31,22.22,45.01
2026-03-10 23:19:31,23.05,45.31
2026-03-10 23:20:31,23.79,45.99
2026-03-10 23:21:31,24.39,46.98
2026-03-10 23:22:31,24.80,48.22
2026-03-10 23:23:31,24.99,49.59
2026-03-10 23:24:31,24.86,51.49
2026-03-10 23:25:31,24.50,52.76
2026-03-10 23:26:31,24.16,53.47
2026-03-10 23:27:31,23.49,54.34
2026-03-10 23:28:31,22.41,54.95
2026-03-10 23:29:32,21.86,54.99
2026-03-10 23:30:32,21.03,54.73
2026-03-10 23:31:32,20.27,54.09
2026-03-10 23:32:31,19.48,52.72
2026-03-10 23:33:32,19.23,51.91
2026-03-10 23:34:31,19.02,50.54
2026-03-10 23:35:31,19.11,48.64
2026-03-10 23:36:31,19.31,47.79
2026-03-10 23:37:32,19.79,46.62
2026-03-10 23:38:31,20.71,45.49
2026-03-10 23:39:31,21.51,45.07
2026-03-10 23:40:32,22.06,45.00
2026-03-10 23:41:32,22.90,45.23
2026-03-10 23:42:31,23.90,46.13
2026-03-10 23:43:32,24.29,46.78
2026-03-10 23:44:31,24.85,48.44
2026-03-10 23:45:31,25.00,49.83
2026-03-10 23:46:31,24.91,51.23
2026-03-10 23:47:31,24.59,52.54
2026-03-10 23:48:32,24.27,53.28
2026-03-10 23:49:31,23.37,54.45
2026-03-10 23:50:31,22.56,54.91
2026-03-10 23:51:31,21.72,54.98
2026-03-10 23:52:31,20.90,54.65
2026-03-10 23:53:32,20.16,53.95
2026-03-10 23:54:31,19.57,52.94
2026-03-10 23:55:31,19.09,51.21
2026-03-10 23:56:31,19.00,49.81
2026-03-10 23:57:31,19.15,48.42
2026-03-10 23:58:31,19.37,47.58
2026-03-10 23:59:31,20.11,46.12
2026-03-11 00:00:31,20.56,45.61
2026-03-11 00:01:31,21.65,45.03
2026-03-11 00:02:32,22.20,45.01
2026-03-11 00:03:31,23.03,45.30
2026-03-11 00:04:31,24.01,46.29
2026-03-11 00:05:31,24.55,47.37
2026-03-11 00:06:31,24.80,48.19
2026-03-11 00:07:32,24.99,49.56
2026-03-11 00:08:31,24.87,51.46
2026-03-11 00:09:32,24.66,52.30
2026-03-11 00:10:32,24.17,53.45
2026-03-11 00:11:31,23.24,54.55
2026-03-11 00:12:31,22.43,54.95
2026-03-11 00:13:32,21.88,55.00
2026-03-11 00:14:32,20.77,54.56
2026-03-11 00:15:31,20.05,53.80
2026-03-11 00:16:31,19.49,52.74
2026-03-11 00:17:32,19.13,51.47
2026-03-11 00:18:32,19.00,50.07
2026-03-11 00:19:32,19.11,48.67
2026-03-11 00:20:32,19.30,47.82
2026-03-11 00:21:31,19.99,46.29
2026-03-11 00:22:31,20.69,45.50
2026-03-11 00:23:32,21.50,45.07
2026-03-11 00:24:31,22.34,45.03
2026-03-11 00:25:32,23.16,45.39
2026-03-11 00:26:31,23.89,46.11
2026-03-11 00:27:32,24.46,47.15
2026-03-11 00:28:32,24.84,48.41
2026-03-11 00:29:31,24.99,50.30
2026-03-11 00:30:31,24.83,51.68
2026-03-11 00:31:32,24.60,52.51
2026-03-11 00:32:32,24.07,53.62
2026-03-11 00:33:32,23.38,54.44
2026-03-11 00:34:32,22.58,54.90
2026-03-11 00:35:32,21.74,54.98
2026-03-11 00:36:32,20.91,54.66
2026-03-11 00:37:31,19.95,53.64
2026-03-11 00:38:31,19.42,52.54
2026-03-11 00:39:32,19.18,51.72
2026-03-11 00:40:31,19.00,49.84
2026-03-11 00:41:31,19.15,48.45
2026-03-11 00:42:32,19.37,47.61
2026-03-11 00:43:31,20.09,46.14
2026-03-11 00:44:31,20.82,45.41
2026-03-11 00:45:32,21.34,45.12
2026-03-11 00:46:32,22.48,45.06
2026-03-11 00:47:32,23.29,45.49
2026-03-11 00:48:31,23.99,46.27
2026-03-11 00:49:31,24.54,47.34
2026-03-11 00:50:31,24.89,48.63
2026-03-11 00:51:32,25.00,50.03
2026-03-11 00:52:32,24.95,50.94
2026-03-11 00:53:31,24.35,53.11
2026-03-11 00:54:32,23.97,53.78
2026-03-11 00:55:31,22.98,54.73
2026-03-11 00:56:32,22.44,54.94
2026-03-11 00:57:31,21.30,54.86
2026-03-11 00:58:32,20.78,54.57
2026-03-11 00:59:31,20.07,53.82
2026-03-11 01:00:31,19.35,52.34
2026-03-11 01:01:32,19.14,51.49
2026-03-11 01:02:31,19.01,49.60
2026-03-11 01:03:31,19.20,48.23
2026-03-11 01:04:32,19.44,47.40
2026-03-11 01:05:31,20.20,45.99
2026-03-11 01:06:31,20.95,45.32
2026-03-11 01:07:32,21.48,45.08
2026-03-11 01:08:32,22.62,45.11
2026-03-11 01:09:31,23.41,45.59
2026-03-11 01:10:32,23.87,46.09
2026-03-11 01:11:32,24.61,47.54
2026-03-11 01:12:31,24.92,48.86
2026-03-11 01:13:31,25.00,50.27
2026-03-11 01:14:32,24.92,51.17
2026-03-11 01:15:31,24.44,52.90
2026-03-11 01:16:31,23.86,53.92
2026-03-11 01:17:32,23.40,54.42
2026-03-11 01:18:32,22.30,54.97
2026-03-11 01:19:31,21.46,54.92
2026-03-11 01:20:31,20.39,54.22
2026-03-11 01:21:32,19.96,53.67
2026-03-11 01:22:31,19.43,52.57
2026-03-11 01:23:31,19.04,50.78
2026-03-11 01:24:32,19.00,49.87
2026-03-11 01:25:32,19.14,48.48
2026-03-11 01:26:31,19.69,46.81
2026-03-11 01:27:31,20.32,45.86
2026-03-11 01:28:32,20.80,45.42
2026-03-11 01:29:32,21.62,45.04
2026-03-11 01:30:31,22.76,45.16
2026-03-11 01:31:31,23.54,45.71
2026-03-11 01:32:32,23.98,46.24
2026-03-11 01:33:32,24.53,47.32
2026-03-11 01:34:31,24.95,49.09
2026-03-11 01:35:31,24.99,50.50
2026-03-11 01:36:31,24.78,51.87
2026-03-11 01:37:32,24.53,52.68
2026-03-11 01:38:32,23.75,54.07
2026-03-11 01:39:31,23.00,54.72
2026-03-11 01:40:31,22.16,54.99
2026-03-11 01:41:32,21.62,54.96
2026-03-11 01:42:32,20.53,54.36
2026-03-11 01:43:31,19.86,53.50
2026-03-11 01:44:31,19.36,52.37
2026-03-11 01:45:31,19.02,50.55
2026-03-11 01:46:32,19.00,50.13
2026-03-11 01:47:32,19.19,48.25
2026-03-11 01:48:32,19.59,47.02
2026-03-11 01:49:31,20.19,46.01
2026-03-11 01:50:31,21.22,45.17
2026-03-11 01:51:32,21.46,45.08
2026-03-11 01:52:32,22.60,45.10
2026-03-11 01:53:32,23.40,45.58
2026-03-11 01:54:31,24.08,46.40
2026-03-11 01:55:31,24.74,47.96
2026-03-11 01:56:31,24.97,49.32
2026-03-11 01:57:32,25.00,50.23
2026-03-11 01:58:32,24.84,51.62
2026-03-11 01:59:31,24.27,53.27
2026-03-11 02:00:31,23.63,54.20
2026-03-11 02:01:31,22.86,54.79
2026-03-11 02:02:32,22.32,54.97
2026-03-11 02:03:32,21.48,54.92
2026-03-11 02:04:31,20.41,54.24
2026-03-11 02:05:31,19.76,53.33
2026-03-11 02:06:31,19.29,52.16
2026-03-11 02:07:32,19.10,51.30
2026-03-11 02:08:32,19.00,49.90
2026-03-11 02:09:32,19.24,48.04
2026-03-11 02:10:31,19.68,46.83
2026-03-11 02:11:31,20.30,45.88
2026-03-11 02:12:31,21.06,45.25
2026-03-11 02:13:31,22.20,45.01
2026-03-11 02:14:32,22.44,45.06
2026-03-11 02:15:32,23.52,45.69
2026-03-11 02:16:31,24.18,46.57
2026-03-11 02:17:31,24.67,47.72
2026-03-11 02:18:31,24.95,49.06
2026-03-11 02:19:31,24.94,50.96
2026-03-11 02:20:31,24.67,52.30
2026-03-11 02:21:32,24.37,53.07
2026-03-11 02:22:32,23.76,54.05
2026-03-11 02:23:32,23.01,54.71
2026-03-11 02:24:31,22.18,54.99
2026-03-11 02:25:31,21.05,54.74
2026-03-11 02:26:31,20.29,54.11
2026-03-11 02:27:32,19.87,53.52
2026-03-11 02:28:32,19.37,52.39
2026-03-11 02:29:32,19.07,51.07
2026-03-11 02:30:31,19.04,49.17
2026-03-11 02:31:31,19.30,47.82
2026-03-11 02:32:31,19.77,46.65
2026-03-11 02:33:31,20.42,45.75
2026-03-11 02:34:32,20.91,45.34
2026-03-11 02:35:32,21.74,45.02
2026-03-11 02:36:32,22.58,45.10
2026-03-11 02:37:32,23.64,45.81
2026-03-11 02:38:31,24.28,46.74
2026-03-11 02:39:31,24.73,47.93
2026-03-11 02:40:31,24.97,49.29
2026-03-11 02:41:32,25.00,50.20
2026-03-11 02:42:32,24.84,51.59
2026-03-11 02:43:32,24.28,53.25
2026-03-11 02:44:32,23.65,54.18
2026-03-11 02:45:31,22.88,54.78
2026-03-11 02:46:31,22.04,55.00
2026-03-11 02:47:31,21.20,54.82
2026-03-11 02:48:31,20.18,53.97
2026-03-11 02:49:31,19.59,52.97
2026-03-11 02:50:32,19.30,52.19
2026-03-11 02:51:32,19.04,50.84
2026-03-11 02:52:32,19.02,49.43
2026-03-11 02:53:32,19.23,48.07
2026-03-11 02:54:32,19.67,46.85
2026-03-11 02:55:31,20.54,45.63
2026-03-11 02:56:31,21.33,45.12
2026-03-11 02:57:31,22.18,45.01
2026-03-11 02:58:31,23.01,45.29
2026-03-11 02:59:32,23.51,45.67
2026-03-11 03:00:32,24.17,46.55
2026-03-11 03:01:32,24.66,47.70
2026-03-11 03:02:31,24.99,49.52
2026-03-11 03:03:31,24.95,50.93
2026-03-11 03:04:31,24.67,52.27
2026-03-11 03:05:31,24.19,53.42
2026-03-11 03:06:32,23.78,54.03
2026-03-11 03:07:32,23.03,54.70
2026-03-11 03:08:32,21.90,55.00
2026-03-11 03:09:31,21.07,54.75
2026-03-11 03:10:31,20.31,54.13
2026-03-11 03:11:31,19.68,53.18
2026-03-11 03:12:31,19.14,51.50
2026-03-11 03:13:32,19.07,51.10
2026-03-11 03:14:32,19.04,49.20
2026-03-11 03:15:32,19.29,47.85
2026-03-11 03:16:31,19.76,46.68
2026-03-11 03:17:31,20.41,45.76
2026-03-11 03:18:31,21.18,45.19
2026-03-11 03:19:31,22.32,45.03
2026-03-11 03:20:31,23.14,45.37
2026-03-11 03:21:32,23.63,45.80
2026-03-11 03:22:32,24.26,46.72
2026-03-11 03:23:32,24.72,47.91
2026-03-11 03:24:31,24.97,49.26
2026-03-11 03:25:31,24.92,51.16
2026-03-11 03:26:31,24.61,52.47
2026-03-11 03:27:32,24.29,53.22
2026-03-11 03:28:32,23.66,54.16
2026-03-11 03:29:32,22.90,54.77
2026-03-11 03:30:31,21.76,54.98
2026-03-11 03:31:31,20.94,54.67
2026-03-11 03:32:31,20.19,53.99
2026-03-11 03:33:31,19.60,52.99
2026-03-11 03:34:32,19.31,52.21
2026-03-11 03:35:32,19.05,50.87
2026-03-11 03:36:32,19.02,49.46
2026-03-11 03:37:32,19.35,47.64
2026-03-11 03:38:31,19.86,46.50
2026-03-11 03:39:31,20.53,45.64
2026-03-11 03:40:31,21.32,45.13
2026-03-11 03:41:31,22.16,45.01
2026-03-11 03:42:31,23.27,45.47
2026-03-11 03:43:32,23.74,45.93
2026-03-11 03:44:32,24.35,46.90
2026-03-11 03:45:31,24.78,48.12
2026-03-11 03:46:31,24.98,49.49
2026-03-11 03:47:31,24.88,51.39
2026-03-11 03:48:31,24.53,52.67
2026-03-11 03:49:31,23.99,53.75
2026-03-11 03:50:32,23.54,54.29
2026-03-11 03:51:32,22.76,54.84
2026-03-11 03:52:32,21.92,55.00
2026-03-11 03:53:32,21.09,54.76
2026-03-11 03:54:31,20.32,54.15
2026-03-11 03:55:31,19.52,52.80
2026-03-11 03:56:31,19.14,51.53
2026-03-11 03:57:31,19.00,50.14
2026-03-11 03:58:31,19.10,48.74
2026-03-11 03:59:32,19.28,47.88
2026-03-11 04:00:32,19.75,46.70
2026-03-11 04:01:32,20.65,45.53
2026-03-11 04:02:31,21.45,45.08
2026-03-11 04:03:31,22.30,45.02
2026-03-11 04:04:31,23.12,45.36
2026-03-11 04:05:31,23.85,46.07
2026-03-11 04:06:31,24.60,47.51
2026-03-11 04:07:32,24.72,47.88
2026-03-11 04:08:32,24.96,49.23
2026-03-11 04:09:32,24.92,51.13
2026-03-11 04:10:32,24.62,52.45
2026-03-11 04:11:31,24.10,53.57
2026-03-11 04:12:31,23.42,54.40
2026-03-11 04:13:31,22.63,54.89
2026-03-11 04:14:31,21.48,54.93
2026-03-11 04:15:31,20.68,54.49
2026-03-11 04:16:32,20.46,54.29
2026-03-11 04:17:32,19.61,53.02
2026-03-11 04:18:32,19.20,51.78
2026-03-11 04:19:32,19.01,50.41
2026-03-11 04:20:32,19.06,49.00
2026-03-11 04:21:32,19.35,47.67
2026-03-11 04:22:32,19.84,46.53
2026-03-11 04:23:31,20.51,45.66
2026-03-11 04:24:31,21.59,45.05
2026-03-11 04:25:31,22.44,45.05
2026-03-11 04:26:31,23.25,45.46
2026-03-11 04:27:32,23.73,45.91
2026-03-11 04:28:32,24.34,46.88
2026-03-11 04:29:32,24.77,48.09
2026-03-11 04:30:32,24.98,49.46
2026-03-11 04:31:32,24.95,50.87
2026-03-11 04:32:32,24.54,52.65
2026-03-11 04:33:32,24.00,53.73
2026-03-11 04:34:31,23.29,54.51
2026-03-11 04:35:31,22.49,54.93
2026-03-11 04:36:31,21.64,54.96
2026-03-11 04:37:31,20.82,54.60
2026-03-11 04:38:31,20.10,53.87
2026-03-11 04:39:31,19.37,52.40
2026-03-11 04:40:32,19.26,52.03
2026-03-11 04:41:32,19.00,50.17
2026-03-11 04:42:32,19.09,48.77
2026-03-11 04:43:32,19.41,47.47
2026-03-11 04:44:32,19.94,46.36
2026-03-11 04:45:32,20.63,45.55
2026-03-11 04:46:32,21.43,45.09
2026-03-11 04:47:32,22.28,45.02
2026-03-11 04:48:31,23.10,45.35
2026-03-11 04:49:31,23.84,46.05
2026-03-11 04:50:31,24.43,47.06
2026-03-11 04:51:31,24.82,48.31
2026-03-11 04:52:31,25.00,50.19
2026-03-11 04:53:31,24.85,51.58
2026-03-11 04:54:31,24.47,52.84
2026-03-11 04:55:31,23.89,53.88
2026-03-11 04:56:31,23.17,54.61
2026-03-11 04:57:31,22.35,54.97
2026-03-11 04:58:31,21.50,54.93
2026-03-11 04:59:31,20.69,54.50
2026-03-11 05:00:31,19.99,53.71
2026-03-11 05:01:31,19.45,52.63
2026-03-11 05:02:32,19.20,51.81
2026-03-11 05:03:32,19.01,50.44
2026-03-11 05:04:32,19.06,49.03
2026-03-11 05:05:32,19.34,47.70
2026-03-11 05:06:32,19.83,46.55
2026-03-11 05:07:32,20.49,45.68
2026-03-11 05:08:32,21.57,45.05
2026-03-11 05:09:32,22.42,45.05
2026-03-11 05:10:32,23.23,45.44
2026-03-11 05:11:32,23.95,46.20
2026-03-11 05:12:32,24.51,47.26
2026-03-11 05:13:32,24.87,48.53
2026-03-11 05:14:31,25.00,49.93
2026-03-11 05:15:31,24.89,51.33
2026-03-11 05:16:31,24.55,52.62
2026-03-11 05:17:31,24.01,53.71
2026-03-11 05:18:31,23.04,54.69
2026-03-11 05:19:31,22.21,54.99
2026-03-11 05:20:31,21.36,54.89
2026-03-11 05:21:31,20.57,54.39
2026-03-11 05:22:31,19.89,53.55
2026-03-11 05:23:31,19.38,52.43
2026-03-11 05:24:31,19.08,51.11
2026-03-11 05:25:31,19.01,49.70
2026-03-11 05:26:31,19.17,48.32
2026-03-11 05:27:31,19.57,47.07
2026-03-11 05:28:31,20.16,46.06
2026-03-11 05:29:31,20.89,45.35
2026-03-11 05:30:31,21.71,45.02
2026-03-11 05:31:31,22.56,45.09
2026-03-11 05:32:31,23.36,45.54
2026-03-11 05:33:31,24.26,46.71
2026-03-11 05:34:32,24.42,47.04
2026-03-11 05:35:32,24.82,48.28
2026-03-11 05:36:32,24.99,49.66
2026-03-11 05:37:32,24.93,51.07
2026-03-11 05:38:31,24.30,53.22
2026-03-11 05:39:31,23.67,54.16
2026-03-11 05:40:31,22.90,54.77
2026-03-11 05:41:31,22.07,55.00
2026-03-11 05:42:31,21.23,54.83
2026-03-11 05:43:31,20.45,54.28
2026-03-11 05:44:31,19.79,53.38
2026-03-11 05:45:31,19.31,52.22
2026-03-11 05:46:31,19.05,50.88
2026-03-11 05:47:31,19.02,49.47
2026-03-11 05:48:31,19.22,48.10
2026-03-11 05:49:31,19.65,46.89
2026-03-11 05:50:31,20.27,45.92
2026-03-11 05:51:32,20.74,45.46
2026-03-11 05:52:32,21.56,45.06
2026-03-11 05:53:32,22.40,45.05
2026-03-11 05:54:32,23.22,45.43
2026-03-11 05:55:32,23.93,46.18
2026-03-11 05:56:32,24.50,47.23
2026-03-11 05:57:32,24.86,48.50
2026-03-11 05:58:32,25.00,49.90
2026-03-11 05:59:32,24.90,51.30
2026-03-11 06:00:32,24.56,52.60
2026-03-11 06:01:32,24.03,53.69
2026-03-11 06:02:32,23.33,54.48
2026-03-11 06:03:32,22.52,54.92
2026-03-11 06:04:32,21.68,54.97
2026-03-11 06:05:32,20.86,54.62
2026-03-11 06:06:32,19.90,53.58
2026-03-11 06:07:32,19.39,52.46
2026-03-11 06:08:32,19.08,51.14
2026-03-11 06:09:32,19.00,49.74
2026-03-11 06:10:32,19.17,48.35
2026-03-11 06:11:32,19.56,47.10
2026-03-11 06:12:32,20.14,46.08
2026-03-11 06:13:32,20.87,45.37
2026-03-11 06:14:32,21.69,45.03
2026-03-11 06:15:32,22.54,45.08
2026-03-11 06:16:32,23.34,45.53
2026-03-11 06:17:32,24.04,46.33
2026-03-11 06:18:32,24.57,47.43
2026-03-11 06:19:32,24.90,48.73
2026-03-11 06:20:32,25.00,50.13
2026-03-11 06:21:32,24.86,51.52
2026-03-11 06:22:32,24.49,52.79
2026-03-11 06:23:32,23.92,53.84
2026-03-11 06:24:32,23.20,54.58
2026-03-11 06:25:31,22.09,55.00
2026-03-11 06:26:31,21.24,54.84
2026-03-11 06:27:31,20.46,54.29
2026-03-11 06:28:31,19.80,53.41
2026-03-11 06:29:31,19.32,52.25
2026-03-11 06:30:31,19.05,50.91
2026-03-11 06:31:31,19.01,49.50
2026-03-11 06:32:32,19.22,48.13
2026-03-11 06:33:32,19.64,46.91
2026-03-11 06:34:32,20.25,45.93
2026-03-11 06:35:32,21.00,45.28
2026-03-11 06:36:32,21.83,45.01
2026-03-11 06:37:32,22.68,45.13
2026-03-11 06:38:32,23.47,45.64
2026-03-11 06:39:32,24.14,46.50
2026-03-11 06:40:32,24.64,47.63
2026-03-11 06:41:32,24.93,48.96
2026-03-11 06:42:32,24.99,50.37
2026-03-11 06:43:31,24.69,52.20
2026-03-11 06:44:31,24.22,53.37
2026-03-11 06:45:31,23.56,54.27
2026-03-11 06:46:31,22.79,54.83
2026-03-11 06:47:31,21.94,55.00
2026-03-11 06:48:31,21.11,54.77
2026-03-11 06:49:31,20.34,54.17
2026-03-11 06:50:31,19.71,53.23
2026-03-11 06:51:31,19.40,52.48
2026-03-11 06:52:32,19.08,51.17
2026-03-11 06:53:32,19.00,49.77
2026-03-11 06:54:32,19.16,48.38
2026-03-11 06:55:32,19.55,47.12
2026-03-11 06:56:32,20.13,46.10
2026-03-11 06:57:32,20.86,45.38
2026-03-11 06:58:32,21.68,45.03
2026-03-11 06:59:31,23.10,45.35
2026-03-11 07:00:31,23.59,45.76
2026-03-11 07:01:31,24.24,46.67
2026-03-11 07:02:31,24.71,47.84
2026-03-11 07:03:32,24.96,49.19
2026-03-11 07:04:32,24.98,50.60
2026-03-11 07:05:31,24.63,52.41
2026-03-11 07:06:31,24.32,53.17
2026-03-11 07:07:31,23.70,54.12
2026-03-11 07:08:32,22.94,54.75
2026-03-11 07:09:32,22.40,54.95
2026-03-11 07:10:31,20.98,54.70
2026-03-11 07:11:31,20.48,54.31
2026-03-11 07:12:32,19.82,53.43
2026-03-11 07:13:32,19.33,52.28
2026-03-11 07:14:31,19.01,50.45
2026-03-11 07:15:31,19.06,49.04
2026-03-11 07:16:32,19.21,48.16
2026-03-11 07:17:32,19.63,46.93
2026-03-11 07:18:31,20.49,45.68
2026-03-11 07:19:31,21.27,45.15
2026-03-11 07:20:31,22.12,45.00
2026-03-11 07:21:32,22.66,45.12
2026-03-11 07:22:32,23.45,45.62
2026-03-11 07:23:31,24.33,46.85
2026-03-11 07:24:31,24.76,48.06
2026-03-11 07:25:32,24.93,48.93
2026-03-11 07:26:32,24.99,50.33
2026-03-11 07:27:31,24.70,52.18
2026-03-11 07:28:31,24.23,53.35
2026-03-11 07:29:32,23.83,53.97
2026-03-11 07:30:31,22.51,54.93
2026-03-11 07:31:31,21.96,55.00
2026-03-11 07:32:31,21.13,54.78
2026-03-11 07:33:32,20.36,54.19
2026-03-11 07:34:32,19.93,53.62
2026-03-11 07:35:31,19.16,51.60
2026-03-11 07:36:31,19.03,50.71
2026-03-11 07:37:32,19.03,49.30
2026-03-11 07:38:32,19.27,47.94
2026-03-11 07:39:31,19.92,46.39
2026-03-11 07:40:31,20.35,45.82
2026-03-11 07:41:32,21.12,45.22
2026-03-11 07:42:31,22.26,45.02
2026-03-11 07:43:31,23.08,45.34
2026-03-11 07:44:32,23.57,45.74
2026-03-11 07:45:32,24.22,46.64
2026-03-11 07:46:31,24.82,48.27
2026-03-11 07:47:31,24.99,49.65
2026-03-11 07:48:32,24.98,50.57
2026-03-11 07:49:32,24.77,51.93
2026-03-11 07:50:31,24.13,53.52
2026-03-11 07:51:31,23.46,54.37
2026-03-11 07:52:32,22.67,54.87
2026-03-11 07:53:32,22.12,55.00
2026-03-11 07:54:31,20.99,54.71
2026-03-11 07:55:31,20.24,54.05
2026-03-11 07:56:32,19.63,53.07
2026-03-11 07:57:32,19.34,52.30
2026-03-11 07:58:31,19.01,50.48
2026-03-11 07:59:31,19.05,49.07
2026-03-11 08:00:32,19.33,47.73
2026-03-11 08:01:32,19.62,46.96
2026-03-11 08:02:31,20.74,45.46
2026-03-11 08:03:31,21.26,45.16
2026-03-11 08:04:32,22.10,45.00
2026-03-11 08:05:32,22.93,45.25
2026-03-11 08:06:31,23.93,46.17
2026-03-11 08:07:31,24.32,46.82
2026-03-11 08:08:32,24.76,48.03
2026-03-11 08:09:32,24.98,49.39
2026-03-11 08:10:31,24.90,51.29
2026-03-11 08:11:31,24.71,52.15
2026-03-11 08:12:32,24.24,53.32
2026-03-11 08:13:32,23.59,54.24
2026-03-11 08:14:31,22.53,54.92
2026-03-11 08:15:31,21.68,54.97
2026-03-11 08:16:32,21.14,54.79
2026-03-11 08:17:32,20.38,54.20
2026-03-11 08:18:31,19.55,52.89
2026-03-11 08:19:31,19.16,51.63
2026-03-11 08:20:32,19.03,50.74
2026-03-11 08:21:32,19.03,49.33
2026-03-11 08:22:31,19.39,47.53
2026-03-11 08:23:31,19.91,46.41
2026-03-11 08:24:32,20.34,45.84
2026-03-11 08:25:32,21.10,45.23
2026-03-11 08:26:31,22.24,45.02
2026-03-11 08:27:31,23.06,45.33
2026-03-11 08:28:32,23.81,46.01
2026-03-11 08:29:31,24.57,47.42
2026-03-11 08:30:31,24.81,48.24
2026-03-11 08:31:32,24.99,49.62
2026-03-11 08:32:32,24.98,50.54
2026-03-11 08:33:31,24.65,52.36
2026-03-11 08:34:31,24.15,53.50
2026-03-11 08:35:32,23.47,54.35
2026-03-11 08:36:31,22.39,54.96
2026-03-11 08:37:31,21.84,54.99
2026-03-11 08:38:32,21.01,54.72
2026-03-11 08:39:31,20.02,53.76
2026-03-11 08:40:32,19.65,53.10
2026-03-11 08:41:31,19.12,51.41
2026-03-11 08:42:31,19.02,50.51
2026-03-11 08:43:32,19.05,49.10
2026-03-11 08:44:31,19.47,47.33
2026-03-11 08:45:32,19.80,46.60
2026-03-11 08:46:32,20.46,45.71
2026-03-11 08:47:31,21.53,45.06
2026-03-11 08:48:32,22.08,45.00
2026-03-11 08:49:31,23.19,45.41
2026-03-11 08:50:31,23.92,46.15
2026-03-11 08:51:32,24.30,46.80
2026-03-11 08:52:31,24.86,48.47
2026-03-11 08:53:32,24.98,49.36
2026-03-11 08:54:31,24.90,51.26
2026-03-11 08:55:31,24.58,52.56
2026-03-11 08:56:32,24.25,53.30
2026-03-11 08:57:31,23.35,54.47
2026-03-11 08:58:32,22.55,54.92
2026-03-11 08:59:31,21.40,54.90
2026-03-11 09:00:31,20.88,54.64
2026-03-11 09:01:32,20.15,53.93
2026-03-11 09:02:31,19.56,52.91
2026-03-11 09:03:32,19.17,51.66
2026-03-11 09:04:31,19.00,49.78
2026-03-11 09:05:32,19.08,48.87
2026-03-11 09:06:31,19.54,47.13
2026-03-11 09:07:32,19.90,46.43
2026-03-11 09:08:31,20.85,45.38
2026-03-11 09:09:32,21.37,45.11
2026-03-11 09:10:31,22.52,45.07
2026-03-11 09:11:32,23.05,45.31
2026-03-11 09:12:31,24.02,46.31
2026-03-11 09:13:31,24.39,46.98
2026-03-11 09:14:32,24.80,48.22
2026-03-11 09:15:31,25.00,50.09
2026-03-11 09:16:32,24.94,51.00
2026-03-11 09:17:31,24.50,52.76
2026-03-11 09:18:31,23.94,53.81
2026-03-11 09:19:31,23.22,54.57
2026-03-11 09:20:32,22.70,54.86
2026-03-11 09:21:31,21.56,54.95
2026-03-11 09:22:32,21.03,54.73
2026-03-11 09:23:31,20.04,53.78
2026-03-11 09:24:32,19.66,53.12
2026-03-11 09:25:31,19.13,51.44
2026-03-11 09:26:32,19.02,50.54
2026-03-11 09:27:31,19.11,48.64
2026-03-11 09:28:31,19.63,46.94
2026-03-11 09:29:32,20.00,46.27
2026-03-11 09:30:31,20.98,45.30
2026-03-11 09:31:32,21.51,45.07
2026-03-11 09:32:31,22.65,45.12
2026-03-11 09:33:32,23.18,45.40
2026-03-11 09:34:31,24.12,46.47
2026-03-11 09:35:32,24.47,47.17
2026-03-11 09:36:31,24.93,48.92
2026-03-11 09:37:32,25.00,49.83
2026-03-11 09:38:31,24.82,51.71
2026-03-11 09:39:32,24.59,52.53
2026-03-11 09:40:31,23.83,53.96
2026-03-11 09:41:32,23.37,54.45
2026-03-11 09:42:31,22.57,54.91
2026-03-11 09:43:31,21.42,54.91
2026-03-11 09:44:32,20.90,54.65
2026-03-11 09:45:31,19.93,53.62
2026-03-11 09:46:32,19.57,52.94
2026-03-11 09:47:31,19.09,51.21
2026-03-11 09:48:32,19.01,50.31
2026-03-11 09:49:31,19.15,48.42
2026-03-11 09:50:32,19.37,47.58
2026-03-11 09:51:31,20.11,46.12
2026-03-11 09:52:32,20.56,45.61
2026-03-11 09:53:31,21.65,45.03
2026-03-11 09:54:32,22.20,45.01
2026-03-11 09:55:31,23.31,45.50
2026-03-11 09:56:31,24.22,46.64
2026-03-11 09:57:32,24.55,47.37
2026-03-11 09:58:31,24.89,48.66
2026-03-11 09:59:32,25.00,50.06
2026-03-11 10:00:31,24.87,51.45
2026-03-11 10:01:32,24.66,52.30
2026-03-11 10:02:31,23.95,53.79
2026-03-11 10:03:31,22.96,54.74
2026-03-11 10:04:32,22.43,54.95
2026-03-11 10:05:31,21.29,54.86
2026-03-11 10:06:32,20.77,54.56
2026-03-11 10:07:31,20.05,53.80
2026-03-11 10:08:32,19.49,52.74
2026-03-11 10:09:31,19.13,51.47
2026-03-11 10:10:31,19.01,49.57
2026-03-11 10:11:32,19.11,48.67
2026-03-11 10:12:31,19.62,46.97
2026-03-11 10:13:31,20.22,45.98
2026-03-11 10:14:32,20.69,45.50
2026-03-11 10:15:31,21.79,45.01
2026-03-11 10:16:32,22.34,45.03
2026-03-11 10:17:31,23.43,45.60
2026-03-11 10:18:31,24.11,46.45
2026-03-11 10:19:32,24.46,47.15
2026-03-11 10:20:31,24.92,48.89
2026-03-11 10:21:32,25.00,49.79
2026-03-11 10:22:32,24.83,51.68
2026-03-11 10:23:31,24.43,52.93
2026-03-11 10:24:32,24.07,53.62
2026-03-11 10:25:31,23.11,54.64
2026-03-11 10:26:32,22.58,54.90
2026-03-11 10:27:32,21.44,54.91
2026-03-11 10:28:31,20.64,54.46
2026-03-11 10:29:32,19.95,53.65
2026-03-11 10:30:31,19.42,52.54
2026-03-11 10:31:31,19.03,50.75
2026-03-11 10:32:32,19.00,49.84
2026-03-11 10:33:31,19.15,48.45
2026-03-11 10:34:31,19.70,46.78
2026-03-11 10:35:32,20.09,46.14
2026-03-11 10:36:31,21.10,45.23
2026-03-11 10:37:32,21.63,45.04
2026-03-11 10:38:32,22.48,45.06
2026-03-11 10:39:31,23.55,45.72
2026-03-11 10:40:32,23.99,46.26
2026-03-11 10:41:31,24.69,47.78
2026-03-11 10:42:31,24.95,49.12
2026-03-11 10:43:32,25.00,50.03
2026-03-11 10:44:31,24.78,51.90
2026-03-11 10:45:32,24.52,52.71
2026-03-11 10:46:32,23.97,53.77
2026-03-11 10:47:31,22.98,54.73
2026-03-11 10:48:31,22.15,54.99
2026-03-11 10:49:32,21.60,54.96
2026-03-11 10:50:31,20.52,54.35
2026-03-11 10:51:31,19.65,53.11
2026-03-11 10:52:32,19.35,52.34
2026-03-11 10:53:31,19.06,51.01
2026-03-11 10:54:31,19.05,49.11
2026-03-11 10:55:32,19.19,48.23
2026-03-11 10:56:31,19.60,46.99
2026-03-11 10:57:32,19.97,46.31
2026-03-11 10:58:32,20.95,45.32
2026-03-11 10:59:31,21.77,45.01
2026-03-11 11:00:32,22.62,45.11
2026-03-11 11:01:31,23.41,45.59
2026-03-11 11:02:31,24.30,46.79
2026-03-11 11:03:32,24.61,47.54
2026-03-11 11:04:31,24.92,48.86
2026-03-11 11:05:31,24.97,50.76
2026-03-11 11:06:32,24.83,51.65
2026-03-11 11:07:31,24.26,53.29
2026-03-11 11:08:31,23.62,54.21
2026-03-11 11:09:32,23.13,54.63
2026-03-11 11:10:31,22.01,55.00
2026-03-11 11:11:31,21.17,54.80
2026-03-11 11:12:32,20.66,54.47
2026-03-11 11:13:31,19.75,53.31
2026-03-11 11:14:31,19.29,52.13
2026-03-11 11:15:32,19.10,51.27
2026-03-11 11:16:32,19.02,49.37
2026-03-11 11:17:31,19.25,48.01
2026-03-11 11:18:31,19.69,46.81
2026-03-11 11:19:32,20.08,46.16
2026-03-11 11:20:32,21.08,45.24
2026-03-11 11:21:31,21.91,45.00
2026-03-11 11:22:32,22.46,45.06
2026-03-11 11:23:32,23.54,45.71
2026-03-11 11:24:31,24.20,46.59
2026-03-11 11:25:31,24.68,47.75
2026-03-11 11:26:32,24.88,48.60
2026-03-11 11:27:32,24.99,50.50
2026-03-11 11:28:31,24.78,51.87
2026-03-11 11:29:31,24.16,53.47
2026-03-11 11:30:32,23.75,54.06
2026-03-11 11:31:31,23.00,54.72
2026-03-11 11:32:31,21.87,54.99
2026-03-11 11:33:32,21.32,54.87
2026-03-11 11:34:31,20.53,54.36
2026-03-11 11:35:31,19.66,53.13
2026-03-11 11:36:32,19.36,52.37
2026-03-11 11:37:32,19.07,51.04
2026-03-11 11:38:31,19.04,49.14
2026-03-11 11:39:31,19.31,47.80
2026-03-11 11:40:32,19.59,47.02
2026-03-11 11:41:31,20.44,45.73
2026-03-11 11:42:31,21.21,45.17
2026-03-11 11:43:32,21.75,45.02
2026-03-11 11:44:32,22.60,45.10
2026-03-11 11:45:31,23.66,45.83
2026-03-11 11:46:31,24.29,46.77
2026-03-11 11:47:32,24.60,47.52
2026-03-11 11:48:32,24.92,48.83
2026-03-11 11:49:31,24.97,50.73
2026-03-11 11:50:31,24.73,52.08
2026-03-11 11:51:32,24.45,52.88
2026-03-11 11:52:32,23.63,54.20
2026-03-11 11:53:31,22.86,54.79
2026-03-11 11:54:31,21.73,54.98
2026-03-11 11:55:32,21.19,54.81
2026-03-11 11:56:32,20.41,54.24
2026-03-11 11:57:31,19.76,53.33
2026-03-11 11:58:31,19.18,51.70
2026-03-11 11:59:32,19.04,50.81
2026-03-11 12:00:32,19.02,49.40
2026-03-11 12:01:31,19.24,48.04
2026-03-11 12:02:31,19.88,46.46
2026-03-11 12:03:32,20.30,45.88
2026-03-11 12:04:32,21.06,45.25
2026-03-11 12:05:32,21.90,45.00
2026-03-11 12:06:31,23.02,45.30
2026-03-11 12:07:31,23.77,45.96
2026-03-11 12:08:32,24.18,46.57
2026-03-11 12:09:32,24.67,47.72
2026-03-11 12:10:31,24.99,49.55
2026-03-11 12:11:31,24.94,50.96
2026-03-11 12:12:32,24.79,51.84
2026-03-11 12:13:32,24.37,53.06
2026-03-11 12:14:31,23.51,54.32
2026-03-11 12:15:31,22.73,54.85
2026-03-11 12:16:32,22.18,54.99
2026-03-11 12:17:32,21.05,54.74
2026-03-11 12:18:31,20.29,54.11
2026-03-11 12:19:31,19.50,52.75
2026-03-11 12:20:32,19.24,51.94
2026-03-11 12:21:31,19.02,50.58
2026-03-11 12:22:31,19.04,49.17
2026-03-11 12:23:32,19.30,47.83
2026-03-11 12:24:31,19.77,46.65
2026-03-11 12:25:31,20.68,45.51
2026-03-11 12:26:32,20.91,45.34
2026-03-11 12:27:32,22.04,45.00
2026-03-11 12:28:31,22.87,45.22
2026-03-11 12:29:31,23.88,46.11
2026-03-11 12:30:32,24.28,46.74
2026-03-11 12:31:31,24.73,47.93
2026-03-11 12:32:31,25.00,49.79
2026-03-11 12:33:32,24.97,50.70
2026-03-11 12:34:32,24.73,52.05
2026-03-11 12:35:31,24.28,53.25
2026-03-11 12:36:31,23.39,54.43
2026-03-11 12:37:32,22.88,54.78
2026-03-11 12:38:32,22.04,55.00
2026-03-11 12:39:31,20.92,54.66
2026-03-11 12:40:32,20.43,54.26
2026-03-11 12:41:32,19.78,53.36
2026-03-11 12:42:31,19.18,51.73
2026-03-11 12:43:31,19.01,50.35
2026-03-11 12:44:32,19.02,49.43
2026-03-11 12:45:31,19.36,47.62
2026-03-11 12:46:31,19.87,46.48
2026-03-11 12:47:32,20.29,45.89
2026-03-11 12:48:32,21.04,45.26
2026-03-11 12:49:31,22.18,45.01
2026-03-11 12:50:31,23.01,45.29
2026-03-11 12:51:32,23.50,45.67
2026-03-11 12:52:32,24.37,46.93
2026-03-11 12:53:31,24.79,48.15
2026-03-11 12:54:31,25.00,50.02
2026-03-11 12:55:32,24.95,50.93
2026-03-11 12:56:31,24.67,52.27
2026-03-11 12:57:31,23.97,53.77
2026-03-11 12:58:32,23.53,54.30
2026-03-11 12:59:32,22.74,54.84
2026-03-11 13:00:31,21.90,55.00
2026-03-11 13:01:31,20.79,54.57
2026-03-11 13:02:32,20.31,54.13
2026-03-11 13:03:32,19.68,53.18
2026-03-11 13:04:31,19.14,51.50
2026-03-11 13:05:31,19.00,50.11
2026-03-11 13:06:32,19.04,49.20
2026-03-11 13:07:31,19.43,47.41
2026-03-11 13:08:31,19.97,46.32
2026-03-11 13:09:32,20.40,45.77
2026-03-11 13:10:32,21.18,45.19
2026-03-11 13:11:31,22.32,45.03
2026-03-11 13:12:31,23.14,45.37
2026-03-11 13:13:32,23.62,45.80
2026-03-11 13:14:31,24.45,47.11
2026-03-11 13:15:31,24.84,48.37
2026-03-11 13:16:32,24.97,49.26
2026-03-11 13:17:32,24.92,51.16
2026-03-11 13:18:31,24.61,52.47
2026-03-11 13:19:31,23.86,53.92
2026-03-11 13:20:32,23.66,54.16
2026-03-11 13:21:31,22.61,54.90
2026-03-11 13:22:31,21.76,54.98
2026-03-11 13:23:32,21.22,54.83
2026-03-11 13:24:31,20.20,53.99
2026-03-11 13:25:31,19.60,52.99
2026-03-11 13:26:31,19.10,51.28
2026-03-11 13:27:32,19.01,50.38
2026-03-11 13:28:31,19.06,48.97
2026-03-11 13:29:31,19.51,47.22
2026-03-11 13:30:32,19.85,46.51
2026-03-11 13:31:31,20.53,45.65
2026-03-11 13:32:31,21.61,45.04
2026-03-11 13:33:32,22.16,45.01
2026-03-11 13:34:32,22.99,45.28
2026-03-11 13:35:31,23.98,46.24
2026-03-11 13:36:31,24.53,47.31
2026-03-11 13:37:32,24.78,48.12
2026-03-11 13:38:32,24.98,49.49
2026-03-11 13:39:31,24.88,51.39
2026-03-11 13:40:31,24.54,52.67
2026-03-11 13:41:32,24.20,53.40
2026-03-11 13:42:32,23.28,54.52
2026-03-11 13:43:31,22.47,54.94
2026-03-11 13:44:31,21.62,54.96
2026-03-11 13:45:32,21.09,54.76
2026-03-11 13:46:31,20.08,53.85
2026-03-11 13:47:31,19.52,52.80
2026-03-11 13:48:32,19.25,52.00
2026-03-11 13:49:32,19.00,50.14
2026-03-11 13:50:31,19.10,48.74
2026-03-11 13:51:31,19.42,47.44
2026-03-11 13:52:32,19.75,46.70
2026-03-11 13:53:32,20.65,45.53
2026-03-11 13:54:32,21.45,45.08
2026-03-11 13:55:31,22.30,45.02
2026-03-11 13:56:31,23.39,45.57
2026-03-11 13:57:32,23.85,46.07
2026-03-11 13:58:32,24.44,47.09
2026-03-11 13:59:31,24.83,48.34
2026-03-11 14:00:31,25.00,50.22
2026-03-11 14:01:32,24.92,51.13
2026-03-11 14:02:32,24.62,52.45
2026-03-11 14:03:31,23.88,53.90
2026-03-11 14:04:31,23.15,54.62
2026-03-11 14:05:32,22.63,54.89
2026-03-11 14:06:32,21.78,54.99
2026-03-11 14:07:31,20.68,54.49
2026-03-11 14:08:31,19.98,53.69
2026-03-11 14:09:32,19.61,53.02
2026-03-11 14:10:31,19.10,51.31
2026-03-11 14:11:31,19.00,49.91
2026-03-11 14:12:32,19.06,49.00
2026-03-11 14:13:32,19.50,47.24
2026-03-11 14:14:31,20.06,46.19
2026-03-11 14:15:31,20.78,45.43
2026-03-11 14:16:32,21.30,45.14
2026-03-11 14:17:32,22.44,45.05
2026-03-11 14:18:31,23.25,45.45
2026-03-11 14:19:31,23.96,46.22
2026-03-11 14:20:32,24.34,46.88
2026-03-11 14:21:32,24.87,48.56
2026-03-11 14:22:31,25.00,49.96
2026-03-11 14:23:31,24.79,51.83
2026-03-11 14:24:32,24.55,52.65
2026-03-11 14:25:32,24.00,53.73
2026-03-11 14:26:31,23.30,54.51
2026-03-11 14:27:31,22.19,54.99
2026-03-11 14:28:32,21.64,54.96
2026-03-11 14:29:32,20.82,54.60
2026-03-11 14:30:31,20.10,53.87
2026-03-11 14:31:31,19.37,52.40
2026-03-11 14:32:31,19.07,51.08
2026-03-11 14:33:32,19.00,50.17
2026-03-11 14:34:31,19.18,48.29
2026-03-11 14:35:31,19.58,47.05
2026-03-11 14:36:31,20.17,46.04
2026-03-11 14:37:32,20.63,45.55
2026-03-11 14:38:32,21.43,45.09
2026-03-11 14:39:31,22.58,45.09
2026-03-11 14:40:31,23.38,45.56
2026-03-11 14:41:32,23.84,46.05
2026-03-11 14:42:32,24.59,47.48
2026-03-11 14:43:31,24.91,48.79
2026-03-11 14:44:31,25.00,50.19
2026-03-11 14:45:32,24.93,51.10
2026-03-11 14:46:32,24.47,52.84
2026-03-11 14:47:31,23.89,53.88
2026-03-11 14:48:31,23.17,54.61
2026-03-11 14:49:32,22.64,54.88
2026-03-11 14:50:32,21.50,54.93
2026-03-11 14:51:31,20.70,54.50
2026-03-11 14:52:31,19.78,53.36
2026-03-11 14:53:32,19.62,53.04
2026-03-11 14:54:32,19.11,51.34
2026-03-11 14:55:31,19.00,49.94
2026-03-11 14:56:31,19.23,48.08
2026-03-11 14:57:32,19.49,47.27
2026-03-11 14:58:32,20.05,46.21
2026-03-11 14:59:32,20.76,45.45
2026-03-11 15:00:31,21.87,45.00
2026-03-11 15:01:31,22.71,45.14
2026-03-11 15:02:32,23.23,45.44
2026-03-11 15:03:32,23.95,46.20
2026-03-11 15:04:31,24.51,47.26
2026-03-11 15:05:31,24.94,49.02
2026-03-11 15:06:31,24.99,50.43
2026-03-11 15:07:32,24.89,51.33
2026-03-11 15:08:32,24.55,52.62
2026-03-11 15:09:32,23.78,54.02
2026-03-11 15:10:31,23.04,54.69
2026-03-11 15:11:31,22.21,54.99
2026-03-11 15:12:31,21.36,54.89
2026-03-11 15:13:32,20.84,54.61
2026-03-11 15:14:32,19.89,53.55
2026-03-11 15:15:31,19.38,52.43
2026-03-11 15:16:31,19.08,51.11
2026-03-11 15:17:31,19.01,49.71
2026-03-11 15:18:31,19.17,48.32
2026-03-11 15:19:31,19.75,46.68
2026-03-11 15:20:32,19.93,46.38
2026-03-11 15:21:32,20.62,45.56
2026-03-11 15:22:32,21.71,45.02
2026-03-11 15:23:32,22.56,45.09
2026-03-11 15:24:31,23.36,45.54
2026-03-11 15:25:31,24.26,46.71
2026-03-11 15:26:31,24.72,47.90
2026-03-11 15:27:31,24.97,49.25
2026-03-11 15:28:32,25.00,50.16
2026-03-11 15:29:32,24.85,51.55
2026-03-11 15:30:32,24.48,52.82
2026-03-11 15:31:31,23.67,54.16
2026-03-11 15:32:31,22.90,54.77
2026-03-11 15:33:31,22.07,55.00
2026-03-11 15:34:31,21.23,54.83
2026-03-11 15:35:32,20.71,54.52
2026-03-11 15:36:32,20.01,53.74
2026-03-11 15:37:32,19.46,52.66
2026-03-11 15:38:32,19.11,51.37
2026-03-11 15:39:31,19.02,49.47
2026-03-11 15:40:31,19.22,48.10
2026-03-11 15:41:31,19.65,46.89
2026-03-11 15:42:31,20.27,45.92
2026-03-11 15:43:31,21.02,45.27
2026-03-11 15:44:31,21.85,45.01
2026-03-11 15:45:31,22.98,45.28
2026-03-11 15:46:31,23.74,45.92
2026-03-11 15:47:32,23.93,46.18
2026-03-11 15:48:32,24.50,47.23
2026-03-11 15:49:32,24.94,48.99
2026-03-11 15:50:32,24.99,50.40
2026-03-11 15:51:32,24.81,51.77
2026-03-11 15:52:32,24.40,53.01
2026-03-11 15:53:32,23.80,54.00
2026-03-11 15:54:32,23.05,54.68
2026-03-11 15:55:32,22.23,54.99
2026-03-11 15:56:32,21.38,54.89
2026-03-11 15:57:32,20.59,54.41
2026-03-11 15:58:32,19.90,53.58
2026-03-11 15:59:32,19.39,52.46
2026-03-11 16:00:32,19.08,51.14
2026-03-11 16:01:31,19.00,49.74
2026-03-11 16:02:31,19.28,47.89
2026-03-11 16:03:31,19.74,46.71
2026-03-11 16:04:31,20.38,45.79
2026-03-11 16:05:31,21.16,45.20
2026-03-11 16:06:31,21.99,45.00
2026-03-11 16:07:31,22.83,45.20
2026-03-11 16:08:31,23.60,45.77
2026-03-11 16:09:31,24.25,46.69
2026-03-11 16:10:31,24.71,47.87
2026-03-11 16:11:31,25.00,49.71
2026-03-11 16:12:31,24.92,51.12
2026-03-11 16:13:32,24.86,51.52
2026-03-11 16:14:32,24.49,52.79
2026-03-11 16:15:32,23.68,54.14
2026-03-11 16:16:32,22.92,54.76
2026-03-11 16:17:32,22.09,55.00
2026-03-11 16:18:32,21.25,54.84
2026-03-11 16:19:32,20.46,54.29
2026-03-11 16:20:32,19.81,53.41
2026-03-11 16:21:32,19.32,52.25
2026-03-11 16:22:32,19.05,50.91
2026-03-11 16:23:32,19.01,49.50
2026-03-11 16:24:32,19.22,48.13
2026-03-11 16:25:32,19.64,46.91
2026-03-11 16:26:32,20.25,45.94
2026-03-11 16:27:32,21.00,45.28
2026-03-11 16:28:32,21.83,45.01
2026-03-11 16:29:32,22.68,45.13
2026-03-11 16:30:32,23.47,45.64
2026-03-11 16:31:32,24.14,46.50
2026-03-11 16:32:32,24.64,47.63
2026-03-11 16:33:32,24.93,48.96
2026-03-11 16:34:32,24.99,50.36
2026-03-11 16:35:32,24.81,51.74
2026-03-11 16:36:32,24.22,53.37
2026-03-11 16:37:32,23.56,54.27
2026-03-11 16:38:32,22.79,54.83
2026-03-11 16:39:32,21.95,55.00
2026-03-11 16:40:32,21.11,54.77
2026-03-11 16:41:32,20.34,54.17
2026-03-11 16:42:32,19.71,53.23
2026-03-11 16:43:31,19.26,52.04
2026-03-11 16:44:31,19.03,50.68
2026-03-11 16:45:31,19.03,49.27
2026-03-11 16:46:31,19.27,47.92
2026-03-11 16:47:31,19.73,46.73
2026-03-11 16:48:31,20.37,45.80
2026-03-11 16:49:31,21.14,45.21
2026-03-11 16:50:32,21.97,45.00
2026-03-11 16:51:32,22.81,45.19
2026-03-11 16:52:32,23.59,45.76
2026-03-11 16:53:32,24.24,46.67
2026-03-11 16:54:32,24.71,47.84
2026-03-11 16:55:31,24.96,49.19
2026-03-11 16:56:31,24.98,50.60
2026-03-11 16:57:31,24.76,51.96
2026-03-11 16:58:31,24.32,53.17
2026-03-11 16:59:31,23.70,54.12
2026-03-11 17:00:32,22.94,54.75
2026-03-11 17:01:32,22.11,55.00
2026-03-11 17:02:32,21.26,54.85
2026-03-11 17:03:32,20.48,54.31
2026-03-11 17:04:32,19.82,53.43
2026-03-11 17:05:32,19.33,52.28
2026-03-11 17:06:32,19.05,50.94
2026-03-11 17:07:32,19.01,49.53
2026-03-11 17:08:32,19.21,48.16
2026-03-11 17:09:32,19.63,46.94
2026-03-11 17:10:32,20.24,45.95
2026-03-11 17:11:32,20.99,45.29
2026-03-11 17:12:32,21.82,45.01
2026-03-11 17:13:32,22.66,45.12
2026-03-11 17:14:32,23.45,45.62
2026-03-11 17:15:32,24.13,46.47
2026-03-11 17:16:32,24.63,47.60
2026-03-11 17:17:31,25.00,49.92
2026-03-11 17:18:31,24.89,51.32
2026-03-11 17:19:31,24.56,52.61
2026-03-11 17:20:31,24.02,53.70
2026-03-11 17:21:31,23.32,54.49
2026-03-11 17:22:31,22.51,54.93
2026-03-11 17:23:31,21.67,54.97
2026-03-11 17:24:31,20.85,54.61
2026-03-11 17:25:31,20.12,53.89
2026-03-11 17:26:31,19.72,53.26
2026-03-11 17:27:31,19.16,51.60
2026-03-11 17:28:31,19.03,50.71
2026-03-11 17:29:32,19.03,49.30
2026-03-11 17:30:32,19.26,47.95
2026-03-11 17:31:32,19.72,46.75
2026-03-11 17:32:32,20.35,45.82
2026-03-11 17:33:32,21.12,45.22
2026-03-11 17:34:32,21.96,45.00
2026-03-11 17:35:32,22.80,45.18
2026-03-11 17:36:32,23.57,45.74
2026-03-11 17:37:31,24.41,47.03
2026-03-11 17:38:31,24.82,48.27
2026-03-11 17:39:31,24.99,49.65
2026-03-11 17:40:31,24.93,51.06
2026-03-11 17:41:31,24.64,52.38
2026-03-11 17:42:31,24.13,53.52
2026-03-11 17:43:31,23.46,54.37
2026-03-11 17:44:31,22.67,54.87
2026-03-11 17:45:31,21.82,54.99
2026-03-11 17:46:32,20.99,54.71
2026-03-11 17:47:32,20.24,54.05
2026-03-11 17:48:32,19.63,53.08
2026-03-11 17:49:32,19.21,51.85
2026-03-11 17:50:32,19.01,50.48
2026-03-11 17:51:31,19.12,48.58
2026-03-11 17:52:31,19.47,47.30
2026-03-11 17:53:31,20.03,46.23
2026-03-11 17:54:31,20.74,45.46
2026-03-11 17:55:31,21.55,45.06
2026-03-11 17:56:31,22.40,45.04
2026-03-11 17:57:31,22.93,45.25
2026-03-11 17:58:32,23.69,45.87
2026-03-11 17:59:32,24.32,46.82
2026-03-11 18:00:32,24.76,48.03
2026-03-11 18:01:32,24.98,49.39
2026-03-11 18:02:32,24.96,50.80
2026-03-11 18:03:31,24.57,52.59
2026-03-11 18:04:31,24.03,53.68
2026-03-11 18:05:31,23.33,54.48
2026-03-11 18:06:31,22.53,54.92
2026-03-11 18:07:31,21.68,54.97
2026-03-11 18:08:31,20.86,54.63
2026-03-11 18:09:31,20.13,53.91
2026-03-11 18:10:31,19.55,52.89
2026-03-11 18:11:31,19.16,51.63
2026-03-11 18:12:31,19.00,50.25
2026-03-11 18:13:31,19.08,48.84
2026-03-11 18:14:31,19.39,47.53
2026-03-11 18:15:31,19.91,46.41
2026-03-11 18:16:32,20.60,45.58
2026-03-11 18:17:32,21.39,45.10
2026-03-11 18:18:32,22.24,45.02
2026-03-11 18:19:32,22.78,45.17
2026-03-11 18:20:31,24.03,46.33
2026-03-11 18:21:31,24.57,47.42
2026-03-11 18:22:31,24.90,48.72
2026-03-11 18:23:31,24.99,49.62
2026-03-11 18:24:32,24.94,51.03
2026-03-11 18:25:32,24.65,52.36
2026-03-11 18:26:32,24.15,53.49
2026-03-11 18:27:32,23.47,54.35
2026-03-11 18:28:32,22.69,54.87
2026-03-11 18:29:32,21.84,54.99
2026-03-11 18:30:31,20.73,54.53
2026-03-11 18:31:31,20.02,53.76
2026-03-11 18:32:31,19.47,52.69
2026-03-11 18:33:31,19.12,51.41
2026-03-11 18:34:31,19.00,50.01
2026-03-11 18:35:32,19.12,48.61
2026-03-11 18:36:32,19.32,47.76
2026-03-11 18:37:32,19.80,46.60
2026-03-11 18:38:32,20.46,45.71
2026-03-11 18:39:31,21.53,45.06
2026-03-11 18:40:31,22.38,45.04
2026-03-11 18:41:31,23.19,45.41
2026-03-11 18:42:32,23.91,46.15
2026-03-11 18:43:32,24.48,47.20
2026-03-11 18:44:32,24.86,48.46
2026-03-11 18:45:32,24.98,49.36
2026-03-11 18:46:32,24.96,50.77
2026-03-11 18:47:31,24.41,52.98
2026-03-11 18:48:31,23.82,53.98
2026-03-11 18:49:31,23.35,54.46
2026-03-11 18:50:31,22.55,54.92
2026-03-11 18:51:32,21.70,54.98
2026-03-11 18:52:32,20.88,54.64
2026-03-11 18:53:32,20.15,53.93
2026-03-11 18:54:32,19.56,52.91
2026-03-11 18:55:31,19.09,51.18
2026-03-11 18:56:31,19.00,49.78
2026-03-11 18:57:31,19.16,48.39
2026-03-11 18:58:32,19.38,47.56
2026-03-11 18:59:32,19.90,46.43
2026-03-11 19:00:32,20.58,45.60
2026-03-11 19:01:31,21.67,45.03
2026-03-11 19:02:31,22.52,45.07
2026-03-11 19:03:31,23.32,45.51
2026-03-11 19:04:31,24.02,46.31
2026-03-11 19:05:32,24.56,47.39
2026-03-11 19:06:32,24.80,48.21
2026-03-11 19:07:32,24.99,49.59
2026-03-11 19:08:32,24.94,51.00
2026-03-11 19:09:31,24.32,53.16
2026-03-11 19:10:31,23.94,53.81
2026-03-11 19:11:31,23.22,54.57
2026-03-11 19:12:31,22.41,54.95
2026-03-11 19:13:31,21.56,54.95
2026-03-11 19:14:31,20.75,54.55
2026-03-11 19:15:32,20.04,53.78
2026-03-11 19:16:32,19.48,52.72
2026-03-11 19:17:32,19.13,51.44
2026-03-11 19:18:31,19.01,49.54
2026-03-11 19:19:31,19.21,48.17
2026-03-11 19:20:31,19.63,46.94
2026-03-11 19:21:31,20.23,45.96
2026-03-11 19:22:31,20.98,45.30
2026-03-11 19:23:31,21.51,45.07
2026-03-11 19:24:32,22.36,45.04
2026-03-11 19:25:32,23.18,45.40
2026-03-11 19:26:32,23.90,46.13
2026-03-11 19:27:32,24.47,47.17
2026-03-11 19:28:31,24.93,48.92
2026-03-11 19:29:31,24.99,50.32
2026-03-11 19:30:31,24.82,51.71
2026-03-11 19:31:31,24.42,52.95
2026-03-11 19:32:32,23.83,53.96
2026-03-11 19:33:32,23.37,54.45
2026-03-11 19:34:32,22.57,54.91
2026-03-11 19:35:32,21.72,54.98
2026-03-11 19:36:31,20.37,54.19
2026-03-11 19:37:31,19.93,53.63
2026-03-11 19:38:31,19.41,52.52
2026-03-11 19:39:31,19.09,51.21
2026-03-11 19:40:31,19.00,49.81
2026-03-11 19:41:31,19.15,48.42
2026-03-11 19:42:32,19.53,47.16
2026-03-11 19:43:32,20.11,46.12
2026-03-11 19:44:32,20.83,45.39
2026-03-11 19:45:32,21.65,45.03
2026-03-11 19:46:32,22.50,45.07
2026-03-11 19:47:32,23.03,45.30
2026-03-11 19:48:31,24.22,46.64
2026-03-11 19:49:31,24.70,47.80
2026-03-11 19:50:31,24.96,49.15
2026-03-11 19:51:31,24.98,50.56
2026-03-11 19:52:31,24.87,51.45
2026-03-11 19:53:32,24.51,52.73
2026-03-11 19:54:32,23.95,53.79
2026-03-11 19:55:32,23.24,54.55
2026-03-11 19:56:31,22.13,55.00
2026-03-11 19:57:31,21.29,54.86
2026-03-11 19:58:31,20.50,54.33
2026-03-11 19:59:31,19.83,53.46
2026-03-11 20:00:31,19.34,52.31
2026-03-11 20:01:32,19.13,51.47
2026-03-11 20:02:32,19.00,50.07
2026-03-11 20:03:32,19.11,48.67
2026-03-11 20:04:31,19.61,46.97
2026-03-11 20:05:31,20.22,45.98
2026-03-11 20:06:31,20.96,45.31
2026-03-11 20:07:31,21.79,45.01
2026-03-11 20:08:32,22.64,45.11
2026-03-11 20:09:32,23.43,45.60
2026-03-11 20:10:31,24.31,46.81
2026-03-11 20:11:31,24.62,47.57
2026-03-11 20:12:31,24.92,48.89
2026-03-11 20:13:32,24.99,50.29
2026-03-11 20:14:32,24.83,51.68
2026-03-11 20:15:32,24.60,52.51
2026-03-11 20:16:31,23.60,54.23
2026-03-11 20:17:32,23.11,54.64
2026-03-11 20:18:32,22.29,54.98
2026-03-11 20:19:32,21.44,54.91
2026-03-11 20:20:31,20.38,54.21
2026-03-11 20:21:31,19.74,53.29
2026-03-11 20:22:32,19.42,52.55
2026-03-11 20:23:32,19.09,51.24
2026-03-11 20:24:32,19.00,49.84
2026-03-11 20:25:31,19.25,47.98
2026-03-11 20:26:31,19.70,46.78
2026-03-11 20:27:32,20.09,46.14
2026-03-11 20:28:32,20.82,45.41
2026-03-11 20:29:31,21.93,45.00
2026-03-11 20:30:32,22.48,45.06
2026-03-11 20:31:32,23.29,45.48
2026-03-11 20:32:31,24.21,46.61
2026-03-11 20:33:31,24.69,47.78
2026-03-11 20:34:32,24.95,49.12
2026-03-11 20:35:32,25.00,50.03
2026-03-11 20:36:31,24.78,51.90
2026-03-11 20:37:31,24.35,53.11
2026-03-11 22:10:06,20.50,52.50
2026-03-11 22:11:06,20.60,52.50
2026-03-11 22:12:06,20.60,52.10
2026-03-11 22:13:06,20.50,52.20
2026-03-11 22:14:06,20.30,52.30
2026-03-11 22:15:06,20.30,52.40
2026-03-11 22:16:06,20.30,52.60
2026-03-11 22:17:06,20.20,52.80
2026-03-11 22:18:06,20.20,52.90
2026-03-11 22:19:06,20.30,52.80
2026-03-11 22:20:06,20.40,52.80
2026-03-11 22:21:06,20.40,52.80
2026-03-11 22:22:06,20.40,52.80
2026-03-11 22:23:06,20.40,52.80
2026-03-11 22:24:06,20.40,52.80
2026-03-11 22:25:06,20.40,52.80
2026-03-11 22:26:06,20.40,52.80
2026-03-11 22:27:06,20.40,52.80
2026-03-11 22:28:06,20.40,52.80
2026-03-11 22:29:06,20.40,52.80
2026-03-11 22:30:06,20.40,52.80
2026-03-11 22:31:06,20.40,52.70
2026-03-11 22:32:06,20.40,52.70
2026-03-11 22:33:06,20.40,52.70
2026-03-11 22:34:06,20.40,52.70
2026-03-11 22:35:06,20.50,52.70
2026-03-11 22:36:06,20.40,52.70
2026-03-11 22:37:06,20.40,52.70
2026-03-11 22:38:06,20.40,52.70
2026-03-11 22:39:06,20.40,52.70
2026-03-11 22:40:06,20.50,52.70
2026-03-11 22:41:06,20.40,52.70
2026-03-11 22:42:06,20.40,52.70
2026-03-11 22:43:06,20.40,52.80
2026-03-11 22:44:06,20.40,52.40
2026-03-11 22:45:06,20.30,52.50
2026-03-11 22:46:06,20.30,52.60
2026-03-11 22:47:06,20.30,52.30
2026-03-11 22:48:06,20.30,52.50
2026-03-11 22:49:06,20.40,52.50
2026-03-11 22:50:06,20.40,52.50
2026-03-11 22:51:06,20.40,52.50
2026-03-11 22:52:06,20.40,52.50
2026-03-11 22:53:06,20.40,52.60
2026-03-11 22:54:06,20.40,52.60
2026-03-11 22:55:06,20.40,52.50
2026-03-11 22:56:06,20.40,52.60
2026-03-11 22:57:06,20.40,52.60
2026-03-11 22:58:06,20.40,52.70
2026-03-11 22:59:06,20.40,52.60
2026-03-11 23:00:06,20.30,52.00
2026-03-11 23:01:06,20.20,52.10
2026-03-11 23:02:06,20.10,52.20
2026-03-11 23:03:06,20.10,52.30
2026-03-11 23:04:06,20.00,52.40
2026-03-11 23:05:06,20.00,52.50
2026-03-11 23:06:06,20.00,52.50
2026-03-11 23:07:06,19.90,52.50
2026-03-11 23:08:06,20.00,52.50
2026-03-11 23:09:06,19.90,52.20
2026-03-11 23:10:06,19.90,52.40
2026-03-11 23:11:06,19.90,52.40
2026-03-11 23:12:06,19.90,52.50
2026-03-11 23:13:06,19.90,52.40
2026-03-11 23:14:06,19.90,52.50
2026-03-11 23:15:06,20.00,53.10
2026-03-11 23:16:06,20.30,53.40
2026-03-11 23:17:06,20.30,53.40
2026-03-11 23:18:06,20.50,53.80
2026-03-11 23:19:06,20.60,54.20
2026-03-11 23:20:06,20.70,54.10
2026-03-11 23:21:06,20.60,53.60
2026-03-11 23:22:06,20.70,53.60
2026-03-11 23:23:06,20.70,53.60
2026-03-11 23:24:06,20.70,53.80
2026-03-11 23:25:06,20.80,53.70
2026-03-11 23:26:06,20.70,53.60
2026-03-11 23:27:06,20.70,53.70
2026-03-11 23:28:06,20.80,53.60
2026-03-11 23:29:06,20.70,53.60
2026-03-11 23:30:06,20.70,53.60
2026-03-11 23:31:06,20.70,53.80
2026-03-11 23:32:06,20.70,53.50
2026-03-11 23:33:06,20.70,53.50
2026-03-11 23:34:06,20.70,53.40
2026-03-11 23:35:06,20.70,53.50
2026-03-11 23:36:06,20.80,53.30
2026-03-11 23:37:06,20.70,53.50
2026-03-11 23:38:06,20.70,53.40
2026-03-11 23:39:06,20.80,53.20
2026-03-11 23:40:06,20.70,53.40
2026-03-11 23:41:06,20.70,53.30
2026-03-11 23:42:06,20.70,53.10
2026-03-11 23:43:06,20.80,53.10
2026-03-11 23:44:06,20.80,52.90
2026-03-11 23:45:06,20.80,53.00
2026-03-11 23:46:06,20.80,53.00
2026-03-11 23:47:06,20.80,53.00
2026-03-11 23:48:06,20.80,52.80
2026-03-11 23:49:06,20.80,52.90
2026-03-11 23:50:06,20.70,51.90
2026-03-11 23:51:06,20.70,52.20
2026-03-11 23:52:06,20.70,52.50
2026-03-11 23:53:06,20.70,52.30
2026-03-11 23:54:06,20.70,52.20
2026-03-11 23:55:06,20.70,51.90
2026-03-11 23:56:06,20.70,51.80
2026-03-11 23:57:06,20.60,51.90
2026-03-11 23:58:06,20.60,52.40
2026-03-11 23:59:06,20.60,51.80
2026-03-12 00:00:06,20.70,52.50
2026-03-12 00:01:06,20.70,52.00
2026-03-12 00:02:06,20.60,51.90
2026-03-12 00:03:06,20.50,51.90
2026-03-12 00:04:06,20.60,52.40
2026-03-12 00:05:06,20.70,52.40
2026-03-12 00:06:06,20.60,52.20
2026-03-12 00:07:06,20.60,52.00
2026-03-12 00:08:06,20.60,51.40
2026-03-12 00:09:06,20.60,51.50
2026-03-12 00:10:06,20.70,51.60
2026-03-12 00:11:06,20.60,51.50
2026-03-12 00:12:06,20.60,51.50
2026-03-12 00:13:06,20.60,51.70
2026-03-12 00:14:06,20.60,51.30
2026-03-12 00:15:06,20.50,51.40
2026-03-12 00:16:06,20.60,51.90
2026-03-12 00:17:06,20.50,51.50
2026-03-12 00:18:06,20.50,51.30
2026-03-12 00:19:06,20.60,51.00
2026-03-12 00:20:06,20.50,51.60
2026-03-12 00:21:06,20.60,51.50
2026-03-12 00:22:06,20.60,51.50
2026-03-12 00:23:06,20.70,51.80
2026-03-12 00:24:06,20.70,51.80
2026-03-12 00:25:06,20.60,51.60
2026-03-12 00:26:06,20.60,51.20
2026-03-12 00:27:06,20.60,51.10
2026-03-12 00:28:06,20.60,51.10
2026-03-12 00:29:06,20.60,51.60
2026-03-12 00:30:06,20.60,51.00
2026-03-12 00:31:06,20.50,51.10
2026-03-12 00:32:06,20.50,51.80
2026-03-12 00:33:06,20.60,51.50
2026-03-12 00:34:06,20.60,51.00
2026-03-12 00:35:06,20.70,51.00
2026-03-12 00:36:06,20.60,50.90
2026-03-12 00:37:06,20.60,51.20
2026-03-12 00:38:06,20.50,51.20
2026-03-12 00:39:06,20.60,51.70
2026-03-12 00:40:06,20.60,51.60
2026-03-12 00:41:06,20.60,51.70
2026-03-12 00:42:06,20.60,51.50
2026-03-12 00:43:06,20.60,51.50
2026-03-12 00:44:06,20.60,51.70
2026-03-12 00:45:06,20.60,51.80
2026-03-12 00:46:06,20.60,51.60
2026-03-12 00:47:06,20.50,52.00
2026-03-12 00:48:06,20.50,52.00
2026-03-12 00:49:06,20.60,51.80
2026-03-12 00:50:06,20.50,51.80
2026-03-12 00:51:06,20.60,51.80
2026-03-12 00:52:06,20.50,52.00
2026-03-12 00:53:06,20.60,52.00
2026-03-12 00:54:06,20.50,51.50
2026-03-12 00:55:06,20.50,51.50
2026-03-12 00:56:06,20.50,51.60
2026-03-12 00:57:06,20.50,51.70
2026-03-12 00:58:06,20.50,51.30
2026-03-12 00:59:06,20.50,50.90
2026-03-12 01:00:06,20.50,51.10
2026-03-12 01:01:06,20.50,50.90
2026-03-12 01:02:06,20.50,51.00
2026-03-12 01:03:06,20.50,50.80
2026-03-12 01:04:06,20.50,51.30
2026-03-12 01:05:06,20.50,50.80
2026-03-12 01:06:06,20.50,50.60
2026-03-12 01:07:06,20.50,50.70
2026-03-12 01:08:06,20.50,51.00
2026-03-12 01:09:06,20.50,50.90
2026-03-12 01:10:06,20.50,50.80
2026-03-12 01:11:06,20.50,50.60
2026-03-12 01:12:06,20.50,50.70
2026-03-12 01:13:06,20.50,50.60
2026-03-12 01:14:06,20.50,51.10
2026-03-12 01:15:06,20.50,51.10
2026-03-12 01:16:06,20.50,50.80
2026-03-12 01:17:06,20.50,51.00
2026-03-12 01:18:06,20.50,51.10
2026-03-12 01:19:06,20.40,51.40
2026-03-12 01:20:06,20.50,51.10
2026-03-12 01:21:06,20.50,51.20
2026-03-12 01:22:06,20.50,51.00
2026-03-12 01:23:06,20.40,51.10
2026-03-12 01:24:06,20.50,50.80
2026-03-12 01:25:06,20.40,50.90
2026-03-12 01:26:06,20.50,50.90
2026-03-12 01:27:06,20.50,51.10
2026-03-12 01:28:06,20.50,51.00
2026-03-12 01:29:06,20.50,51.00
2026-03-12 01:30:06,20.50,51.20
2026-03-12 01:31:06,20.50,51.10
2026-03-12 01:32:06,20.50,50.90
2026-03-12 01:33:06,20.50,50.50
2026-03-12 01:34:06,20.50,50.40
2026-03-12 01:35:06,20.50,50.50
2026-03-12 01:36:06,20.40,50.30
2026-03-12 01:37:06,20.40,50.30
2026-03-12 01:38:06,20.40,50.30
2026-03-12 01:39:06,20.40,50.40
2026-03-12 01:40:06,20.40,50.30
2026-03-12 01:41:06,20.30,50.30
2026-03-12 01:42:06,20.30,50.30
2026-03-12 01:43:06,20.40,50.30
2026-03-12 01:44:06,20.30,50.30
2026-03-12 01:45:06,20.30,50.40
2026-03-12 01:46:06,20.30,50.30
2026-03-12 01:47:06,20.20,50.40
2026-03-12 01:48:06,20.20,50.40
2026-03-12 01:49:06,20.10,50.40
2026-03-12 01:50:06,20.10,50.40
2026-03-12 01:51:06,20.20,50.40
2026-03-12 01:52:06,20.10,50.60
2026-03-12 01:53:06,20.10,50.60
2026-03-12 01:54:06,20.20,50.40
2026-03-12 01:55:06,20.20,50.40
2026-03-12 01:56:06,20.20,50.40
2026-03-12 01:57:06,20.20,50.60
2026-03-12 01:58:06,20.10,50.60
2026-03-12 01:59:06,20.00,50.60
2026-03-12 02:00:06,20.00,50.60
2026-03-12 02:01:06,20.10,50.50
2026-03-12 02:02:06,20.10,50.60
2026-03-12 02:03:06,20.00,50.70
2026-03-12 02:04:06,20.00,50.90
2026-03-12 02:05:06,20.00,50.70
2026-03-12 02:06:06,20.00,50.60
2026-03-12 02:07:06,20.00,50.70
2026-03-12 02:08:06,20.00,50.70
2026-03-12 02:09:06,19.90,50.80
2026-03-12 02:10:06,20.00,50.80
2026-03-12 02:11:06,20.00,50.90
2026-03-12 02:12:06,19.90,50.80
2026-03-12 02:13:06,19.90,50.80
2026-03-12 02:14:06,19.80,50.90
2026-03-12 02:15:06,19.80,51.00
2026-03-12 02:16:06,19.90,51.00
2026-03-12 02:17:06,19.90,50.90
2026-03-12 02:18:06,19.80,50.90
2026-03-12 02:19:06,19.80,50.90
2026-03-12 02:20:06,19.80,51.00
2026-03-12 02:21:06,19.80,50.90
2026-03-12 02:22:06,19.80,50.90
2026-03-12 02:23:06,19.80,51.00
2026-03-12 02:24:06,19.80,50.90
2026-03-12 02:25:06,19.80,51.00
2026-03-12 02:26:06,19.80,51.00
2026-03-12 02:27:06,19.80,51.00
2026-03-12 02:28:06,19.80,50.90
2026-03-12 02:29:06,19.80,51.00
2026-03-12 02:30:06,19.80,51.10
2026-03-12 02:31:06,19.80,51.10
2026-03-12 02:32:06,19.80,51.00
2026-03-12 02:33:06,19.80,51.00
2026-03-12 02:34:06,19.70,51.20
2026-03-12 02:35:06,19.70,51.10
2026-03-12 02:36:06,19.70,51.10
2026-03-12 02:37:06,19.80,51.10
2026-03-12 02:38:06,19.70,51.20
2026-03-12 02:39:06,19.70,51.20
2026-03-12 02:40:06,19.70,51.20
2026-03-12 02:41:06,19.70,51.20
2026-03-12 02:42:06,19.70,51.20
2026-03-12 02:43:06,19.70,51.30
2026-03-12 02:44:06,19.70,51.20
2026-03-12 02:45:06,19.60,51.30
2026-03-12 02:46:06,19.70,51.30
2026-03-12 02:47:06,19.60,51.20
2026-03-12 02:48:06,19.60,51.30
2026-03-12 02:49:06,19.70,51.40
2026-03-12 02:50:06,19.60,51.40
2026-03-12 02:51:06,19.60,51.40
2026-03-12 02:52:06,19.60,51.50
2026-03-12 02:53:06,19.60,51.50
2026-03-12 02:54:06,19.50,51.60
2026-03-12 02:55:06,19.60,51.50
2026-03-12 02:56:06,19.60,51.50
2026-03-12 02:57:06,19.60,51.50
2026-03-12 02:58:06,19.60,51.70
2026-03-12 02:59:06,19.60,51.60
2026-03-12 03:00:06,19.60,51.60
2026-03-12 03:01:06,19.60,51.50
2026-03-12 03:02:06,19.60,51.40
2026-03-12 03:03:06,19.50,51.60
2026-03-12 03:04:06,19.50,51.70
2026-03-12 03:05:06,19.60,51.70
2026-03-12 03:06:06,19.60,51.70
2026-03-12 03:07:06,19.50,51.90
2026-03-12 03:08:06,19.60,51.80
2026-03-12 03:09:06,19.60,51.80
2026-03-12 03:10:06,19.60,51.70
2026-03-12 03:11:06,19.50,51.90
2026-03-12 03:12:06,19.60,51.70
2026-03-12 03:13:06,19.50,51.80
2026-03-12 03:14:06,19.50,51.80
2026-03-12 03:15:06,19.50,51.90
2026-03-12 03:16:06,19.50,51.80
2026-03-12 03:17:06,19.50,52.00
2026-03-12 03:18:06,19.50,52.00
2026-03-12 03:19:06,19.50,51.90
2026-03-12 03:20:06,19.60,51.80
2026-03-12 03:21:06,19.50,52.00
2026-03-12 03:22:06,19.50,52.20
2026-03-12 03:23:06,19.60,52.00
2026-03-12 03:24:06,19.50,52.30
2026-03-12 03:25:06,19.50,52.00
2026-03-12 03:26:06,19.50,52.00
2026-03-12 03:27:06,19.50,52.10
2026-03-12 03:28:06,19.50,52.20
2026-03-12 03:29:06,19.50,52.10
2026-03-12 03:30:06,19.60,52.10
2026-03-12 03:31:06,19.50,52.20
2026-03-12 03:32:06,19.50,52.40
2026-03-12 03:33:06,19.50,52.20
2026-03-12 03:34:06,19.40,52.20
2026-03-12 03:35:06,19.50,52.20
2026-03-12 03:36:06,19.50,52.30
2026-03-12 03:37:06,19.50,52.30
2026-03-12 03:38:06,19.50,52.20
2026-03-12 03:39:06,19.50,52.20
2026-03-12 03:40:06,19.50,52.10
2026-03-12 03:41:06,19.50,52.20
2026-03-12 03:42:06,19.50,52.10
2026-03-12 03:43:06,19.40,52.20
2026-03-12 03:44:06,19.40,52.10
2026-03-12 03:45:06,19.40,52.20
2026-03-12 03:46:06,19.40,52.20
2026-03-12 03:47:06,19.30,52.20
2026-03-12 03:48:06,19.40,52.30
2026-03-12 03:49:06,19.40,52.30
2026-03-12 03:50:06,19.40,52.40
2026-03-12 03:51:06,19.40,52.40
2026-03-12 03:52:06,19.30,52.40
2026-03-12 03:53:06,19.40,52.40
2026-03-12 03:54:06,19.30,52.30
2026-03-12 03:55:06,19.30,52.40
2026-03-12 03:56:06,19.40,52.40
2026-03-12 03:57:06,19.30,52.30
2026-03-12 03:58:06,19.40,52.40
2026-03-12 03:59:06,19.40,52.50
2026-03-12 04:00:06,19.40,52.60
2026-03-12 04:01:06,19.40,52.70
2026-03-12 04:02:06,19.50,52.70
2026-03-12 04:03:06,19.40,52.50
2026-03-12 04:04:06,19.40,52.20
2026-03-12 04:05:06,19.40,52.20
2026-03-12 04:06:06,19.40,52.20
2026-03-12 04:07:06,19.40,52.10
2026-03-12 04:08:06,19.30,52.20
2026-03-12 04:09:06,19.30,52.20
2026-03-12 04:10:06,19.30,52.20
2026-03-12 04:11:06,19.30,52.20
2026-03-12 04:12:06,19.30,52.20
2026-03-12 04:13:06,19.30,52.20
2026-03-12 04:14:06,19.30,52.30
2026-03-12 04:15:06,19.30,52.30
2026-03-12 04:16:06,19.30,52.40
2026-03-12 04:17:06,19.30,52.30
2026-03-12 04:18:06,19.30,52.20
2026-03-12 04:19:06,19.30,52.30
2026-03-12 04:20:06,19.30,52.20
2026-03-12 04:21:06,19.30,52.20
2026-03-12 04:22:06,19.30,52.20
2026-03-12 04:23:06,19.30,52.20
2026-03-12 04:24:06,19.30,52.30
2026-03-12 04:25:06,19.30,52.30
2026-03-12 04:26:06,19.30,52.30
2026-03-12 04:27:06,19.20,52.40
2026-03-12 04:28:06,19.30,52.40
2026-03-12 04:29:06,19.30,52.50
2026-03-12 04:30:06,19.30,52.50
2026-03-12 04:31:06,19.40,52.60
2026-03-12 04:32:06,19.30,52.60
2026-03-12 04:33:06,19.40,52.70
2026-03-12 04:34:06,19.40,52.60
2026-03-12 04:35:06,19.40,52.70
2026-03-12 04:36:06,19.40,52.70
2026-03-12 04:37:06,19.30,52.40
2026-03-12 04:38:06,19.30,52.40
2026-03-12 04:39:06,19.30,52.40
2026-03-12 04:40:06,19.30,52.60
2026-03-12 04:41:06,19.30,52.50
2026-03-12 04:42:06,19.30,52.60
2026-03-12 04:43:06,19.30,52.60
2026-03-12 04:44:06,19.30,52.60
2026-03-12 04:45:06,19.30,52.60
2026-03-12 04:46:06,19.20,52.70
2026-03-12 04:47:06,19.30,52.70
2026-03-12 04:48:06,19.30,52.70
2026-03-12 04:49:06,19.30,52.70
2026-03-12 04:50:06,19.40,52.70
2026-03-12 04:51:06,19.30,52.80
2026-03-12 04:52:06,19.40,52.80
2026-03-12 04:53:06,19.30,52.80
2026-03-12 04:54:06,19.30,52.80
2026-03-12 04:55:06,19.40,52.90
2026-03-12 04:56:06,19.40,52.90
2026-03-12 04:57:06,19.30,52.90
2026-03-12 04:58:06,19.40,52.90
2026-03-12 04:59:06,19.30,52.80
2026-03-12 05:00:06,19.30,52.70
2026-03-12 05:01:06,19.30,52.70
2026-03-12 05:02:06,19.30,52.80
2026-03-12 05:03:06,19.30,52.80
2026-03-12 05:04:06,19.30,52.80
2026-03-12 05:05:06,19.30,52.90
2026-03-12 05:06:06,19.40,52.80
2026-03-12 05:07:06,19.30,52.90
2026-03-12 05:08:06,19.30,53.00
2026-03-12 05:09:06,19.30,53.00
2026-03-12 05:10:06,19.30,53.00
2026-03-12 05:11:06,19.30,53.00
2026-03-12 05:12:06,19.30,53.00
2026-03-12 05:13:06,19.30,53.10
2026-03-12 05:14:06,19.30,53.10
2026-03-12 05:15:06,19.30,53.10
2026-03-12 05:16:06,19.30,53.00
2026-03-12 05:17:06,19.30,53.00
2026-03-12 05:18:06,19.30,52.90
2026-03-12 05:19:06,19.30,53.10
2026-03-12 05:20:06,19.20,53.10
2026-03-12 05:21:06,19.30,53.20
2026-03-12 05:22:06,19.30,53.30
2026-03-12 05:23:06,19.30,53.40
2026-03-12 05:24:06,19.30,53.40
2026-03-12 05:25:06,19.30,53.40
2026-03-12 05:26:06,19.30,53.30
2026-03-12 05:27:06,19.30,53.30
2026-03-12 05:28:06,19.30,53.30
2026-03-12 05:29:06,19.30,53.30
2026-03-12 05:30:06,19.30,53.40
2026-03-12 05:31:06,19.30,53.30
2026-03-12 05:32:06,19.30,53.30
2026-03-12 05:33:06,19.30,53.30
2026-03-12 05:34:06,19.30,53.30
2026-03-12 05:35:06,19.30,53.30
2026-03-12 05:36:06,19.30,53.20
2026-03-12 05:37:06,19.30,53.30
2026-03-12 05:38:06,19.30,53.30
2026-03-12 05:39:06,19.30,53.30
2026-03-12 05:40:06,19.30,53.30
2026-03-12 05:41:06,19.30,53.40
2026-03-12 05:42:06,19.30,53.40
2026-03-12 05:43:06,19.30,53.40
2026-03-12 05:44:06,19.30,53.40
2026-03-12 05:45:06,19.30,53.40
2026-03-12 05:46:06,19.30,53.40
2026-03-12 05:47:06,19.30,53.40
2026-03-12 05:48:06,19.30,53.40
2026-03-12 05:49:06,19.30,53.30
2026-03-12 05:50:06,19.30,53.40
2026-03-12 05:51:06,19.30,53.30
2026-03-12 05:52:06,19.30,53.40
2026-03-12 05:53:06,19.30,53.50
2026-03-12 05:54:06,19.30,53.40
2026-03-12 05:55:06,19.30,53.40
2026-03-12 05:56:06,19.30,53.40
2026-03-12 05:57:06,19.20,53.40
2026-03-12 05:58:06,19.30,53.30
2026-03-12 05:59:06,19.30,53.20
2026-03-12 06:00:06,19.30,53.30
2026-03-12 06:01:06,19.30,53.30
2026-03-12 06:02:06,19.30,53.40
2026-03-12 06:03:06,19.30,53.40
2026-03-12 06:04:06,19.30,53.40
2026-03-12 06:05:06,19.30,53.40
2026-03-12 06:06:06,19.30,53.30
2026-03-12 06:07:06,19.30,53.30
2026-03-12 06:08:06,19.30,53.40
2026-03-12 06:09:06,19.20,53.60
2026-03-12 06:10:06,19.30,53.40
2026-03-12 06:11:06,19.30,53.40
2026-03-12 06:12:06,19.30,53.30
2026-03-12 06:13:06,19.30,53.30
2026-03-12 06:14:06,19.20,53.40
2026-03-12 06:15:06,19.30,53.30
2026-03-12 06:16:06,19.30,53.30
2026-03-12 06:17:06,19.20,53.40
2026-03-12 06:18:06,19.30,53.20
2026-03-12 06:19:06,19.30,53.20
2026-03-12 06:20:06,19.30,53.30
2026-03-12 06:21:06,19.30,53.50
2026-03-12 06:22:06,19.30,53.60
2026-03-12 06:23:06,19.30,53.70
2026-03-12 06:24:06,19.30,53.70
2026-03-12 06:25:06,19.30,53.80
2026-03-12 06:26:06,19.30,53.80
2026-03-12 06:27:06,19.30,53.80
2026-03-12 06:28:06,19.30,53.70
2026-03-12 06:29:06,19.30,53.70
2026-03-12 06:30:06,19.30,53.70
2026-03-12 06:31:06,19.20,53.80
2026-03-12 06:32:06,19.20,53.80
2026-03-12 06:33:06,19.30,53.60
2026-03-12 06:34:06,19.20,53.70
2026-03-12 06:35:06,19.30,53.80
2026-03-12 06:36:06,19.20,54.10
2026-03-12 06:37:06,19.20,54.20
2026-03-12 06:38:06,19.30,54.20
2026-03-12 06:39:06,19.20,54.40
2026-03-12 06:40:06,19.30,54.30
2026-03-12 06:41:06,19.30,54.30
2026-03-12 06:42:06,19.30,54.40
2026-03-12 06:43:06,19.20,54.50
2026-03-12 06:44:06,19.20,54.50
2026-03-12 06:45:06,19.30,54.30
2026-03-12 06:46:06,19.30,54.30
2026-03-12 06:47:06,19.20,54.40
2026-03-12 06:48:06,19.30,54.40
2026-03-12 06:49:06,19.20,54.50
2026-03-12 06:50:06,19.30,54.40
2026-03-12 06:51:06,19.30,54.30
2026-03-12 06:52:06,19.30,54.30
2026-03-12 06:53:06,19.30,54.30
2026-03-12 06:54:06,19.20,54.50
2026-03-12 06:55:06,19.30,54.40
2026-03-12 06:56:06,19.30,54.50
2026-03-12 06:57:06,19.30,54.50
2026-03-12 06:58:06,19.30,54.60
2026-03-12 06:59:06,19.30,54.60
2026-03-12 07:00:06,19.20,54.70
2026-03-12 07:01:06,19.30,54.60
2026-03-12 07:02:06,19.30,54.70
2026-03-12 07:03:06,19.20,54.80
2026-03-12 07:04:06,19.30,54.70
2026-03-12 07:05:06,19.20,54.90
2026-03-12 07:06:06,19.20,55.10
2026-03-12 07:07:06,19.20,55.20
2026-03-12 07:08:06,19.20,55.20
2026-03-12 07:09:06,19.20,55.20
2026-03-12 07:10:06,19.30,54.80
2026-03-12 07:11:06,19.30,54.70
2026-03-12 07:12:06,19.30,54.70
2026-03-12 07:13:06,19.20,55.10
2026-03-12 07:14:06,19.20,54.80
2026-03-12 07:15:06,19.20,54.70
2026-03-12 07:16:06,19.20,54.70
2026-03-12 07:17:06,19.20,54.80
2026-03-12 07:18:06,19.10,54.90
2026-03-12 07:19:06,19.20,55.10
2026-03-12 07:20:06,19.20,55.00
2026-03-12 07:21:06,19.30,54.90
2026-03-12 07:22:06,19.20,55.00
2026-03-12 07:23:06,19.20,55.00
2026-03-12 07:24:06,19.10,54.90
2026-03-12 07:25:06,19.10,54.90
2026-03-12 07:26:06,19.20,55.10
2026-03-12 07:27:06,19.20,55.20
2026-03-12 07:28:06,19.20,55.30
2026-03-12 07:29:06,19.20,55.30
2026-03-12 07:30:06,19.20,55.40
2026-03-12 07:31:06,19.20,55.50
2026-03-12 07:32:06,19.20,55.60
2026-03-12 07:33:06,19.20,56.60
2026-03-12 07:34:06,19.20,56.40
2026-03-12 07:35:06,19.20,56.60
2026-03-12 07:36:06,19.30,56.30
2026-03-12 07:37:06,19.10,56.50
2026-03-12 07:38:06,19.20,56.00
2026-03-12 07:39:06,19.20,56.70
2026-03-12 07:40:06,19.10,56.90
2026-03-12 07:41:06,19.10,57.00
2026-03-12 07:42:06,19.10,56.80
2026-03-12 07:43:06,19.20,56.80
2026-03-12 07:44:06,19.20,56.70
2026-03-12 07:45:06,19.30,56.50
2026-03-12 07:46:06,19.20,56.40
2026-03-12 07:47:06,19.20,55.70
2026-03-12 07:48:06,19.10,55.40
2026-03-12 07:49:06,19.10,55.20
2026-03-12 07:50:06,19.10,55.20
2026-03-12 07:51:06,19.10,55.20
2026-03-12 07:52:06,19.00,55.10
2026-03-12 07:53:06,19.00,55.30
2026-03-12 07:54:06,19.00,55.30
2026-03-12 07:55:06,19.10,55.10
2026-03-12 07:56:06,19.00,54.90
2026-03-12 07:57:06,19.00,54.80
2026-03-12 07:58:06,19.00,55.20
2026-03-12 07:59:06,19.00,55.30
2026-03-12 08:00:06,19.00,55.50
2026-03-12 08:01:06,19.00,55.50
2026-03-12 08:02:06,19.00,55.60
2026-03-12 08:03:06,19.00,55.70
2026-03-12 08:04:06,19.00,55.80
2026-03-12 08:05:06,19.00,56.00
2026-03-12 08:06:06,19.00,56.20
2026-03-12 08:07:06,19.00,56.30
2026-03-12 08:08:06,19.00,56.40
2026-03-12 08:09:06,19.00,56.70
2026-03-12 08:10:06,19.00,56.80
2026-03-12 08:11:06,19.00,56.90
2026-03-12 08:12:06,19.00,56.90
2026-03-12 08:13:06,19.00,56.90
2026-03-12 08:14:06,19.00,56.90
2026-03-12 08:15:06,18.90,57.10
2026-03-12 08:16:06,19.00,57.20
2026-03-12 08:17:06,19.00,57.10
2026-03-12 08:18:06,19.00,56.80
2026-03-12 08:19:06,19.00,56.60
2026-03-12 08:20:06,19.00,56.50
2026-03-12 08:21:06,19.00,56.20
2026-03-12 08:22:06,19.00,56.50
2026-03-12 08:23:06,18.90,56.50
2026-03-12 08:24:06,19.00,57.10
2026-03-12 08:25:06,18.90,57.20
2026-03-12 08:26:06,19.00,57.10
2026-03-12 08:27:06,19.00,56.90
2026-03-12 08:28:06,18.90,56.70
2026-03-12 08:29:06,18.90,56.50
2026-03-12 08:30:06,19.00,56.40
2026-03-12 08:31:06,18.90,56.30
2026-03-12 08:32:06,18.90,56.30
2026-03-12 08:33:06,18.90,56.30
2026-03-12 08:34:06,18.90,56.30
2026-03-12 08:35:06,18.90,56.40
2026-03-12 08:36:06,18.90,56.50
2026-03-12 08:37:06,18.90,56.80
2026-03-12 08:38:06,18.80,57.20
2026-03-12 08:39:06,18.70,57.50
2026-03-12 08:40:06,18.80,57.40
2026-03-12 08:41:06,18.80,57.50
2026-03-12 08:42:06,18.70,57.40
2026-03-12 08:43:06,18.70,57.50
2026-03-12 08:44:06,18.70,57.40
2026-03-12 08:45:06,18.60,57.30
2026-03-12 08:46:06,18.60,57.10
2026-03-12 08:47:06,18.60,56.90
2026-03-12 08:48:06,18.50,56.80
2026-03-12 08:49:06,18.50,56.60
2026-03-12 08:50:06,18.50,56.50
2026-03-12 08:51:06,18.60,56.30
2026-03-12 08:52:06,18.70,55.70
2026-03-12 08:53:06,18.60,55.60
2026-03-12 08:54:06,18.70,55.60
2026-03-12 08:55:06,18.80,55.50
2026-03-12 08:56:06,18.80,55.50
2026-03-12 08:57:06,18.80,55.60
2026-03-12 08:58:06,18.90,55.70
2026-03-12 08:59:06,18.90,55.70
2026-03-12 09:00:06,18.90,55.70
2026-03-12 09:01:06,18.90,55.70
2026-03-12 09:02:06,18.90,55.70
2026-03-12 09:03:06,18.90,55.70
2026-03-12 09:04:06,18.90,55.80
2026-03-12 09:05:06,18.90,55.70
2026-03-12 09:06:06,18.90,55.90
2026-03-12 09:07:06,18.90,55.90
2026-03-12 09:08:06,18.90,55.80
2026-03-12 09:09:06,18.90,55.80
2026-03-12 09:10:06,18.90,55.80
2026-03-12 09:11:06,18.90,55.90
2026-03-12 09:12:06,18.90,56.00
2026-03-12 09:13:06,18.90,56.40
2026-03-12 09:14:06,18.90,56.60
2026-03-12 09:15:06,18.90,56.70
2026-03-12 09:16:06,18.90,56.70
2026-03-12 09:17:06,18.90,56.80
2026-03-12 09:18:06,18.90,56.80
2026-03-12 09:19:06,18.90,56.90
2026-03-12 09:20:06,18.90,57.00
2026-03-12 09:21:06,18.90,57.00
2026-03-12 09:22:06,18.90,57.00
2026-03-12 09:23:06,18.90,57.00
2026-03-12 09:24:06,18.80,57.00
2026-03-12 09:25:06,18.90,57.20
2026-03-12 09:26:06,18.90,57.20
2026-03-12 09:27:06,18.90,57.20
2026-03-12 09:28:06,18.90,57.00
2026-03-12 09:29:06,19.00,57.00
2026-03-12 09:30:06,18.90,57.00
2026-03-12 09:31:06,18.90,57.00
2026-03-12 09:32:06,18.90,57.00
2026-03-12 09:33:06,19.00,57.00
2026-03-12 09:34:06,19.00,57.00
2026-03-12 09:35:06,18.90,57.00
2026-03-12 09:36:06,19.00,57.00
2026-03-12 09:37:06,18.90,57.10
2026-03-12 09:38:06,18.90,57.00
2026-03-12 09:39:06,19.00,57.20
2026-03-12 09:40:06,18.90,57.20
2026-03-12 09:41:06,19.00,57.30
2026-03-12 09:42:06,19.00,57.30
2026-03-12 09:43:06,18.90,57.20
2026-03-12 09:44:06,19.00,57.20
2026-03-12 09:45:06,19.00,57.00
2026-03-12 09:46:06,19.00,57.00
2026-03-12 09:47:06,19.00,57.00
2026-03-12 09:48:06,19.00,57.10
2026-03-12 09:49:06,19.00,57.00
2026-03-12 09:50:06,19.00,57.00
2026-03-12 09:51:06,19.00,56.90
2026-03-12 09:52:06,19.00,57.00
2026-03-12 09:53:06,19.00,57.00
2026-03-12 09:54:06,18.90,56.90
2026-03-12 09:55:06,18.90,56.80
2026-03-12 09:56:06,19.00,56.60
2026-03-12 09:57:06,19.00,56.40
2026-03-12 09:58:06,19.00,56.40
2026-03-12 09:59:06,19.00,56.40
2026-03-12 10:00:06,18.90,56.30
2026-03-12 10:01:06,18.90,56.40
2026-03-12 10:02:06,18.90,56.40
2026-03-12 10:03:06,18.90,56.40
2026-03-12 10:04:06,19.00,56.20
2026-03-12 10:05:06,19.00,56.20
2026-03-12 10:06:06,19.00,56.20
2026-03-12 10:07:06,18.90,56.00
2026-03-12 10:08:06,19.00,56.20
2026-03-12 10:09:06,18.90,56.10
2026-03-12 10:10:06,19.00,56.00
2026-03-12 10:11:06,19.00,56.00
2026-03-12 10:12:06,19.00,56.10
2026-03-12 10:13:06,18.90,55.90
2026-03-12 10:14:06,19.00,56.10
2026-03-12 10:15:06,18.90,56.00
2026-03-12 10:16:06,18.90,56.10
2026-03-12 10:17:06,18.90,56.20
2026-03-12 10:18:06,18.90,56.10
2026-03-12 10:19:06,18.90,56.20
2026-03-12 10:20:06,19.00,56.20
2026-03-12 10:21:06,19.00,56.30
2026-03-12 10:22:06,19.00,56.30
2026-03-12 10:23:06,19.00,56.30
2026-03-12 10:24:06,19.00,56.50
2026-03-12 10:25:06,19.00,56.50
2026-03-12 10:26:06,19.00,57.00
2026-03-12 10:27:06,18.90,57.30
2026-03-12 10:28:06,18.80,57.40
2026-03-12 10:29:06,18.90,57.40
2026-03-12 10:30:06,18.90,57.40
2026-03-12 10:31:06,18.90,57.30
2026-03-12 10:32:06,18.80,57.20
2026-03-12 10:33:06,18.90,57.00
2026-03-12 10:34:06,18.90,56.90
2026-03-12 10:35:06,18.90,56.90
2026-03-12 10:36:06,18.90,56.80
2026-03-12 10:37:06,19.00,56.80
2026-03-12 10:38:06,19.00,56.80
2026-03-12 10:39:06,18.90,56.80
2026-03-12 10:40:06,18.90,56.80
2026-03-12 10:41:06,18.90,56.90
2026-03-12 10:42:06,18.90,56.90
2026-03-12 10:43:06,19.00,56.90
2026-03-12 10:44:06,19.00,56.90
2026-03-12 10:45:06,19.00,56.90
2026-03-12 10:46:06,18.90,57.00
2026-03-12 10:47:06,19.00,57.10
2026-03-12 10:48:06,18.90,57.20
2026-03-12 10:49:06,18.90,57.20
2026-03-12 10:50:06,18.90,57.20
2026-03-12 10:51:06,18.90,57.30
2026-03-12 10:52:06,18.90,57.30
2026-03-12 10:53:06,18.90,57.40
2026-03-12 10:54:06,18.90,57.40
2026-03-12 10:55:06,18.90,57.50
2026-03-12 10:56:06,18.80,57.50
2026-03-12 10:57:06,18.90,57.50
2026-03-12 10:58:06,18.90,57.60
2026-03-12 10:59:06,18.90,57.60
2026-03-12 11:00:06,18.90,57.70
2026-03-12 11:01:06,18.90,57.70
2026-03-12 11:02:06,18.90,57.70
2026-03-12 11:03:06,18.90,57.70
2026-03-12 11:04:06,18.90,57.70
2026-03-12 11:05:06,18.90,57.70
2026-03-12 11:06:06,18.90,57.70
2026-03-12 11:07:06,18.90,57.70
2026-03-12 11:08:06,18.90,57.70
2026-03-12 11:09:06,18.90,57.80
2026-03-12 11:10:06,18.90,57.90
2026-03-12 11:11:06,18.90,57.90
2026-03-12 11:12:06,19.00,58.00
2026-03-12 11:13:06,18.90,58.20
2026-03-12 11:14:06,18.90,58.30
2026-03-12 11:15:06,18.90,58.50
2026-03-12 11:16:06,18.90,58.50
2026-03-12 11:17:06,18.90,58.50
2026-03-12 11:18:06,19.00,58.30
2026-03-12 11:19:06,18.90,58.50
2026-03-12 11:20:06,18.90,58.50
2026-03-12 11:21:06,19.00,58.70
2026-03-12 11:22:06,18.90,58.70
2026-03-12 11:23:06,18.90,58.80
2026-03-12 11:24:06,18.90,59.10
2026-03-12 11:25:06,18.90,59.10
2026-03-12 11:26:06,18.90,59.10
2026-03-12 11:27:06,19.00,59.20
2026-03-12 11:28:06,18.90,59.30
2026-03-12 11:29:06,18.90,59.30
2026-03-12 11:30:06,18.90,59.40
2026-03-12 11:31:06,18.90,59.20
2026-03-12 11:32:06,18.90,59.30
2026-03-12 11:33:06,18.90,59.50
2026-03-12 11:34:06,18.90,59.30
2026-03-12 11:35:06,18.90,59.40
2026-03-12 11:36:06,18.90,59.20
2026-03-12 11:37:06,18.90,59.20
2026-03-12 11:38:06,18.90,59.10
2026-03-12 11:39:06,18.90,59.10
2026-03-12 11:40:06,18.90,59.10
2026-03-12 11:41:06,18.90,59.10
2026-03-12 11:42:06,18.90,59.10
2026-03-12 11:43:06,18.90,59.50
2026-03-12 11:44:06,18.90,59.60
2026-03-12 11:45:06,18.90,59.30
2026-03-12 11:46:06,18.90,59.30
2026-03-12 11:47:06,19.00,59.10
2026-03-12 11:48:06,18.90,59.00
2026-03-12 11:49:06,18.90,59.00
2026-03-12 11:50:06,18.90,59.10
2026-03-12 11:51:06,18.90,59.10
2026-03-12 11:52:06,18.90,59.10
2026-03-12 11:53:06,18.90,59.10
2026-03-12 11:54:06,18.90,59.20
2026-03-12 11:55:06,18.90,59.20
2026-03-12 11:56:06,18.90,59.30
2026-03-12 11:57:06,18.90,59.00
2026-03-12 11:58:06,18.90,59.00
2026-03-12 11:59:06,18.90,59.00
2026-03-12 12:00:06,18.90,58.90
2026-03-12 12:01:06,18.90,58.80
2026-03-12 12:02:06,18.90,58.70
2026-03-12 12:03:06,18.90,58.70
2026-03-12 12:04:06,18.90,58.70
2026-03-12 12:05:06,18.90,58.90
2026-03-12 12:06:06,18.90,58.90
2026-03-12 12:07:06,18.90,59.00
2026-03-12 12:08:06,19.00,58.90
2026-03-12 12:09:06,18.90,58.90
2026-03-12 12:10:06,19.00,58.90
2026-03-12 12:11:06,19.00,58.50
2026-03-12 12:12:06,19.00,58.50
2026-03-12 12:13:06,18.90,58.30
2026-03-12 12:14:06,18.90,58.50
2026-03-12 12:15:06,18.90,58.60
2026-03-12 12:16:06,18.90,58.60
2026-03-12 12:17:06,18.90,58.60
2026-03-12 12:18:06,18.90,58.50
2026-03-12 12:19:06,18.90,58.70
2026-03-12 12:20:06,18.90,58.70
2026-03-12 12:21:06,18.90,59.00
2026-03-12 12:22:06,18.90,59.00
2026-03-12 12:23:06,18.90,59.10
2026-03-12 12:24:06,18.90,59.30
2026-03-12 12:25:06,18.90,59.30
2026-03-12 12:26:06,18.90,58.90
2026-03-12 12:27:06,18.90,59.10
2026-03-12 12:28:06,18.90,59.20
2026-03-12 12:29:06,18.90,59.20
2026-03-12 12:30:06,18.90,59.20
2026-03-12 12:31:06,18.90,59.20
2026-03-12 12:32:06,18.90,59.40
2026-03-12 12:33:06,18.90,59.60
2026-03-12 12:34:06,18.90,60.00
2026-03-12 12:35:06,18.90,60.20
2026-03-12 12:36:06,18.80,60.30
2026-03-12 12:37:06,18.90,59.80
2026-03-12 12:38:06,18.90,60.00
2026-03-12 12:39:06,18.90,59.30
2026-03-12 12:40:06,18.90,59.60
2026-03-12 12:41:06,18.90,59.50
2026-03-12 12:42:06,18.90,59.80
2026-03-12 12:43:06,18.90,59.50
2026-03-12 12:44:06,18.90,59.30
2026-03-12 12:45:06,18.90,59.50
2026-03-12 12:46:06,18.90,59.50
2026-03-12 12:47:06,18.90,59.10
2026-03-12 12:48:06,18.90,59.30
2026-03-12 12:49:06,18.80,59.50
2026-03-12 12:50:06,18.90,59.70
2026-03-12 12:51:06,18.90,59.30
2026-03-12 12:52:06,18.90,58.70
2026-03-12 12:53:06,18.90,58.80
2026-03-12 12:54:06,18.90,58.80
2026-03-12 12:55:06,18.90,58.50
2026-03-12 12:56:06,18.90,58.40
2026-03-12 12:57:06,18.90,58.20
2026-03-12 12:58:06,18.90,58.50
2026-03-12 12:59:06,18.90,58.70
2026-03-12 13:00:06,18.90,58.50
2026-03-12 13:01:06,18.90,58.40
2026-03-12 13:02:06,18.80,58.30
2026-03-12 13:03:06,18.90,58.30
2026-03-12 13:04:06,18.90,58.40
2026-03-12 13:05:06,18.90,58.50
2026-03-12 13:06:06,18.80,58.30
2026-03-12 13:07:06,18.90,58.30
2026-03-12 13:08:06,18.90,58.20
2026-03-12 13:09:06,18.90,58.20
2026-03-12 13:10:06,18.80,58.50
2026-03-12 13:11:06,18.90,58.50
2026-03-12 13:12:06,18.80,58.70
2026-03-12 13:13:06,18.80,58.70
2026-03-12 13:14:06,18.90,58.70
2026-03-12 13:15:06,18.90,58.40
2026-03-12 13:16:06,18.80,58.00
2026-03-12 13:17:06,18.80,58.20
2026-03-12 13:18:06,18.90,58.30
2026-03-12 13:19:06,18.90,58.20
2026-03-12 13:20:06,18.90,58.10
2026-03-12 13:21:06,18.90,58.20
2026-03-12 13:22:06,18.90,58.40
2026-03-12 13:23:06,18.90,58.30
2026-03-12 13:24:06,18.90,58.20
2026-03-12 13:25:06,18.90,58.00
2026-03-12 13:26:06,18.90,57.80
2026-03-12 13:27:06,18.90,57.90
2026-03-12 13:28:06,18.90,57.70
2026-03-12 13:29:06,18.90,57.60
2026-03-12 13:30:06,18.80,57.70
2026-03-12 13:31:06,18.90,57.80
2026-03-12 13:32:06,18.90,57.60
2026-03-12 13:33:06,18.90,57.30
2026-03-12 13:34:06,18.90,57.60
2026-03-12 13:35:06,18.80,57.40
2026-03-12 13:36:06,18.90,57.30
2026-03-12 13:37:06,18.90,57.20
2026-03-12 13:38:06,18.90,57.20
2026-03-12 13:39:06,18.80,57.20
2026-03-12 13:40:06,18.90,57.40
2026-03-12 13:41:06,18.90,57.60
2026-03-12 13:42:06,18.90,57.40
2026-03-12 13:43:06,18.90,57.70
2026-03-12 13:44:06,18.90,58.30
2026-03-12 13:45:06,18.90,57.70
2026-03-12 13:46:06,18.90,57.70
2026-03-12 13:47:06,18.90,57.20
2026-03-12 13:48:06,18.90,57.40
2026-03-12 13:49:06,18.90,57.50
2026-03-12 13:50:06,19.00,57.30
2026-03-12 13:51:06,18.90,57.60
2026-03-12 13:52:06,18.90,57.20
2026-03-12 13:53:06,18.90,57.20
2026-03-12 13:54:06,18.90,57.10
2026-03-12 13:55:06,18.90,57.00
2026-03-12 13:56:06,18.90,57.20
2026-03-12 13:57:06,18.90,57.40
2026-03-12 13:58:06,19.00,57.10
2026-03-12 13:59:06,18.90,57.30
2026-03-12 14:00:06,18.90,57.70
2026-03-12 14:01:06,18.90,57.70
2026-03-12 14:02:06,18.90,57.30
2026-03-12 14:03:06,18.90,57.40
2026-03-12 14:04:06,18.90,57.30
2026-03-12 14:05:06,18.90,57.20
2026-03-12 14:06:06,18.90,57.20
2026-03-12 14:07:06,18.90,57.20
2026-03-12 14:08:06,18.90,57.00
2026-03-12 14:09:06,18.90,56.80
2026-03-12 14:10:06,18.90,56.80
2026-03-12 14:11:06,18.90,56.80
2026-03-12 14:12:06,18.90,56.80
2026-03-12 14:13:06,18.90,56.80
2026-03-12 14:14:06,18.80,56.70
2026-03-12 14:15:06,18.90,56.70
2026-03-12 14:16:06,18.80,56.30
2026-03-12 14:17:06,18.90,56.40
2026-03-12 14:18:06,18.90,56.50
2026-03-12 14:19:06,18.90,56.50
2026-03-12 14:20:06,18.90,56.40
2026-03-12 14:21:06,18.80,56.20
2026-03-12 14:22:06,18.60,56.20
2026-03-12 14:23:06,18.70,56.30
2026-03-12 14:24:06,18.70,56.10
2026-03-12 14:25:06,18.80,55.90
2026-03-12 14:26:06,18.80,55.80
2026-03-12 14:27:06,18.70,55.80
2026-03-12 14:28:06,18.70,55.80
2026-03-12 14:29:06,18.70,55.80
2026-03-12 14:30:06,18.60,55.60
2026-03-12 14:31:06,18.70,55.80
2026-03-12 14:32:06,18.70,55.80
2026-03-12 14:33:06,18.80,55.50
2026-03-12 14:34:06,18.80,55.40
2026-03-12 14:35:06,18.80,55.20
2026-03-12 14:36:06,18.90,55.20
2026-03-12 14:37:06,18.80,55.00
2026-03-12 14:38:06,18.90,55.00
2026-03-12 14:39:06,18.80,55.20
2026-03-12 14:40:06,18.90,55.20
2026-03-12 14:41:06,18.80,55.10
2026-03-12 14:42:06,18.90,55.20
2026-03-12 14:43:06,18.80,55.30
2026-03-12 14:44:06,18.90,55.30
2026-03-12 14:45:06,18.90,55.20
2026-03-12 14:46:06,18.80,55.10
2026-03-12 14:47:06,18.80,55.10
2026-03-12 14:48:06,18.90,55.10
2026-03-12 14:49:06,18.80,55.10
2026-03-12 14:50:06,18.70,55.30
2026-03-12 14:51:06,18.90,55.20
2026-03-12 14:52:06,18.70,55.20
2026-03-12 14:53:06,18.70,55.30
2026-03-12 14:54:06,18.80,55.10
2026-03-12 14:55:06,18.80,55.00
2026-03-12 14:56:06,18.70,55.10
2026-03-12 14:57:06,18.60,55.60
2026-03-12 14:58:06,18.60,55.50
2026-03-12 14:59:06,18.60,55.50
2026-03-12 15:00:06,18.50,55.70
2026-03-12 15:01:06,18.60,55.50
2026-03-12 15:02:06,18.50,55.60
2026-03-12 15:03:06,18.50,55.60
2026-03-12 15:04:06,18.50,55.60
2026-03-12 15:05:06,18.50,55.70
2026-03-12 15:06:06,18.60,55.60
2026-03-12 15:07:06,18.70,55.50
2026-03-12 15:08:06,18.70,55.40
2026-03-12 15:09:06,18.70,55.40
2026-03-12 15:10:06,18.80,55.20
2026-03-12 15:11:06,18.70,55.40
2026-03-12 15:12:06,18.70,55.40
2026-03-12 15:13:06,18.70,55.30
2026-03-12 15:14:06,18.80,55.10
2026-03-12 15:15:06,18.80,55.10
2026-03-12 15:16:06,18.70,55.10
2026-03-12 15:17:06,18.70,55.30
2026-03-12 15:18:06,18.60,55.00
2026-03-12 15:19:06,18.50,55.20
2026-03-12 15:20:06,18.30,55.10
2026-03-12 15:21:06,18.20,55.20
2026-03-12 15:22:06,18.20,55.00
2026-03-12 15:23:06,18.10,55.10
2026-03-12 15:24:06,18.30,55.00
2026-03-12 15:25:06,18.20,54.90
2026-03-12 15:26:06,18.20,55.00
2026-03-12 15:27:06,18.30,54.90
2026-03-12 15:28:06,18.40,54.90
2026-03-12 15:29:06,18.50,54.90
2026-03-12 15:30:06,18.40,54.70
2026-03-12 15:31:06,18.30,54.80
2026-03-12 15:32:06,18.30,55.00
2026-03-12 15:33:06,18.40,54.90
2026-03-12 15:34:06,18.50,55.00
2026-03-12 15:35:06,18.40,55.00
2026-03-12 15:36:06,18.40,55.00
2026-03-12 15:37:06,18.40,55.10
2026-03-12 15:38:06,18.40,55.00
2026-03-12 15:39:06,18.40,55.00
2026-03-12 15:40:06,18.40,55.10
2026-03-12 15:41:06,18.40,55.20
2026-03-12 15:42:06,18.40,55.20
2026-03-12 15:43:06,18.30,55.30
2026-03-12 15:44:06,18.20,55.50
2026-03-12 15:45:06,18.10,55.60
2026-03-12 15:46:06,18.20,55.70
2026-03-12 15:47:06,18.20,55.60
2026-03-12 15:48:06,18.10,55.70
2026-03-12 15:49:06,18.20,55.70
2026-03-12 15:50:06,18.30,55.60
2026-03-12 15:51:06,18.40,55.50
2026-03-12 15:52:06,18.50,55.40
2026-03-12 15:53:06,18.50,55.40
2026-03-12 15:54:06,18.50,55.40
2026-03-12 15:55:06,18.50,55.50
2026-03-12 15:56:06,18.50,55.50
2026-03-12 15:57:06,18.50,55.60
2026-03-12 15:58:06,18.50,55.60
2026-03-12 15:59:06,18.50,55.70
2026-03-12 16:00:06,18.40,55.80
2026-03-12 16:01:06,18.50,55.80
2026-03-12 16:02:06,18.40,55.80
2026-03-12 16:03:06,18.40,56.00
2026-03-12 16:04:06,18.30,56.10
2026-03-12 16:05:06,18.20,56.30
2026-03-12 16:06:06,18.00,56.30
2026-03-12 16:07:06,17.90,56.30
2026-03-12 16:08:06,17.90,56.20
2026-03-12 16:09:06,18.00,56.20
2026-03-12 16:10:06,17.90,56.30
2026-03-12 16:11:06,17.90,56.30
2026-03-12 16:12:06,18.00,56.30
2026-03-12 16:13:06,18.00,56.20
2026-03-12 16:14:06,18.00,56.20
2026-03-12 16:15:06,18.00,56.10
2026-03-12 16:16:06,18.10,56.00
2026-03-12 16:17:06,18.10,56.10
2026-03-12 16:18:06,18.20,56.00
2026-03-12 16:19:06,18.00,56.20
2026-03-12 16:20:06,18.00,56.30
2026-03-12 16:21:06,18.00,56.30
2026-03-12 16:22:06,18.00,56.40
2026-03-12 16:23:06,18.10,56.30
2026-03-12 16:24:06,18.10,56.20
2026-03-12 16:25:06,18.20,56.20
2026-03-12 16:26:06,18.20,56.20
2026-03-12 16:27:06,18.30,56.00
2026-03-12 16:28:06,18.20,56.30
2026-03-12 16:29:06,18.00,56.70
2026-03-12 16:30:06,18.00,56.80
2026-03-12 16:31:06,18.00,56.90
2026-03-12 16:32:06,18.10,56.80
2026-03-12 16:33:06,18.20,56.80
2026-03-12 16:34:06,18.30,56.50
2026-03-12 16:35:06,18.30,56.60
2026-03-12 16:36:06,18.40,56.50
2026-03-12 16:37:06,18.40,56.40
2026-03-12 16:38:06,18.40,56.50
2026-03-12 16:39:06,18.40,56.50
2026-03-12 16:40:06,18.30,56.60
2026-03-12 16:41:06,18.20,56.80
2026-03-12 16:42:06,18.20,56.70
2026-03-12 16:43:06,18.40,56.60
2026-03-12 16:44:06,18.30,56.60
2026-03-12 16:45:06,18.20,56.80
2026-03-12 16:46:06,18.30,56.80
2026-03-12 16:47:06,18.40,56.70
2026-03-12 16:48:06,18.30,56.70
2026-03-12 16:49:06,18.40,56.70
2026-03-12 16:50:06,18.40,56.50
2026-03-12 16:51:06,18.40,56.50
2026-03-12 16:52:06,18.40,56.50
2026-03-12 16:53:06,18.40,56.50
2026-03-12 16:54:06,18.40,56.50
2026-03-12 16:55:06,18.40,56.60
2026-03-12 16:56:06,18.40,56.60
2026-03-12 16:57:06,18.20,56.50
2026-03-12 16:58:06,18.20,56.60
2026-03-12 16:59:06,18.20,56.70
2026-03-12 17:00:06,18.20,56.70
2026-03-12 17:01:06,18.10,56.80
2026-03-12 17:02:06,18.20,56.80
2026-03-12 17:03:06,18.20,56.70
2026-03-12 17:04:06,18.30,56.70
2026-03-12 17:05:06,18.20,56.90
2026-03-12 17:06:06,18.30,56.80
2026-03-12 17:07:06,18.30,56.90
2026-03-12 17:08:06,18.30,56.80
2026-03-12 17:09:06,18.40,56.70
2026-03-12 17:10:06,18.40,56.70
2026-03-12 17:11:06,18.40,56.70
2026-03-12 17:12:06,18.40,56.70
2026-03-12 17:13:06,18.40,56.70
2026-03-12 17:14:06,18.40,56.70
2026-03-12 17:15:06,18.40,56.60
2026-03-12 17:16:06,18.50,56.70
2026-03-12 17:17:06,18.50,56.60
2026-03-12 17:18:06,18.50,56.60
2026-03-12 17:19:06,18.50,56.70
2026-03-12 17:20:06,18.60,56.60
2026-03-12 17:21:06,18.60,56.60
2026-03-12 17:22:06,18.50,56.60
2026-03-12 17:23:06,18.50,56.60
2026-03-12 17:24:06,18.50,56.70
2026-03-12 17:25:06,18.50,56.60
2026-03-12 17:26:06,18.50,56.60
2026-03-12 17:27:06,18.40,56.80
2026-03-12 17:28:06,18.40,56.90
2026-03-12 17:29:06,18.50,56.80
2026-03-12 17:30:06,18.50,56.70
2026-03-12 17:31:06,18.40,56.70
2026-03-12 17:32:06,18.40,56.60
2026-03-12 17:33:06,18.50,56.50
2026-03-12 17:34:06,18.40,56.70
2026-03-12 17:35:06,18.50,56.60
2026-03-12 17:36:06,18.40,56.70
2026-03-12 17:37:06,18.40,56.70
2026-03-12 17:38:06,18.40,56.60
2026-03-12 17:39:06,18.40,56.50
2026-03-12 17:40:06,18.40,56.60
2026-03-12 17:41:06,18.50,56.60
2026-03-12 17:42:06,18.40,56.60
2026-03-12 17:43:06,18.50,56.60
2026-03-12 17:44:06,18.50,56.60
2026-03-12 17:45:06,18.40,56.60
2026-03-12 17:46:06,18.50,56.70
2026-03-12 17:47:06,18.40,56.60
2026-03-12 17:48:06,18.40,56.70
2026-03-12 17:49:06,18.40,56.60
2026-03-12 17:50:06,18.40,56.70
2026-03-12 17:51:06,18.40,56.70
2026-03-12 17:52:06,18.40,56.70
2026-03-12 17:53:06,18.40,56.80
2026-03-12 17:54:06,18.40,56.80
2026-03-12 17:55:06,18.40,56.70
2026-03-12 17:56:06,18.40,56.70
2026-03-12 17:57:06,18.40,56.70
2026-03-12 17:58:06,18.40,56.70
2026-03-12 17:59:06,18.40,56.70
2026-03-12 18:00:06,18.30,56.70
2026-03-12 18:01:06,18.30,56.80
2026-03-12 18:02:06,18.30,56.80
2026-03-12 18:03:06,18.40,56.80
2026-03-12 18:04:06,18.40,56.80
2026-03-12 18:05:06,18.40,56.70
2026-03-12 18:06:06,18.50,56.70
2026-03-12 18:07:06,18.40,56.60
2026-03-12 18:08:06,18.40,56.70
2026-03-12 18:09:06,18.40,56.70
2026-03-12 18:10:06,18.30,56.70
2026-03-12 18:11:06,18.20,56.90
2026-03-12 18:12:06,18.40,56.70
2026-03-12 18:13:06,18.40,56.70
2026-03-12 18:14:06,18.40,56.70
2026-03-12 18:15:06,18.40,56.70
2026-03-12 18:16:06,18.50,56.60
2026-03-12 18:17:06,18.40,56.60
2026-03-12 18:18:06,18.40,56.70
2026-03-12 18:19:06,18.30,56.80
2026-03-12 18:20:06,18.20,57.10
2026-03-12 18:21:06,18.20,57.00
2026-03-12 18:22:06,18.40,56.80
2026-03-12 18:23:06,18.40,56.90
2026-03-12 18:24:06,18.30,57.00
2026-03-12 18:25:06,18.40,57.00
2026-03-12 18:26:06,18.50,56.80
2026-03-12 18:27:06,18.40,56.80
2026-03-12 18:28:06,18.50,56.80
2026-03-12 18:29:06,18.50,56.90
2026-03-12 18:30:06,18.40,56.90
2026-03-12 18:31:06,18.40,57.00
2026-03-12 18:32:06,18.40,57.00
2026-03-12 18:33:06,18.40,57.10
2026-03-12 18:34:06,18.40,57.10
2026-03-12 18:35:06,18.40,57.10
2026-03-12 18:36:06,18.40,57.10
2026-03-12 18:37:06,18.40,57.00
2026-03-12 18:38:06,18.40,57.10
2026-03-12 18:39:06,18.30,57.10
2026-03-12 18:40:06,18.40,57.10
2026-03-12 18:41:06,18.40,57.10
2026-03-12 18:42:06,18.40,57.10
2026-03-12 18:43:06,18.40,57.10
2026-03-12 18:44:06,18.40,57.10
2026-03-12 18:45:06,18.40,57.10
2026-03-12 18:46:06,18.40,57.10
2026-03-12 18:47:06,18.50,57.00
2026-03-12 18:48:06,18.40,57.00
2026-03-12 18:49:06,18.40,57.10
2026-03-12 18:50:06,18.20,57.30
2026-03-12 18:51:06,18.20,57.50
2026-03-12 18:52:06,18.20,57.50
2026-03-12 18:53:06,18.30,57.40
2026-03-12 18:54:06,18.20,57.40
2026-03-12 18:55:06,18.20,57.30
2026-03-12 18:56:06,18.20,57.30
2026-03-12 18:57:06,18.20,57.30
2026-03-12 18:58:06,18.30,57.20
2026-03-12 18:59:06,18.30,57.00
2026-03-12 19:00:06,18.20,57.10
2026-03-12 19:01:06,18.20,57.10
2026-03-12 19:02:06,18.40,57.00
2026-03-12 19:03:06,18.30,56.90
2026-03-12 19:04:06,18.20,57.00
2026-03-12 19:05:06,18.30,57.00
2026-03-12 19:06:06,18.30,56.80
2026-03-12 19:07:06,18.30,56.90
2026-03-12 19:08:06,18.20,57.00
2026-03-12 19:09:06,18.30,56.80
2026-03-12 19:10:06,18.20,57.00
2026-03-12 19:11:06,18.20,57.00
2026-03-12 19:12:06,18.10,57.00
2026-03-12 19:13:06,18.00,57.30
2026-03-12 19:14:06,18.10,57.10
2026-03-12 19:15:06,18.10,57.10
2026-03-12 19:16:06,18.00,57.10
2026-03-12 19:17:06,18.20,57.00
2026-03-12 19:18:06,18.10,57.00
2026-03-12 19:19:06,18.10,56.90
2026-03-12 19:20:06,18.20,56.90
2026-03-12 19:21:06,18.20,56.90
2026-03-12 19:22:06,18.10,56.90
2026-03-12 19:23:06,18.10,57.00
2026-03-12 19:24:06,18.10,57.10
2026-03-12 19:25:06,18.10,57.10
2026-03-12 19:26:06,18.10,57.10
2026-03-12 19:27:06,18.20,57.00
2026-03-12 19:28:06,18.00,57.20
2026-03-12 19:29:06,18.00,57.40
2026-03-12 19:30:06,18.00,57.40
2026-03-12 19:31:06,18.00,57.30
2026-03-12 19:32:06,18.10,57.20
2026-03-12 19:33:06,18.10,57.10
2026-03-12 19:34:06,18.20,57.10
2026-03-12 19:35:06,18.20,57.00
2026-03-12 19:36:06,18.20,57.00
2026-03-12 19:37:06,18.20,56.90
2026-03-12 19:38:06,18.30,56.90
2026-03-12 19:39:06,18.40,56.90
2026-03-12 19:40:06,18.40,56.80
2026-03-12 19:41:06,18.30,56.80
2026-03-12 19:42:06,18.20,57.10
2026-03-12 19:43:06,18.30,57.10
2026-03-12 19:44:06,18.30,57.00
2026-03-12 19:45:06,18.20,57.10
2026-03-12 19:46:06,18.40,56.80
2026-03-12 19:47:06,18.40,57.10
2026-03-12 19:48:06,18.40,57.00
2026-03-12 19:49:06,18.50,57.00
2026-03-12 19:50:06,18.40,57.00
2026-03-12 19:51:06,18.40,56.90
2026-03-12 19:52:06,18.50,56.90
2026-03-12 19:53:06,18.40,56.80
2026-03-12 19:54:06,18.50,56.80
2026-03-12 19:55:06,18.40,56.60
2026-03-12 19:56:06,18.40,56.50
2026-03-12 19:57:06,18.40,56.70
2026-03-12 19:58:06,18.40,57.00
2026-03-12 19:59:06,18.40,57.00
2026-03-12 20:00:06,18.30,57.00
2026-03-12 20:01:06,18.20,57.20
2026-03-12 20:02:06,18.40,56.90
2026-03-12 20:03:06,18.30,57.00
2026-03-12 20:04:06,18.40,57.00
2026-03-12 20:05:06,18.30,56.90
2026-03-12 20:06:06,18.30,57.00
2026-03-12 20:07:06,18.20,57.20
2026-03-12 20:08:06,18.30,57.20
2026-03-12 20:09:06,18.30,57.10
2026-03-12 20:10:06,18.40,57.10
2026-03-12 20:11:06,18.40,57.00
2026-03-12 20:12:06,18.40,56.90
2026-03-12 20:13:06,18.50,57.20
2026-03-12 20:14:06,18.50,57.30
2026-03-12 20:15:06,18.60,57.30
2026-03-12 20:16:06,18.60,57.20
2026-03-12 20:17:06,18.60,57.10
2026-03-12 20:18:06,18.70,57.90
2026-03-12 20:19:06,18.70,57.60
2026-03-12 20:20:06,18.70,57.60
2026-03-12 20:21:06,18.80,57.50
2026-03-12 20:22:06,18.80,58.90
2026-03-12 20:23:06,18.80,58.50
2026-03-12 20:24:06,18.80,58.00
2026-03-12 20:25:06,18.90,57.90
2026-03-12 20:26:06,18.90,58.00
2026-03-12 20:27:06,19.00,57.80
2026-03-12 20:28:06,18.90,57.70
2026-03-12 20:29:06,19.00,57.60
2026-03-12 20:30:06,19.50,57.30
2026-03-12 20:31:06,19.70,56.60
2026-03-12 20:32:06,19.50,56.60
2026-03-12 20:33:06,19.40,56.80
2026-03-12 20:34:06,19.30,57.10
2026-03-12 20:35:06,19.20,57.30
2026-03-12 20:36:06,19.10,57.10
2026-03-12 20:37:06,19.10,57.30
2026-03-12 20:38:06,19.10,57.30
2026-03-12 20:39:06,19.10,57.40
2026-03-12 20:40:06,19.10,57.50
2026-03-12 20:41:06,19.10,57.60
2026-03-12 20:42:06,19.10,57.60
2026-03-12 20:43:06,19.10,57.60
2026-03-12 20:44:06,19.10,57.40
2026-03-12 20:45:06,19.10,57.30
2026-03-12 20:46:06,19.10,57.40
2026-03-12 20:47:06,19.10,57.30
2026-03-12 20:48:06,19.00,57.30
2026-03-12 20:49:06,19.10,57.30
2026-03-12 20:50:06,19.00,57.20
2026-03-12 20:51:06,19.00,57.40
2026-03-12 20:52:06,19.10,57.30
2026-03-12 20:53:06,19.10,57.40
2026-03-12 20:54:06,19.10,57.40
2026-03-12 20:55:06,19.10,57.20
2026-03-12 20:56:06,19.10,57.10
2026-03-12 20:57:06,19.10,57.30
2026-03-12 20:58:06,19.10,57.10
2026-03-12 20:59:06,19.10,57.10
2026-03-12 21:00:06,19.10,57.10
2026-03-12 21:01:06,19.10,56.90
2026-03-12 21:02:06,19.10,56.90
2026-03-12 21:03:06,19.00,56.90
2026-03-12 21:04:06,19.00,56.90
2026-03-12 21:05:06,19.00,57.00
2026-03-12 21:06:06,19.00,57.00
2026-03-12 21:07:06,19.00,57.20
2026-03-12 21:08:06,19.10,56.90
2026-03-12 21:09:06,19.00,56.90
2026-03-12 21:10:06,19.10,57.10
2026-03-12 21:11:06,19.00,58.10
2026-03-12 21:12:06,19.10,57.70
2026-03-12 21:13:06,19.10,57.50
2026-03-12 21:14:06,19.10,57.40
2026-03-12 21:15:06,19.10,57.40
2026-03-12 21:16:06,19.20,57.30
2026-03-12 21:17:06,19.20,57.30
2026-03-12 21:18:06,19.30,57.20
2026-03-12 21:19:06,19.20,57.10
2026-03-12 21:20:06,19.10,57.10
2026-03-12 21:21:06,19.10,57.10
2026-03-12 21:22:06,19.10,57.20
2026-03-12 21:23:06,19.10,57.30
2026-03-12 21:24:06,19.20,57.30
2026-03-12 21:25:06,19.20,57.10
2026-03-12 21:26:06,19.20,57.20
2026-03-12 21:27:06,19.20,57.20
2026-03-12 21:28:06,19.20,57.30
2026-03-12 21:29:06,19.30,57.20
2026-03-12 21:30:06,19.30,57.40
2026-03-12 21:31:06,19.30,57.20
2026-03-12 21:32:06,19.20,56.80
2026-03-12 21:33:06,19.10,56.20
2026-03-12 21:34:06,19.00,56.70
2026-03-12 21:35:06,19.00,56.80
2026-03-12 21:36:06,19.00,56.60
2026-03-12 21:37:06,19.00,56.80
2026-03-12 21:38:06,18.90,56.60
2026-03-12 21:39:06,18.90,56.80
2026-03-12 21:40:06,18.90,56.80
2026-03-12 21:41:06,19.00,56.80
2026-03-12 21:42:06,19.00,57.00
2026-03-12 21:43:06,19.00,57.10
2026-03-12 21:44:06,19.10,56.90
2026-03-12 21:45:06,19.10,57.00
2026-03-12 21:46:06,19.20,57.10
2026-03-12 21:47:06,19.20,56.90
2026-03-12 21:48:06,19.20,56.90
2026-03-12 21:49:06,19.20,56.90
2026-03-12 21:50:06,19.30,56.80
2026-03-12 21:51:06,19.20,57.10
2026-03-12 21:52:06,19.30,56.90
2026-03-12 21:53:06,19.30,57.00
2026-03-12 21:54:06,19.30,57.00
2026-03-12 21:55:06,19.40,57.00
2026-03-12 21:56:06,19.40,57.00
2026-03-12 21:57:06,19.40,56.80
2026-03-12 21:58:06,19.40,56.90
2026-03-12 21:59:06,19.40,56.90
2026-03-12 22:00:06,19.40,56.90
2026-03-12 22:01:06,19.40,57.00
2026-03-12 22:02:06,19.30,57.10
2026-03-12 22:03:06,19.30,57.10